[0.000000] (-) TimerEvent: {}
[0.000834] (motion_planner) JobQueued: {'identifier': 'motion_planner', 'dependencies': OrderedDict()}
[0.000885] (umv_msgs) JobQueued: {'identifier': 'umv_msgs', 'dependencies': OrderedDict()}
[0.000922] (utils) JobQueued: {'identifier': 'utils', 'dependencies': OrderedDict()}
[0.000952] (global_path) JobQueued: {'identifier': 'global_path', 'dependencies': OrderedDict([('umv_msgs', '/home/vdcl/Desktop/larr_project/umv_control/install/umv_msgs')])}
[0.000985] (host_vehicle_filter) JobQueued: {'identifier': 'host_vehicle_filter', 'dependencies': OrderedDict([('umv_msgs', '/home/vdcl/Desktop/larr_project/umv_control/install/umv_msgs')])}
[0.001017] (lower_controller) JobQueued: {'identifier': 'lower_controller', 'dependencies': OrderedDict([('umv_msgs', '/home/vdcl/Desktop/larr_project/umv_control/install/umv_msgs')])}
[0.001047] (mppi) JobQueued: {'identifier': 'mppi', 'dependencies': OrderedDict([('umv_msgs', '/home/vdcl/Desktop/larr_project/umv_control/install/umv_msgs')])}
[0.001077] (umv_msgs) JobStarted: {'identifier': 'umv_msgs'}
[0.022778] (motion_planner) JobStarted: {'identifier': 'motion_planner'}
[0.045082] (utils) JobStarted: {'identifier': 'utils'}
[0.050819] (umv_msgs) JobProgress: {'identifier': 'umv_msgs', 'progress': 'cmake'}
[0.054536] (umv_msgs) JobProgress: {'identifier': 'umv_msgs', 'progress': 'build'}
[0.055168] (umv_msgs) Command: {'cmd': ['/usr/bin/cmake', '--build', '/home/vdcl/Desktop/larr_project/umv_control/build/umv_msgs', '--', '-j8', '-l8'], 'cwd': '/home/vdcl/Desktop/larr_project/umv_control/build/umv_msgs', 'env': OrderedDict([('GJS_DEBUG_TOPICS', 'JS ERROR;JS LOG'), ('LESSOPEN', '| /usr/bin/lesspipe %s'), ('LANGUAGE', 'ko:en'), ('USER', 'vdcl'), ('LC_TIME', 'ko_KR.UTF-8'), ('XDG_SESSION_TYPE', 'x11'), ('SHLVL', '1'), ('LD_LIBRARY_PATH', '/usr/local/cuda-12.2/lib64:/home/vdcl/Desktop/larr_project/umv_control/install/umv_msgs/lib:/home/vdcl/Desktop/larr_project/AirSim/ros2/install/airsim_ros_pkgs/lib:/home/vdcl/Desktop/larr_project/AirSim/ros2/install/airsim_interfaces/lib:/opt/ros/humble/opt/rviz_ogre_vendor/lib:/opt/ros/humble/lib/x86_64-linux-gnu:/opt/ros/humble/lib'), ('HOME', '/home/vdcl'), ('OLDPWD', '/home/vdcl/Desktop/larr_project'), ('DESKTOP_SESSION', 'ubuntu'), ('GIO_LAUNCHED_DESKTOP_FILE', '/usr/share/applications/terminator.desktop'), ('ROS_PYTHON_VERSION', '3'), ('GNOME_SHELL_SESSION_MODE', 'ubuntu'), ('GTK_MODULES', 'gail:atk-bridge'), ('LC_MONETARY', 'ko_KR.UTF-8'), ('MANAGERPID', '978'), ('SYSTEMD_EXEC_PID', '1361'), ('DBUS_SESSION_BUS_ADDRESS', 'unix:path=/run/user/1000/bus'), ('COLORTERM', 'truecolor'), ('TERMINATOR_DBUS_NAME', 'net.tenshu.Terminator21a9d5db22c73a993ff0b42f64b396873'), ('GIO_LAUNCHED_DESKTOP_FILE_PID', '24393'), ('COLCON_PREFIX_PATH', '/home/vdcl/Desktop/larr_project/AirSim/ros2/install:/home/vdcl/Desktop/larr_project/umv_control/install'), ('ROS_DISTRO', 'humble'), ('GTK_IM_MODULE', 'ibus'), ('LOGNAME', 'vdcl'), ('JOURNAL_STREAM', '8:11605'), ('_', '/usr/bin/colcon'), ('ROS_VERSION', '2'), ('XDG_SESSION_CLASS', 'user'), ('USERNAME', 'vdcl'), ('TERM', 'xterm-256color'), ('GNOME_DESKTOP_SESSION_ID', 'this-is-deprecated'), ('ROS_LOCALHOST_ONLY', '0'), ('WINDOWPATH', '2'), ('PATH', '/usr/local/cuda-12.2/bin:/opt/ros/humble/bin:/home/vdcl/.local/bin:/usr/local/sbin:/usr/local/bin:/usr/sbin:/usr/bin:/sbin:/bin:/usr/games:/usr/local/games:/snap/bin:/snap/bin:/opt/ros/humble/include'), ('SESSION_MANAGER', 'local/vdcl-desktop:@/tmp/.ICE-unix/1333,unix/vdcl-desktop:/tmp/.ICE-unix/1333'), ('INVOCATION_ID', 'ea4816cbe17b4520bd1073f27b7823cc'), ('PAPERSIZE', 'a4'), ('XDG_MENU_PREFIX', 'gnome-'), ('LC_ADDRESS', 'ko_KR.UTF-8'), ('XDG_RUNTIME_DIR', '/run/user/1000'), ('DISPLAY', ':0'), ('TERMINATOR_DBUS_PATH', '/net/tenshu/Terminator2'), ('LANG', 'ko_KR.UTF-8'), ('XDG_CURRENT_DESKTOP', 'ubuntu:GNOME'), ('IBUS_DISABLE_SNOOPER', '1'), ('LC_TELEPHONE', 'ko_KR.UTF-8'), ('XMODIFIERS', '@im=ibus'), ('XDG_SESSION_DESKTOP', 'ubuntu'), ('XAUTHORITY', '/run/user/1000/gdm/Xauthority'), ('LS_COLORS', 'rs=0:di=01;34:ln=01;36:mh=00:pi=40;33:so=01;35:do=01;35:bd=40;33;01:cd=40;33;01:or=40;31;01:mi=00:su=37;41:sg=30;43:ca=30;41:tw=30;42:ow=34;42:st=37;44:ex=01;32:*.tar=01;31:*.tgz=01;31:*.arc=01;31:*.arj=01;31:*.taz=01;31:*.lha=01;31:*.lz4=01;31:*.lzh=01;31:*.lzma=01;31:*.tlz=01;31:*.txz=01;31:*.tzo=01;31:*.t7z=01;31:*.zip=01;31:*.z=01;31:*.dz=01;31:*.gz=01;31:*.lrz=01;31:*.lz=01;31:*.lzo=01;31:*.xz=01;31:*.zst=01;31:*.tzst=01;31:*.bz2=01;31:*.bz=01;31:*.tbz=01;31:*.tbz2=01;31:*.tz=01;31:*.deb=01;31:*.rpm=01;31:*.jar=01;31:*.war=01;31:*.ear=01;31:*.sar=01;31:*.rar=01;31:*.alz=01;31:*.ace=01;31:*.zoo=01;31:*.cpio=01;31:*.7z=01;31:*.rz=01;31:*.cab=01;31:*.wim=01;31:*.swm=01;31:*.dwm=01;31:*.esd=01;31:*.jpg=01;35:*.jpeg=01;35:*.mjpg=01;35:*.mjpeg=01;35:*.gif=01;35:*.bmp=01;35:*.pbm=01;35:*.pgm=01;35:*.ppm=01;35:*.tga=01;35:*.xbm=01;35:*.xpm=01;35:*.tif=01;35:*.tiff=01;35:*.png=01;35:*.svg=01;35:*.svgz=01;35:*.mng=01;35:*.pcx=01;35:*.mov=01;35:*.mpg=01;35:*.mpeg=01;35:*.m2v=01;35:*.mkv=01;35:*.webm=01;35:*.webp=01;35:*.ogm=01;35:*.mp4=01;35:*.m4v=01;35:*.mp4v=01;35:*.vob=01;35:*.qt=01;35:*.nuv=01;35:*.wmv=01;35:*.asf=01;35:*.rm=01;35:*.rmvb=01;35:*.flc=01;35:*.avi=01;35:*.fli=01;35:*.flv=01;35:*.gl=01;35:*.dl=01;35:*.xcf=01;35:*.xwd=01;35:*.yuv=01;35:*.cgm=01;35:*.emf=01;35:*.ogv=01;35:*.ogx=01;35:*.aac=00;36:*.au=00;36:*.flac=00;36:*.m4a=00;36:*.mid=00;36:*.midi=00;36:*.mka=00;36:*.mp3=00;36:*.mpc=00;36:*.ogg=00;36:*.ra=00;36:*.wav=00;36:*.oga=00;36:*.opus=00;36:*.spx=00;36:*.xspf=00;36:'), ('SSH_AGENT_LAUNCHER', 'gnome-keyring'), ('SSH_AUTH_SOCK', '/run/user/1000/keyring/ssh'), ('AMENT_PREFIX_PATH', '/home/vdcl/Desktop/larr_project/umv_control/install/utils:/home/vdcl/Desktop/larr_project/umv_control/install/mppi:/home/vdcl/Desktop/larr_project/umv_control/install/lower_controller:/home/vdcl/Desktop/larr_project/umv_control/install/host_vehicle_filter:/home/vdcl/Desktop/larr_project/umv_control/install/global_path:/home/vdcl/Desktop/larr_project/umv_control/install/umv_msgs:/home/vdcl/Desktop/larr_project/umv_control/install/motion_planner:/home/vdcl/Desktop/larr_project/AirSim/ros2/install/airsim_ros_pkgs:/home/vdcl/Desktop/larr_project/AirSim/ros2/install/airsim_interfaces:/opt/ros/humble'), ('SHELL', '/bin/bash'), ('LC_NAME', 'ko_KR.UTF-8'), ('TERMINATOR_UUID', 'urn:uuid:f3d36416-adb8-4798-9676-5e5ca94879f2'), ('QT_ACCESSIBILITY', '1'), ('GDMSESSION', 'ubuntu'), ('LESSCLOSE', '/usr/bin/lesspipe %s %s'), ('LC_MEASUREMENT', 'ko_KR.UTF-8'), ('GPG_AGENT_INFO', '/run/user/1000/gnupg/S.gpg-agent:0:1'), ('GJS_DEBUG_OUTPUT', 'stderr'), ('LC_IDENTIFICATION', 'ko_KR.UTF-8'), ('QT_IM_MODULE', 'ibus'), ('PWD', '/home/vdcl/Desktop/larr_project/umv_control/build/umv_msgs'), ('LC_ALL', 'en_US.UTF-8'), ('XDG_CONFIG_DIRS', '/etc/xdg/xdg-ubuntu:/etc/xdg'), ('XDG_DATA_DIRS', '/usr/share/ubuntu:/usr/share/gnome:/usr/local/share/:/usr/share/:/var/lib/snapd/desktop'), ('PYTHONPATH', '/home/vdcl/Desktop/larr_project/umv_control/install/utils/lib/python3.10/site-packages:/home/vdcl/Desktop/larr_project/umv_control/install/lower_controller/lib/python3.10/site-packages:/home/vdcl/Desktop/larr_project/umv_control/install/host_vehicle_filter/lib/python3.10/site-packages:/home/vdcl/Desktop/larr_project/umv_control/install/global_path/lib/python3.10/site-packages:/home/vdcl/Desktop/larr_project/umv_control/install/umv_msgs/local/lib/python3.10/dist-packages:/home/vdcl/Desktop/larr_project/umv_control/install/motion_planner/lib/python3.10/site-packages:/home/vdcl/Desktop/larr_project/AirSim/ros2/install/airsim_interfaces/local/lib/python3.10/dist-packages:/opt/ros/humble/lib/python3.10/site-packages:/opt/ros/humble/local/lib/python3.10/dist-packages'), ('LC_NUMERIC', 'ko_KR.UTF-8'), ('LC_PAPER', 'ko_KR.UTF-8'), ('COLCON', '1'), ('VTE_VERSION', '6800'), ('CMAKE_PREFIX_PATH', '/home/vdcl/Desktop/larr_project/umv_control/install/mppi:/home/vdcl/Desktop/larr_project/umv_control/install/umv_msgs:/home/vdcl/Desktop/larr_project/AirSim/ros2/install/airsim_ros_pkgs:/home/vdcl/Desktop/larr_project/AirSim/ros2/install/airsim_interfaces:/home/vdcl/Desktop/larr_project/umv_control/install/utils:/home/vdcl/Desktop/larr_project/umv_control/install/lower_controller:/home/vdcl/Desktop/larr_project/umv_control/install/host_vehicle_filter:/home/vdcl/Desktop/larr_project/umv_control/install/global_path:/home/vdcl/Desktop/larr_project/umv_control/install/motion_planner:/opt/ros/humble')]), 'shell': False}
[0.100019] (-) TimerEvent: {}
[0.200257] (-) TimerEvent: {}
[0.300469] (-) TimerEvent: {}
[0.391400] (umv_msgs) StdoutLine: {'line': b'[  1%] Built target umv_msgs__cpp\n'}
[0.400558] (-) TimerEvent: {}
[0.420619] (umv_msgs) StdoutLine: {'line': b'[  1%] Built target ament_cmake_python_copy_umv_msgs\n'}
[0.439943] (umv_msgs) StdoutLine: {'line': b'[ 12%] Built target umv_msgs__rosidl_generator_c\n'}
[0.455430] (umv_msgs) StdoutLine: {'line': b'[ 14%] \x1b[32mBuilding CXX object CMakeFiles/umv_msgs__rosidl_typesupport_cpp.dir/rosidl_typesupport_cpp/umv_msgs/msg/local_ref_path__type_support.cpp.o\x1b[0m\n'}
[0.455662] (umv_msgs) StdoutLine: {'line': b'[ 15%] \x1b[32mBuilding CXX object CMakeFiles/umv_msgs__rosidl_typesupport_cpp.dir/rosidl_typesupport_cpp/umv_msgs/msg/host_vehicle_filter__type_support.cpp.o\x1b[0m\n'}
[0.455800] (umv_msgs) StdoutLine: {'line': b'[ 19%] \x1b[32mBuilding CXX object CMakeFiles/umv_msgs__rosidl_typesupport_introspection_cpp.dir/rosidl_typesupport_introspection_cpp/umv_msgs/msg/detail/host_vehicle_filter__type_support.cpp.o\x1b[0m\n'}
[0.455931] (umv_msgs) StdoutLine: {'line': b'[ 19%] \x1b[32mBuilding CXX object CMakeFiles/umv_msgs__rosidl_typesupport_fastrtps_cpp.dir/rosidl_typesupport_fastrtps_cpp/umv_msgs/msg/detail/dds_fastrtps/local_ref_path__type_support.cpp.o\x1b[0m\n'}
[0.456110] (umv_msgs) StdoutLine: {'line': b'[ 22%] \x1b[32mBuilding CXX object CMakeFiles/umv_msgs__rosidl_typesupport_introspection_cpp.dir/rosidl_typesupport_introspection_cpp/umv_msgs/msg/detail/local_ref_path__type_support.cpp.o\x1b[0m\n'}
[0.456332] (umv_msgs) StdoutLine: {'line': b'[ 22%] \x1b[32mBuilding CXX object CMakeFiles/umv_msgs__rosidl_typesupport_cpp.dir/rosidl_typesupport_cpp/umv_msgs/msg/acu_cmd__type_support.cpp.o\x1b[0m\n'}
[0.500642] (-) TimerEvent: {}
[0.600891] (-) TimerEvent: {}
[0.688789] (umv_msgs) StdoutLine: {'line': b'[ 23%] \x1b[32mBuilding CXX object CMakeFiles/umv_msgs__rosidl_typesupport_fastrtps_c.dir/rosidl_typesupport_fastrtps_c/umv_msgs/msg/detail/local_ref_path__type_support_c.cpp.o\x1b[0m\n'}
[0.700988] (-) TimerEvent: {}
[0.801326] (-) TimerEvent: {}
[1.201461] (umv_msgs) StdoutLine: {'line': b'running egg_info\n'}
[1.201661] (-) TimerEvent: {}
[1.202329] (umv_msgs) StdoutLine: {'line': b'writing umv_msgs.egg-info/PKG-INFO\n'}
[1.202609] (umv_msgs) StdoutLine: {'line': b'writing dependency_links to umv_msgs.egg-info/dependency_links.txt\n'}
[1.203089] (umv_msgs) StdoutLine: {'line': b'writing top-level names to umv_msgs.egg-info/top_level.txt\n'}
[1.210358] (umv_msgs) StdoutLine: {'line': b"reading manifest file 'umv_msgs.egg-info/SOURCES.txt'\n"}
[1.217556] (umv_msgs) StdoutLine: {'line': b"writing manifest file 'umv_msgs.egg-info/SOURCES.txt'\n"}
[1.249042] (umv_msgs) StdoutLine: {'line': b'[ 23%] Built target ament_cmake_python_build_umv_msgs_egg\n'}
[1.262131] (umv_msgs) StdoutLine: {'line': b'[ 25%] \x1b[32mBuilding CXX object CMakeFiles/umv_msgs__rosidl_typesupport_fastrtps_c.dir/rosidl_typesupport_fastrtps_c/umv_msgs/msg/detail/host_vehicle_filter__type_support_c.cpp.o\x1b[0m\n'}
[1.301761] (-) TimerEvent: {}
[1.402191] (-) TimerEvent: {}
[1.502516] (-) TimerEvent: {}
[1.604216] (-) TimerEvent: {}
[1.704828] (-) TimerEvent: {}
[1.805229] (-) TimerEvent: {}
[1.846314] (umv_msgs) StdoutLine: {'line': b'[ 26%] \x1b[32mBuilding CXX object CMakeFiles/umv_msgs__rosidl_typesupport_fastrtps_cpp.dir/rosidl_typesupport_fastrtps_cpp/umv_msgs/msg/detail/dds_fastrtps/host_vehicle_filter__type_support.cpp.o\x1b[0m\n'}
[1.879500] (umv_msgs) StdoutLine: {'line': b'[ 28%] \x1b[32mBuilding CXX object CMakeFiles/umv_msgs__rosidl_typesupport_cpp.dir/rosidl_typesupport_cpp/umv_msgs/msg/global_path__type_support.cpp.o\x1b[0m\n'}
[1.908022] (-) TimerEvent: {}
[1.938289] (umv_msgs) StdoutLine: {'line': b'[ 39%] Built target umv_msgs__rosidl_typesupport_introspection_c\n'}
[1.961124] (umv_msgs) StdoutLine: {'line': b'[ 41%] \x1b[32mBuilding CXX object CMakeFiles/umv_msgs__rosidl_typesupport_fastrtps_cpp.dir/rosidl_typesupport_fastrtps_cpp/umv_msgs/msg/detail/dds_fastrtps/acu_cmd__type_support.cpp.o\x1b[0m\n'}
[2.008122] (-) TimerEvent: {}
[2.050243] (umv_msgs) StdoutLine: {'line': b'[ 42%] \x1b[32mBuilding CXX object CMakeFiles/umv_msgs__rosidl_typesupport_introspection_cpp.dir/rosidl_typesupport_introspection_cpp/umv_msgs/msg/detail/acu_cmd__type_support.cpp.o\x1b[0m\n'}
[2.072939] (umv_msgs) StdoutLine: {'line': b'[ 44%] \x1b[32mBuilding CXX object CMakeFiles/umv_msgs__rosidl_typesupport_introspection_cpp.dir/rosidl_typesupport_introspection_cpp/umv_msgs/msg/detail/global_path__type_support.cpp.o\x1b[0m\n'}
[2.073174] (umv_msgs) StdoutLine: {'line': b'[ 46%] \x1b[32mBuilding CXX object CMakeFiles/umv_msgs__rosidl_typesupport_fastrtps_c.dir/rosidl_typesupport_fastrtps_c/umv_msgs/msg/detail/acu_cmd__type_support_c.cpp.o\x1b[0m\n'}
[2.086321] (umv_msgs) StdoutLine: {'line': b'[ 47%] \x1b[32mBuilding CXX object CMakeFiles/umv_msgs__rosidl_typesupport_cpp.dir/rosidl_typesupport_cpp/umv_msgs/msg/obstacles__type_support.cpp.o\x1b[0m\n'}
[2.108239] (-) TimerEvent: {}
[2.162010] (umv_msgs) StdoutLine: {'line': b'[ 49%] \x1b[32mBuilding CXX object CMakeFiles/umv_msgs__rosidl_typesupport_fastrtps_c.dir/rosidl_typesupport_fastrtps_c/umv_msgs/msg/detail/global_path__type_support_c.cpp.o\x1b[0m\n'}
[2.208341] (-) TimerEvent: {}
[2.287655] (umv_msgs) StdoutLine: {'line': b'[ 50%] \x1b[32mBuilding CXX object CMakeFiles/umv_msgs__rosidl_typesupport_introspection_cpp.dir/rosidl_typesupport_introspection_cpp/umv_msgs/msg/detail/obstacles__type_support.cpp.o\x1b[0m\n'}
[2.308433] (-) TimerEvent: {}
[2.408873] (-) TimerEvent: {}
[2.435940] (motion_planner) Command: {'cmd': ['/usr/bin/python3', '-W', 'ignore:setup.py install is deprecated', 'setup.py', 'egg_info', '--egg-base', '../../build/motion_planner', 'build', '--build-base', '/home/vdcl/Desktop/larr_project/umv_control/build/motion_planner/build', 'install', '--record', '/home/vdcl/Desktop/larr_project/umv_control/build/motion_planner/install.log', '--single-version-externally-managed', 'install_data'], 'cwd': '/home/vdcl/Desktop/larr_project/umv_control/src/motion_planner', 'env': {'GJS_DEBUG_TOPICS': 'JS ERROR;JS LOG', 'LESSOPEN': '| /usr/bin/lesspipe %s', 'LANGUAGE': 'ko:en', 'USER': 'vdcl', 'LC_TIME': 'ko_KR.UTF-8', 'XDG_SESSION_TYPE': 'x11', 'SHLVL': '1', 'LD_LIBRARY_PATH': '/usr/local/cuda-12.2/lib64:/home/vdcl/Desktop/larr_project/umv_control/install/umv_msgs/lib:/home/vdcl/Desktop/larr_project/AirSim/ros2/install/airsim_ros_pkgs/lib:/home/vdcl/Desktop/larr_project/AirSim/ros2/install/airsim_interfaces/lib:/opt/ros/humble/opt/rviz_ogre_vendor/lib:/opt/ros/humble/lib/x86_64-linux-gnu:/opt/ros/humble/lib', 'HOME': '/home/vdcl', 'OLDPWD': '/home/vdcl/Desktop/larr_project', 'DESKTOP_SESSION': 'ubuntu', 'GIO_LAUNCHED_DESKTOP_FILE': '/usr/share/applications/terminator.desktop', 'ROS_PYTHON_VERSION': '3', 'GNOME_SHELL_SESSION_MODE': 'ubuntu', 'GTK_MODULES': 'gail:atk-bridge', 'LC_MONETARY': 'ko_KR.UTF-8', 'MANAGERPID': '978', 'SYSTEMD_EXEC_PID': '1361', 'DBUS_SESSION_BUS_ADDRESS': 'unix:path=/run/user/1000/bus', 'COLORTERM': 'truecolor', 'TERMINATOR_DBUS_NAME': 'net.tenshu.Terminator21a9d5db22c73a993ff0b42f64b396873', 'GIO_LAUNCHED_DESKTOP_FILE_PID': '24393', 'COLCON_PREFIX_PATH': '/home/vdcl/Desktop/larr_project/AirSim/ros2/install:/home/vdcl/Desktop/larr_project/umv_control/install', 'ROS_DISTRO': 'humble', 'GTK_IM_MODULE': 'ibus', 'LOGNAME': 'vdcl', 'JOURNAL_STREAM': '8:11605', '_': '/usr/bin/colcon', 'ROS_VERSION': '2', 'XDG_SESSION_CLASS': 'user', 'USERNAME': 'vdcl', 'TERM': 'xterm-256color', 'GNOME_DESKTOP_SESSION_ID': 'this-is-deprecated', 'ROS_LOCALHOST_ONLY': '0', 'WINDOWPATH': '2', 'PATH': '/usr/local/cuda-12.2/bin:/opt/ros/humble/bin:/home/vdcl/.local/bin:/usr/local/sbin:/usr/local/bin:/usr/sbin:/usr/bin:/sbin:/bin:/usr/games:/usr/local/games:/snap/bin:/snap/bin:/opt/ros/humble/include', 'SESSION_MANAGER': 'local/vdcl-desktop:@/tmp/.ICE-unix/1333,unix/vdcl-desktop:/tmp/.ICE-unix/1333', 'INVOCATION_ID': 'ea4816cbe17b4520bd1073f27b7823cc', 'PAPERSIZE': 'a4', 'XDG_MENU_PREFIX': 'gnome-', 'LC_ADDRESS': 'ko_KR.UTF-8', 'XDG_RUNTIME_DIR': '/run/user/1000', 'DISPLAY': ':0', 'TERMINATOR_DBUS_PATH': '/net/tenshu/Terminator2', 'LANG': 'ko_KR.UTF-8', 'XDG_CURRENT_DESKTOP': 'ubuntu:GNOME', 'IBUS_DISABLE_SNOOPER': '1', 'LC_TELEPHONE': 'ko_KR.UTF-8', 'XMODIFIERS': '@im=ibus', 'XDG_SESSION_DESKTOP': 'ubuntu', 'XAUTHORITY': '/run/user/1000/gdm/Xauthority', 'LS_COLORS': 'rs=0:di=01;34:ln=01;36:mh=00:pi=40;33:so=01;35:do=01;35:bd=40;33;01:cd=40;33;01:or=40;31;01:mi=00:su=37;41:sg=30;43:ca=30;41:tw=30;42:ow=34;42:st=37;44:ex=01;32:*.tar=01;31:*.tgz=01;31:*.arc=01;31:*.arj=01;31:*.taz=01;31:*.lha=01;31:*.lz4=01;31:*.lzh=01;31:*.lzma=01;31:*.tlz=01;31:*.txz=01;31:*.tzo=01;31:*.t7z=01;31:*.zip=01;31:*.z=01;31:*.dz=01;31:*.gz=01;31:*.lrz=01;31:*.lz=01;31:*.lzo=01;31:*.xz=01;31:*.zst=01;31:*.tzst=01;31:*.bz2=01;31:*.bz=01;31:*.tbz=01;31:*.tbz2=01;31:*.tz=01;31:*.deb=01;31:*.rpm=01;31:*.jar=01;31:*.war=01;31:*.ear=01;31:*.sar=01;31:*.rar=01;31:*.alz=01;31:*.ace=01;31:*.zoo=01;31:*.cpio=01;31:*.7z=01;31:*.rz=01;31:*.cab=01;31:*.wim=01;31:*.swm=01;31:*.dwm=01;31:*.esd=01;31:*.jpg=01;35:*.jpeg=01;35:*.mjpg=01;35:*.mjpeg=01;35:*.gif=01;35:*.bmp=01;35:*.pbm=01;35:*.pgm=01;35:*.ppm=01;35:*.tga=01;35:*.xbm=01;35:*.xpm=01;35:*.tif=01;35:*.tiff=01;35:*.png=01;35:*.svg=01;35:*.svgz=01;35:*.mng=01;35:*.pcx=01;35:*.mov=01;35:*.mpg=01;35:*.mpeg=01;35:*.m2v=01;35:*.mkv=01;35:*.webm=01;35:*.webp=01;35:*.ogm=01;35:*.mp4=01;35:*.m4v=01;35:*.mp4v=01;35:*.vob=01;35:*.qt=01;35:*.nuv=01;35:*.wmv=01;35:*.asf=01;35:*.rm=01;35:*.rmvb=01;35:*.flc=01;35:*.avi=01;35:*.fli=01;35:*.flv=01;35:*.gl=01;35:*.dl=01;35:*.xcf=01;35:*.xwd=01;35:*.yuv=01;35:*.cgm=01;35:*.emf=01;35:*.ogv=01;35:*.ogx=01;35:*.aac=00;36:*.au=00;36:*.flac=00;36:*.m4a=00;36:*.mid=00;36:*.midi=00;36:*.mka=00;36:*.mp3=00;36:*.mpc=00;36:*.ogg=00;36:*.ra=00;36:*.wav=00;36:*.oga=00;36:*.opus=00;36:*.spx=00;36:*.xspf=00;36:', 'SSH_AGENT_LAUNCHER': 'gnome-keyring', 'SSH_AUTH_SOCK': '/run/user/1000/keyring/ssh', 'AMENT_PREFIX_PATH': '/home/vdcl/Desktop/larr_project/umv_control/install/utils:/home/vdcl/Desktop/larr_project/umv_control/install/mppi:/home/vdcl/Desktop/larr_project/umv_control/install/lower_controller:/home/vdcl/Desktop/larr_project/umv_control/install/host_vehicle_filter:/home/vdcl/Desktop/larr_project/umv_control/install/global_path:/home/vdcl/Desktop/larr_project/umv_control/install/umv_msgs:/home/vdcl/Desktop/larr_project/umv_control/install/motion_planner:/home/vdcl/Desktop/larr_project/AirSim/ros2/install/airsim_ros_pkgs:/home/vdcl/Desktop/larr_project/AirSim/ros2/install/airsim_interfaces:/opt/ros/humble', 'SHELL': '/bin/bash', 'LC_NAME': 'ko_KR.UTF-8', 'TERMINATOR_UUID': 'urn:uuid:f3d36416-adb8-4798-9676-5e5ca94879f2', 'QT_ACCESSIBILITY': '1', 'GDMSESSION': 'ubuntu', 'LESSCLOSE': '/usr/bin/lesspipe %s %s', 'LC_MEASUREMENT': 'ko_KR.UTF-8', 'GPG_AGENT_INFO': '/run/user/1000/gnupg/S.gpg-agent:0:1', 'GJS_DEBUG_OUTPUT': 'stderr', 'LC_IDENTIFICATION': 'ko_KR.UTF-8', 'QT_IM_MODULE': 'ibus', 'PWD': '/home/vdcl/Desktop/larr_project/umv_control/build/motion_planner', 'LC_ALL': 'en_US.UTF-8', 'XDG_CONFIG_DIRS': '/etc/xdg/xdg-ubuntu:/etc/xdg', 'XDG_DATA_DIRS': '/usr/share/ubuntu:/usr/share/gnome:/usr/local/share/:/usr/share/:/var/lib/snapd/desktop', 'PYTHONPATH': '/home/vdcl/Desktop/larr_project/umv_control/build/motion_planner/prefix_override:/home/vdcl/Desktop/larr_project/umv_control/install/motion_planner/lib/python3.10/site-packages:/home/vdcl/Desktop/larr_project/umv_control/install/utils/lib/python3.10/site-packages:/home/vdcl/Desktop/larr_project/umv_control/install/lower_controller/lib/python3.10/site-packages:/home/vdcl/Desktop/larr_project/umv_control/install/host_vehicle_filter/lib/python3.10/site-packages:/home/vdcl/Desktop/larr_project/umv_control/install/global_path/lib/python3.10/site-packages:/home/vdcl/Desktop/larr_project/umv_control/install/umv_msgs/local/lib/python3.10/dist-packages:/home/vdcl/Desktop/larr_project/umv_control/install/motion_planner/lib/python3.10/site-packages:/home/vdcl/Desktop/larr_project/AirSim/ros2/install/airsim_interfaces/local/lib/python3.10/dist-packages:/opt/ros/humble/lib/python3.10/site-packages:/opt/ros/humble/local/lib/python3.10/dist-packages', 'LC_NUMERIC': 'ko_KR.UTF-8', 'LC_PAPER': 'ko_KR.UTF-8', 'COLCON': '1', 'VTE_VERSION': '6800', 'CMAKE_PREFIX_PATH': '/home/vdcl/Desktop/larr_project/umv_control/install/mppi:/home/vdcl/Desktop/larr_project/umv_control/install/umv_msgs:/home/vdcl/Desktop/larr_project/AirSim/ros2/install/airsim_ros_pkgs:/home/vdcl/Desktop/larr_project/AirSim/ros2/install/airsim_interfaces'}, 'shell': False}
[2.455290] (utils) Command: {'cmd': ['/usr/bin/python3', '-W', 'ignore:setup.py install is deprecated', 'setup.py', 'egg_info', '--egg-base', '../../build/utils', 'build', '--build-base', '/home/vdcl/Desktop/larr_project/umv_control/build/utils/build', 'install', '--record', '/home/vdcl/Desktop/larr_project/umv_control/build/utils/install.log', '--single-version-externally-managed', 'install_data'], 'cwd': '/home/vdcl/Desktop/larr_project/umv_control/src/utils', 'env': {'GJS_DEBUG_TOPICS': 'JS ERROR;JS LOG', 'LESSOPEN': '| /usr/bin/lesspipe %s', 'LANGUAGE': 'ko:en', 'USER': 'vdcl', 'LC_TIME': 'ko_KR.UTF-8', 'XDG_SESSION_TYPE': 'x11', 'SHLVL': '1', 'LD_LIBRARY_PATH': '/usr/local/cuda-12.2/lib64:/home/vdcl/Desktop/larr_project/umv_control/install/umv_msgs/lib:/home/vdcl/Desktop/larr_project/AirSim/ros2/install/airsim_ros_pkgs/lib:/home/vdcl/Desktop/larr_project/AirSim/ros2/install/airsim_interfaces/lib:/opt/ros/humble/opt/rviz_ogre_vendor/lib:/opt/ros/humble/lib/x86_64-linux-gnu:/opt/ros/humble/lib', 'HOME': '/home/vdcl', 'OLDPWD': '/home/vdcl/Desktop/larr_project', 'DESKTOP_SESSION': 'ubuntu', 'GIO_LAUNCHED_DESKTOP_FILE': '/usr/share/applications/terminator.desktop', 'ROS_PYTHON_VERSION': '3', 'GNOME_SHELL_SESSION_MODE': 'ubuntu', 'GTK_MODULES': 'gail:atk-bridge', 'LC_MONETARY': 'ko_KR.UTF-8', 'MANAGERPID': '978', 'SYSTEMD_EXEC_PID': '1361', 'DBUS_SESSION_BUS_ADDRESS': 'unix:path=/run/user/1000/bus', 'COLORTERM': 'truecolor', 'TERMINATOR_DBUS_NAME': 'net.tenshu.Terminator21a9d5db22c73a993ff0b42f64b396873', 'GIO_LAUNCHED_DESKTOP_FILE_PID': '24393', 'COLCON_PREFIX_PATH': '/home/vdcl/Desktop/larr_project/AirSim/ros2/install:/home/vdcl/Desktop/larr_project/umv_control/install', 'ROS_DISTRO': 'humble', 'GTK_IM_MODULE': 'ibus', 'LOGNAME': 'vdcl', 'JOURNAL_STREAM': '8:11605', '_': '/usr/bin/colcon', 'ROS_VERSION': '2', 'XDG_SESSION_CLASS': 'user', 'USERNAME': 'vdcl', 'TERM': 'xterm-256color', 'GNOME_DESKTOP_SESSION_ID': 'this-is-deprecated', 'ROS_LOCALHOST_ONLY': '0', 'WINDOWPATH': '2', 'PATH': '/usr/local/cuda-12.2/bin:/opt/ros/humble/bin:/home/vdcl/.local/bin:/usr/local/sbin:/usr/local/bin:/usr/sbin:/usr/bin:/sbin:/bin:/usr/games:/usr/local/games:/snap/bin:/snap/bin:/opt/ros/humble/include', 'SESSION_MANAGER': 'local/vdcl-desktop:@/tmp/.ICE-unix/1333,unix/vdcl-desktop:/tmp/.ICE-unix/1333', 'INVOCATION_ID': 'ea4816cbe17b4520bd1073f27b7823cc', 'PAPERSIZE': 'a4', 'XDG_MENU_PREFIX': 'gnome-', 'LC_ADDRESS': 'ko_KR.UTF-8', 'XDG_RUNTIME_DIR': '/run/user/1000', 'DISPLAY': ':0', 'TERMINATOR_DBUS_PATH': '/net/tenshu/Terminator2', 'LANG': 'ko_KR.UTF-8', 'XDG_CURRENT_DESKTOP': 'ubuntu:GNOME', 'IBUS_DISABLE_SNOOPER': '1', 'LC_TELEPHONE': 'ko_KR.UTF-8', 'XMODIFIERS': '@im=ibus', 'XDG_SESSION_DESKTOP': 'ubuntu', 'XAUTHORITY': '/run/user/1000/gdm/Xauthority', 'LS_COLORS': 'rs=0:di=01;34:ln=01;36:mh=00:pi=40;33:so=01;35:do=01;35:bd=40;33;01:cd=40;33;01:or=40;31;01:mi=00:su=37;41:sg=30;43:ca=30;41:tw=30;42:ow=34;42:st=37;44:ex=01;32:*.tar=01;31:*.tgz=01;31:*.arc=01;31:*.arj=01;31:*.taz=01;31:*.lha=01;31:*.lz4=01;31:*.lzh=01;31:*.lzma=01;31:*.tlz=01;31:*.txz=01;31:*.tzo=01;31:*.t7z=01;31:*.zip=01;31:*.z=01;31:*.dz=01;31:*.gz=01;31:*.lrz=01;31:*.lz=01;31:*.lzo=01;31:*.xz=01;31:*.zst=01;31:*.tzst=01;31:*.bz2=01;31:*.bz=01;31:*.tbz=01;31:*.tbz2=01;31:*.tz=01;31:*.deb=01;31:*.rpm=01;31:*.jar=01;31:*.war=01;31:*.ear=01;31:*.sar=01;31:*.rar=01;31:*.alz=01;31:*.ace=01;31:*.zoo=01;31:*.cpio=01;31:*.7z=01;31:*.rz=01;31:*.cab=01;31:*.wim=01;31:*.swm=01;31:*.dwm=01;31:*.esd=01;31:*.jpg=01;35:*.jpeg=01;35:*.mjpg=01;35:*.mjpeg=01;35:*.gif=01;35:*.bmp=01;35:*.pbm=01;35:*.pgm=01;35:*.ppm=01;35:*.tga=01;35:*.xbm=01;35:*.xpm=01;35:*.tif=01;35:*.tiff=01;35:*.png=01;35:*.svg=01;35:*.svgz=01;35:*.mng=01;35:*.pcx=01;35:*.mov=01;35:*.mpg=01;35:*.mpeg=01;35:*.m2v=01;35:*.mkv=01;35:*.webm=01;35:*.webp=01;35:*.ogm=01;35:*.mp4=01;35:*.m4v=01;35:*.mp4v=01;35:*.vob=01;35:*.qt=01;35:*.nuv=01;35:*.wmv=01;35:*.asf=01;35:*.rm=01;35:*.rmvb=01;35:*.flc=01;35:*.avi=01;35:*.fli=01;35:*.flv=01;35:*.gl=01;35:*.dl=01;35:*.xcf=01;35:*.xwd=01;35:*.yuv=01;35:*.cgm=01;35:*.emf=01;35:*.ogv=01;35:*.ogx=01;35:*.aac=00;36:*.au=00;36:*.flac=00;36:*.m4a=00;36:*.mid=00;36:*.midi=00;36:*.mka=00;36:*.mp3=00;36:*.mpc=00;36:*.ogg=00;36:*.ra=00;36:*.wav=00;36:*.oga=00;36:*.opus=00;36:*.spx=00;36:*.xspf=00;36:', 'SSH_AGENT_LAUNCHER': 'gnome-keyring', 'SSH_AUTH_SOCK': '/run/user/1000/keyring/ssh', 'AMENT_PREFIX_PATH': '/home/vdcl/Desktop/larr_project/umv_control/install/utils:/home/vdcl/Desktop/larr_project/umv_control/install/mppi:/home/vdcl/Desktop/larr_project/umv_control/install/lower_controller:/home/vdcl/Desktop/larr_project/umv_control/install/host_vehicle_filter:/home/vdcl/Desktop/larr_project/umv_control/install/global_path:/home/vdcl/Desktop/larr_project/umv_control/install/umv_msgs:/home/vdcl/Desktop/larr_project/umv_control/install/motion_planner:/home/vdcl/Desktop/larr_project/AirSim/ros2/install/airsim_ros_pkgs:/home/vdcl/Desktop/larr_project/AirSim/ros2/install/airsim_interfaces:/opt/ros/humble', 'SHELL': '/bin/bash', 'LC_NAME': 'ko_KR.UTF-8', 'TERMINATOR_UUID': 'urn:uuid:f3d36416-adb8-4798-9676-5e5ca94879f2', 'QT_ACCESSIBILITY': '1', 'GDMSESSION': 'ubuntu', 'LESSCLOSE': '/usr/bin/lesspipe %s %s', 'LC_MEASUREMENT': 'ko_KR.UTF-8', 'GPG_AGENT_INFO': '/run/user/1000/gnupg/S.gpg-agent:0:1', 'GJS_DEBUG_OUTPUT': 'stderr', 'LC_IDENTIFICATION': 'ko_KR.UTF-8', 'QT_IM_MODULE': 'ibus', 'PWD': '/home/vdcl/Desktop/larr_project/umv_control/build/utils', 'LC_ALL': 'en_US.UTF-8', 'XDG_CONFIG_DIRS': '/etc/xdg/xdg-ubuntu:/etc/xdg', 'XDG_DATA_DIRS': '/usr/share/ubuntu:/usr/share/gnome:/usr/local/share/:/usr/share/:/var/lib/snapd/desktop', 'PYTHONPATH': '/home/vdcl/Desktop/larr_project/umv_control/build/utils/prefix_override:/home/vdcl/Desktop/larr_project/umv_control/install/utils/lib/python3.10/site-packages:/home/vdcl/Desktop/larr_project/umv_control/install/utils/lib/python3.10/site-packages:/home/vdcl/Desktop/larr_project/umv_control/install/lower_controller/lib/python3.10/site-packages:/home/vdcl/Desktop/larr_project/umv_control/install/host_vehicle_filter/lib/python3.10/site-packages:/home/vdcl/Desktop/larr_project/umv_control/install/global_path/lib/python3.10/site-packages:/home/vdcl/Desktop/larr_project/umv_control/install/umv_msgs/local/lib/python3.10/dist-packages:/home/vdcl/Desktop/larr_project/umv_control/install/motion_planner/lib/python3.10/site-packages:/home/vdcl/Desktop/larr_project/AirSim/ros2/install/airsim_interfaces/local/lib/python3.10/dist-packages:/opt/ros/humble/lib/python3.10/site-packages:/opt/ros/humble/local/lib/python3.10/dist-packages', 'LC_NUMERIC': 'ko_KR.UTF-8', 'LC_PAPER': 'ko_KR.UTF-8', 'COLCON': '1', 'VTE_VERSION': '6800', 'CMAKE_PREFIX_PATH': '/home/vdcl/Desktop/larr_project/umv_control/install/mppi:/home/vdcl/Desktop/larr_project/umv_control/install/umv_msgs:/home/vdcl/Desktop/larr_project/AirSim/ros2/install/airsim_ros_pkgs:/home/vdcl/Desktop/larr_project/AirSim/ros2/install/airsim_interfaces'}, 'shell': False}
[2.510265] (-) TimerEvent: {}
[2.543262] (umv_msgs) StdoutLine: {'line': b'[ 61%] Built target umv_msgs__rosidl_typesupport_c\n'}
[2.561311] (umv_msgs) StdoutLine: {'line': b'[ 63%] \x1b[32mBuilding CXX object CMakeFiles/umv_msgs__rosidl_typesupport_fastrtps_c.dir/rosidl_typesupport_fastrtps_c/umv_msgs/msg/detail/obstacles__type_support_c.cpp.o\x1b[0m\n'}
[2.610369] (-) TimerEvent: {}
[2.648331] (umv_msgs) StdoutLine: {'line': b'[ 65%] \x1b[32m\x1b[1mLinking CXX shared library libumv_msgs__rosidl_typesupport_cpp.so\x1b[0m\n'}
[2.710460] (-) TimerEvent: {}
[2.711010] (umv_msgs) StdoutLine: {'line': b'[ 66%] \x1b[32mBuilding CXX object CMakeFiles/umv_msgs__rosidl_typesupport_fastrtps_cpp.dir/rosidl_typesupport_fastrtps_cpp/umv_msgs/msg/detail/dds_fastrtps/global_path__type_support.cpp.o\x1b[0m\n'}
[2.761658] (umv_msgs) StdoutLine: {'line': b'[ 68%] \x1b[32mBuilding CXX object CMakeFiles/umv_msgs__rosidl_typesupport_fastrtps_cpp.dir/rosidl_typesupport_fastrtps_cpp/umv_msgs/msg/detail/dds_fastrtps/obstacles__type_support.cpp.o\x1b[0m\n'}
[2.810559] (-) TimerEvent: {}
[2.910933] (-) TimerEvent: {}
[2.922300] (umv_msgs) StdoutLine: {'line': b'[ 69%] Built target umv_msgs__rosidl_typesupport_cpp\n'}
[2.941112] (utils) StdoutLine: {'line': b'running egg_info\n'}
[2.941754] (utils) StdoutLine: {'line': b'writing ../../build/utils/utils.egg-info/PKG-INFO\n'}
[2.942027] (utils) StdoutLine: {'line': b'writing dependency_links to ../../build/utils/utils.egg-info/dependency_links.txt\n'}
[2.942255] (utils) StdoutLine: {'line': b'writing entry points to ../../build/utils/utils.egg-info/entry_points.txt\n'}
[2.942438] (utils) StdoutLine: {'line': b'writing requirements to ../../build/utils/utils.egg-info/requires.txt\n'}
[2.942593] (utils) StdoutLine: {'line': b'writing top-level names to ../../build/utils/utils.egg-info/top_level.txt\n'}
[2.949130] (umv_msgs) StdoutLine: {'line': b'[ 71%] \x1b[32m\x1b[1mLinking CXX shared library libumv_msgs__rosidl_typesupport_introspection_cpp.so\x1b[0m\n'}
[2.956334] (utils) StdoutLine: {'line': b"reading manifest file '../../build/utils/utils.egg-info/SOURCES.txt'\n"}
[2.960800] (utils) StdoutLine: {'line': b"adding license file 'LICENSE'\n"}
[2.961991] (utils) StdoutLine: {'line': b"writing manifest file '../../build/utils/utils.egg-info/SOURCES.txt'\n"}
[2.962217] (utils) StdoutLine: {'line': b'running build\n'}
[2.962341] (utils) StdoutLine: {'line': b'running build_py\n'}
[2.962495] (utils) StdoutLine: {'line': b'copying utils/virtual_target_node.py -> /home/vdcl/Desktop/larr_project/umv_control/build/utils/build/lib/utils\n'}
[2.962833] (utils) StdoutLine: {'line': b'running install\n'}
[2.963472] (utils) StdoutLine: {'line': b'running install_lib\n'}
[2.964690] (utils) StdoutLine: {'line': b'copying /home/vdcl/Desktop/larr_project/umv_control/build/utils/build/lib/utils/virtual_target_node.py -> /home/vdcl/Desktop/larr_project/umv_control/install/utils/lib/python3.10/site-packages/utils\n'}
[2.969093] (utils) StdoutLine: {'line': b'byte-compiling /home/vdcl/Desktop/larr_project/umv_control/install/utils/lib/python3.10/site-packages/utils/virtual_target_node.py to virtual_target_node.cpython-310.pyc\n'}
[2.970329] (utils) StdoutLine: {'line': b'running install_data\n'}
[2.970533] (motion_planner) StdoutLine: {'line': b'running egg_info\n'}
[2.970810] (utils) StdoutLine: {'line': b'running install_egg_info\n'}
[2.971271] (motion_planner) StdoutLine: {'line': b'writing ../../build/motion_planner/motion_planner.egg-info/PKG-INFO\n'}
[2.971674] (motion_planner) StdoutLine: {'line': b'writing dependency_links to ../../build/motion_planner/motion_planner.egg-info/dependency_links.txt\n'}
[2.971853] (motion_planner) StdoutLine: {'line': b'writing entry points to ../../build/motion_planner/motion_planner.egg-info/entry_points.txt\n'}
[2.972004] (motion_planner) StdoutLine: {'line': b'writing requirements to ../../build/motion_planner/motion_planner.egg-info/requires.txt\n'}
[2.973195] (utils) StdoutLine: {'line': b"removing '/home/vdcl/Desktop/larr_project/umv_control/install/utils/lib/python3.10/site-packages/utils-0.0.0-py3.10.egg-info' (and everything under it)\n"}
[2.973444] (motion_planner) StdoutLine: {'line': b'writing top-level names to ../../build/motion_planner/motion_planner.egg-info/top_level.txt\n'}
[2.973607] (utils) StdoutLine: {'line': b'Copying ../../build/utils/utils.egg-info to /home/vdcl/Desktop/larr_project/umv_control/install/utils/lib/python3.10/site-packages/utils-0.0.0-py3.10.egg-info\n'}
[2.974555] (utils) StdoutLine: {'line': b'running install_scripts\n'}
[2.975472] (motion_planner) StdoutLine: {'line': b"reading manifest file '../../build/motion_planner/motion_planner.egg-info/SOURCES.txt'\n"}
[2.987587] (motion_planner) StdoutLine: {'line': b"adding license file 'LICENSE'\n"}
[2.988565] (motion_planner) StdoutLine: {'line': b"writing manifest file '../../build/motion_planner/motion_planner.egg-info/SOURCES.txt'\n"}
[2.988794] (motion_planner) StdoutLine: {'line': b'running build\n'}
[2.988914] (motion_planner) StdoutLine: {'line': b'running build_py\n'}
[2.989332] (motion_planner) StdoutLine: {'line': b'running install\n'}
[2.989759] (motion_planner) StdoutLine: {'line': b'running install_lib\n'}
[2.991114] (motion_planner) StdoutLine: {'line': b'running install_data\n'}
[2.991321] (motion_planner) StdoutLine: {'line': b'running install_egg_info\n'}
[2.993530] (motion_planner) StdoutLine: {'line': b"removing '/home/vdcl/Desktop/larr_project/umv_control/install/motion_planner/lib/python3.10/site-packages/motion_planner-0.0.0-py3.10.egg-info' (and everything under it)\n"}
[2.993887] (motion_planner) StdoutLine: {'line': b'Copying ../../build/motion_planner/motion_planner.egg-info to /home/vdcl/Desktop/larr_project/umv_control/install/motion_planner/lib/python3.10/site-packages/motion_planner-0.0.0-py3.10.egg-info\n'}
[2.994870] (motion_planner) StdoutLine: {'line': b'running install_scripts\n'}
[2.995323] (utils) StdoutLine: {'line': b'Installing path_plotter_node script to /home/vdcl/Desktop/larr_project/umv_control/install/utils/lib/utils\n'}
[2.995537] (utils) StdoutLine: {'line': b'Installing virtual_target_node script to /home/vdcl/Desktop/larr_project/umv_control/install/utils/lib/utils\n'}
[2.996093] (utils) StdoutLine: {'line': b"writing list of installed files to '/home/vdcl/Desktop/larr_project/umv_control/build/utils/install.log'\n"}
[3.011033] (-) TimerEvent: {}
[3.026291] (motion_planner) StdoutLine: {'line': b'Installing motion_planner_node script to /home/vdcl/Desktop/larr_project/umv_control/install/motion_planner/lib/motion_planner\n'}
[3.027964] (motion_planner) StdoutLine: {'line': b"writing list of installed files to '/home/vdcl/Desktop/larr_project/umv_control/build/motion_planner/install.log'\n"}
[3.031654] (utils) CommandEnded: {'returncode': 0}
[3.098986] (utils) JobEnded: {'identifier': 'utils', 'rc': 0}
[3.100677] (motion_planner) CommandEnded: {'returncode': 0}
[3.105861] (umv_msgs) StdoutLine: {'line': b'[ 73%] Built target umv_msgs__rosidl_typesupport_introspection_cpp\n'}
[3.111119] (-) TimerEvent: {}
[3.122617] (motion_planner) JobEnded: {'identifier': 'motion_planner', 'rc': 0}
[3.143269] (umv_msgs) StdoutLine: {'line': b'[ 74%] \x1b[32m\x1b[1mLinking CXX shared library libumv_msgs__rosidl_typesupport_fastrtps_c.so\x1b[0m\n'}
[3.211282] (-) TimerEvent: {}
[3.300227] (umv_msgs) StdoutLine: {'line': b'[ 76%] Built target umv_msgs__rosidl_typesupport_fastrtps_c\n'}
[3.312238] (-) TimerEvent: {}
[3.412557] (-) TimerEvent: {}
[3.513182] (-) TimerEvent: {}
[3.519162] (umv_msgs) StdoutLine: {'line': b'[ 77%] \x1b[32m\x1b[1mLinking CXX shared library libumv_msgs__rosidl_typesupport_fastrtps_cpp.so\x1b[0m\n'}
[3.613399] (-) TimerEvent: {}
[3.713937] (-) TimerEvent: {}
[3.729866] (umv_msgs) StdoutLine: {'line': b'[ 79%] Built target umv_msgs__rosidl_typesupport_fastrtps_cpp\n'}
[3.752305] (umv_msgs) StdoutLine: {'line': b'[ 79%] Built target umv_msgs\n'}
[3.802138] (umv_msgs) StdoutLine: {'line': b'[ 80%] Built target umv_msgs__py\n'}
[3.814087] (-) TimerEvent: {}
[3.862843] (umv_msgs) StdoutLine: {'line': b'[ 82%] \x1b[32mBuilding C object CMakeFiles/umv_msgs__rosidl_generator_py.dir/rosidl_generator_py/umv_msgs/msg/_host_vehicle_filter_s.c.o\x1b[0m\n'}
[3.864980] (umv_msgs) StdoutLine: {'line': b'[ 84%] \x1b[32mBuilding C object CMakeFiles/umv_msgs__rosidl_generator_py.dir/rosidl_generator_py/umv_msgs/msg/_local_ref_path_s.c.o\x1b[0m\n'}
[3.866653] (umv_msgs) StdoutLine: {'line': b'[ 85%] \x1b[32mBuilding C object CMakeFiles/umv_msgs__rosidl_generator_py.dir/rosidl_generator_py/umv_msgs/msg/_acu_cmd_s.c.o\x1b[0m\n'}
[3.866907] (umv_msgs) StdoutLine: {'line': b'[ 87%] \x1b[32mBuilding C object CMakeFiles/umv_msgs__rosidl_generator_py.dir/rosidl_generator_py/umv_msgs/msg/_global_path_s.c.o\x1b[0m\n'}
[3.869298] (umv_msgs) StdoutLine: {'line': b'[ 88%] \x1b[32mBuilding C object CMakeFiles/umv_msgs__rosidl_generator_py.dir/rosidl_generator_py/umv_msgs/msg/_obstacles_s.c.o\x1b[0m\n'}
[3.914300] (-) TimerEvent: {}
[4.014862] (-) TimerEvent: {}
[4.115525] (-) TimerEvent: {}
[4.216160] (-) TimerEvent: {}
[4.316823] (-) TimerEvent: {}
[4.417472] (-) TimerEvent: {}
[4.518010] (-) TimerEvent: {}
[4.618443] (-) TimerEvent: {}
[4.718767] (-) TimerEvent: {}
[4.780679] (umv_msgs) StdoutLine: {'line': b'[ 90%] \x1b[32m\x1b[1mLinking C shared library rosidl_generator_py/umv_msgs/libumv_msgs__rosidl_generator_py.so\x1b[0m\n'}
[4.818978] (-) TimerEvent: {}
[4.919603] (-) TimerEvent: {}
[4.927067] (umv_msgs) StdoutLine: {'line': b'[ 90%] Built target umv_msgs__rosidl_generator_py\n'}
[4.978309] (umv_msgs) StdoutLine: {'line': b'[ 92%] \x1b[32mBuilding C object CMakeFiles/umv_msgs__rosidl_typesupport_fastrtps_c__pyext.dir/rosidl_generator_py/umv_msgs/_umv_msgs_s.ep.rosidl_typesupport_fastrtps_c.c.o\x1b[0m\n'}
[4.978719] (umv_msgs) StdoutLine: {'line': b'[ 93%] \x1b[32mBuilding C object CMakeFiles/umv_msgs__rosidl_typesupport_introspection_c__pyext.dir/rosidl_generator_py/umv_msgs/_umv_msgs_s.ep.rosidl_typesupport_introspection_c.c.o\x1b[0m\n'}
[4.978944] (umv_msgs) StdoutLine: {'line': b'[ 95%] \x1b[32mBuilding C object CMakeFiles/umv_msgs__rosidl_typesupport_c__pyext.dir/rosidl_generator_py/umv_msgs/_umv_msgs_s.ep.rosidl_typesupport_c.c.o\x1b[0m\n'}
[5.019708] (-) TimerEvent: {}
[5.108840] (umv_msgs) StdoutLine: {'line': b'[100%] \x1b[32m\x1b[1mLinking C shared library rosidl_generator_py/umv_msgs/umv_msgs_s__rosidl_typesupport_fastrtps_c.cpython-310-x86_64-linux-gnu.so\x1b[0m\n'}
[5.109058] (umv_msgs) StdoutLine: {'line': b'[100%] \x1b[32m\x1b[1mLinking C shared library rosidl_generator_py/umv_msgs/umv_msgs_s__rosidl_typesupport_introspection_c.cpython-310-x86_64-linux-gnu.so\x1b[0m\n'}
[5.109186] (umv_msgs) StdoutLine: {'line': b'[100%] \x1b[32m\x1b[1mLinking C shared library rosidl_generator_py/umv_msgs/umv_msgs_s__rosidl_typesupport_c.cpython-310-x86_64-linux-gnu.so\x1b[0m\n'}
[5.119800] (-) TimerEvent: {}
[5.220238] (-) TimerEvent: {}
[5.321358] (-) TimerEvent: {}
[5.370664] (umv_msgs) StdoutLine: {'line': b'[100%] Built target umv_msgs__rosidl_typesupport_fastrtps_c__pyext\n'}
[5.371308] (umv_msgs) StdoutLine: {'line': b'[100%] Built target umv_msgs__rosidl_typesupport_c__pyext\n'}
[5.376884] (umv_msgs) StdoutLine: {'line': b'[100%] Built target umv_msgs__rosidl_typesupport_introspection_c__pyext\n'}
[5.401103] (umv_msgs) CommandEnded: {'returncode': 0}
[5.421458] (-) TimerEvent: {}
[5.521847] (-) TimerEvent: {}
[5.622168] (-) TimerEvent: {}
[5.668401] (umv_msgs) JobProgress: {'identifier': 'umv_msgs', 'progress': 'install'}
[5.677282] (umv_msgs) Command: {'cmd': ['/usr/bin/cmake', '--install', '/home/vdcl/Desktop/larr_project/umv_control/build/umv_msgs'], 'cwd': '/home/vdcl/Desktop/larr_project/umv_control/build/umv_msgs', 'env': OrderedDict([('GJS_DEBUG_TOPICS', 'JS ERROR;JS LOG'), ('LESSOPEN', '| /usr/bin/lesspipe %s'), ('LANGUAGE', 'ko:en'), ('USER', 'vdcl'), ('LC_TIME', 'ko_KR.UTF-8'), ('XDG_SESSION_TYPE', 'x11'), ('SHLVL', '1'), ('LD_LIBRARY_PATH', '/usr/local/cuda-12.2/lib64:/home/vdcl/Desktop/larr_project/umv_control/install/umv_msgs/lib:/home/vdcl/Desktop/larr_project/AirSim/ros2/install/airsim_ros_pkgs/lib:/home/vdcl/Desktop/larr_project/AirSim/ros2/install/airsim_interfaces/lib:/opt/ros/humble/opt/rviz_ogre_vendor/lib:/opt/ros/humble/lib/x86_64-linux-gnu:/opt/ros/humble/lib'), ('HOME', '/home/vdcl'), ('OLDPWD', '/home/vdcl/Desktop/larr_project'), ('DESKTOP_SESSION', 'ubuntu'), ('GIO_LAUNCHED_DESKTOP_FILE', '/usr/share/applications/terminator.desktop'), ('ROS_PYTHON_VERSION', '3'), ('GNOME_SHELL_SESSION_MODE', 'ubuntu'), ('GTK_MODULES', 'gail:atk-bridge'), ('LC_MONETARY', 'ko_KR.UTF-8'), ('MANAGERPID', '978'), ('SYSTEMD_EXEC_PID', '1361'), ('DBUS_SESSION_BUS_ADDRESS', 'unix:path=/run/user/1000/bus'), ('COLORTERM', 'truecolor'), ('TERMINATOR_DBUS_NAME', 'net.tenshu.Terminator21a9d5db22c73a993ff0b42f64b396873'), ('GIO_LAUNCHED_DESKTOP_FILE_PID', '24393'), ('COLCON_PREFIX_PATH', '/home/vdcl/Desktop/larr_project/AirSim/ros2/install:/home/vdcl/Desktop/larr_project/umv_control/install'), ('ROS_DISTRO', 'humble'), ('GTK_IM_MODULE', 'ibus'), ('LOGNAME', 'vdcl'), ('JOURNAL_STREAM', '8:11605'), ('_', '/usr/bin/colcon'), ('ROS_VERSION', '2'), ('XDG_SESSION_CLASS', 'user'), ('USERNAME', 'vdcl'), ('TERM', 'xterm-256color'), ('GNOME_DESKTOP_SESSION_ID', 'this-is-deprecated'), ('ROS_LOCALHOST_ONLY', '0'), ('WINDOWPATH', '2'), ('PATH', '/usr/local/cuda-12.2/bin:/opt/ros/humble/bin:/home/vdcl/.local/bin:/usr/local/sbin:/usr/local/bin:/usr/sbin:/usr/bin:/sbin:/bin:/usr/games:/usr/local/games:/snap/bin:/snap/bin:/opt/ros/humble/include'), ('SESSION_MANAGER', 'local/vdcl-desktop:@/tmp/.ICE-unix/1333,unix/vdcl-desktop:/tmp/.ICE-unix/1333'), ('INVOCATION_ID', 'ea4816cbe17b4520bd1073f27b7823cc'), ('PAPERSIZE', 'a4'), ('XDG_MENU_PREFIX', 'gnome-'), ('LC_ADDRESS', 'ko_KR.UTF-8'), ('XDG_RUNTIME_DIR', '/run/user/1000'), ('DISPLAY', ':0'), ('TERMINATOR_DBUS_PATH', '/net/tenshu/Terminator2'), ('LANG', 'ko_KR.UTF-8'), ('XDG_CURRENT_DESKTOP', 'ubuntu:GNOME'), ('IBUS_DISABLE_SNOOPER', '1'), ('LC_TELEPHONE', 'ko_KR.UTF-8'), ('XMODIFIERS', '@im=ibus'), ('XDG_SESSION_DESKTOP', 'ubuntu'), ('XAUTHORITY', '/run/user/1000/gdm/Xauthority'), ('LS_COLORS', 'rs=0:di=01;34:ln=01;36:mh=00:pi=40;33:so=01;35:do=01;35:bd=40;33;01:cd=40;33;01:or=40;31;01:mi=00:su=37;41:sg=30;43:ca=30;41:tw=30;42:ow=34;42:st=37;44:ex=01;32:*.tar=01;31:*.tgz=01;31:*.arc=01;31:*.arj=01;31:*.taz=01;31:*.lha=01;31:*.lz4=01;31:*.lzh=01;31:*.lzma=01;31:*.tlz=01;31:*.txz=01;31:*.tzo=01;31:*.t7z=01;31:*.zip=01;31:*.z=01;31:*.dz=01;31:*.gz=01;31:*.lrz=01;31:*.lz=01;31:*.lzo=01;31:*.xz=01;31:*.zst=01;31:*.tzst=01;31:*.bz2=01;31:*.bz=01;31:*.tbz=01;31:*.tbz2=01;31:*.tz=01;31:*.deb=01;31:*.rpm=01;31:*.jar=01;31:*.war=01;31:*.ear=01;31:*.sar=01;31:*.rar=01;31:*.alz=01;31:*.ace=01;31:*.zoo=01;31:*.cpio=01;31:*.7z=01;31:*.rz=01;31:*.cab=01;31:*.wim=01;31:*.swm=01;31:*.dwm=01;31:*.esd=01;31:*.jpg=01;35:*.jpeg=01;35:*.mjpg=01;35:*.mjpeg=01;35:*.gif=01;35:*.bmp=01;35:*.pbm=01;35:*.pgm=01;35:*.ppm=01;35:*.tga=01;35:*.xbm=01;35:*.xpm=01;35:*.tif=01;35:*.tiff=01;35:*.png=01;35:*.svg=01;35:*.svgz=01;35:*.mng=01;35:*.pcx=01;35:*.mov=01;35:*.mpg=01;35:*.mpeg=01;35:*.m2v=01;35:*.mkv=01;35:*.webm=01;35:*.webp=01;35:*.ogm=01;35:*.mp4=01;35:*.m4v=01;35:*.mp4v=01;35:*.vob=01;35:*.qt=01;35:*.nuv=01;35:*.wmv=01;35:*.asf=01;35:*.rm=01;35:*.rmvb=01;35:*.flc=01;35:*.avi=01;35:*.fli=01;35:*.flv=01;35:*.gl=01;35:*.dl=01;35:*.xcf=01;35:*.xwd=01;35:*.yuv=01;35:*.cgm=01;35:*.emf=01;35:*.ogv=01;35:*.ogx=01;35:*.aac=00;36:*.au=00;36:*.flac=00;36:*.m4a=00;36:*.mid=00;36:*.midi=00;36:*.mka=00;36:*.mp3=00;36:*.mpc=00;36:*.ogg=00;36:*.ra=00;36:*.wav=00;36:*.oga=00;36:*.opus=00;36:*.spx=00;36:*.xspf=00;36:'), ('SSH_AGENT_LAUNCHER', 'gnome-keyring'), ('SSH_AUTH_SOCK', '/run/user/1000/keyring/ssh'), ('AMENT_PREFIX_PATH', '/home/vdcl/Desktop/larr_project/umv_control/install/utils:/home/vdcl/Desktop/larr_project/umv_control/install/mppi:/home/vdcl/Desktop/larr_project/umv_control/install/lower_controller:/home/vdcl/Desktop/larr_project/umv_control/install/host_vehicle_filter:/home/vdcl/Desktop/larr_project/umv_control/install/global_path:/home/vdcl/Desktop/larr_project/umv_control/install/umv_msgs:/home/vdcl/Desktop/larr_project/umv_control/install/motion_planner:/home/vdcl/Desktop/larr_project/AirSim/ros2/install/airsim_ros_pkgs:/home/vdcl/Desktop/larr_project/AirSim/ros2/install/airsim_interfaces:/opt/ros/humble'), ('SHELL', '/bin/bash'), ('LC_NAME', 'ko_KR.UTF-8'), ('TERMINATOR_UUID', 'urn:uuid:f3d36416-adb8-4798-9676-5e5ca94879f2'), ('QT_ACCESSIBILITY', '1'), ('GDMSESSION', 'ubuntu'), ('LESSCLOSE', '/usr/bin/lesspipe %s %s'), ('LC_MEASUREMENT', 'ko_KR.UTF-8'), ('GPG_AGENT_INFO', '/run/user/1000/gnupg/S.gpg-agent:0:1'), ('GJS_DEBUG_OUTPUT', 'stderr'), ('LC_IDENTIFICATION', 'ko_KR.UTF-8'), ('QT_IM_MODULE', 'ibus'), ('PWD', '/home/vdcl/Desktop/larr_project/umv_control/build/umv_msgs'), ('LC_ALL', 'en_US.UTF-8'), ('XDG_CONFIG_DIRS', '/etc/xdg/xdg-ubuntu:/etc/xdg'), ('XDG_DATA_DIRS', '/usr/share/ubuntu:/usr/share/gnome:/usr/local/share/:/usr/share/:/var/lib/snapd/desktop'), ('PYTHONPATH', '/home/vdcl/Desktop/larr_project/umv_control/install/utils/lib/python3.10/site-packages:/home/vdcl/Desktop/larr_project/umv_control/install/lower_controller/lib/python3.10/site-packages:/home/vdcl/Desktop/larr_project/umv_control/install/host_vehicle_filter/lib/python3.10/site-packages:/home/vdcl/Desktop/larr_project/umv_control/install/global_path/lib/python3.10/site-packages:/home/vdcl/Desktop/larr_project/umv_control/install/umv_msgs/local/lib/python3.10/dist-packages:/home/vdcl/Desktop/larr_project/umv_control/install/motion_planner/lib/python3.10/site-packages:/home/vdcl/Desktop/larr_project/AirSim/ros2/install/airsim_interfaces/local/lib/python3.10/dist-packages:/opt/ros/humble/lib/python3.10/site-packages:/opt/ros/humble/local/lib/python3.10/dist-packages'), ('LC_NUMERIC', 'ko_KR.UTF-8'), ('LC_PAPER', 'ko_KR.UTF-8'), ('COLCON', '1'), ('VTE_VERSION', '6800'), ('CMAKE_PREFIX_PATH', '/home/vdcl/Desktop/larr_project/umv_control/install/mppi:/home/vdcl/Desktop/larr_project/umv_control/install/umv_msgs:/home/vdcl/Desktop/larr_project/AirSim/ros2/install/airsim_ros_pkgs:/home/vdcl/Desktop/larr_project/AirSim/ros2/install/airsim_interfaces:/home/vdcl/Desktop/larr_project/umv_control/install/utils:/home/vdcl/Desktop/larr_project/umv_control/install/lower_controller:/home/vdcl/Desktop/larr_project/umv_control/install/host_vehicle_filter:/home/vdcl/Desktop/larr_project/umv_control/install/global_path:/home/vdcl/Desktop/larr_project/umv_control/install/motion_planner:/opt/ros/humble')]), 'shell': False}
[5.691428] (umv_msgs) StdoutLine: {'line': b'-- Install configuration: ""\n'}
[5.691641] (umv_msgs) StdoutLine: {'line': b'-- Up-to-date: /home/vdcl/Desktop/larr_project/umv_control/install/umv_msgs/share/ament_index/resource_index/rosidl_interfaces/umv_msgs\n'}
[5.691817] (umv_msgs) StdoutLine: {'line': b'-- Up-to-date: /home/vdcl/Desktop/larr_project/umv_control/install/umv_msgs/include/umv_msgs/umv_msgs\n'}
[5.691932] (umv_msgs) StdoutLine: {'line': b'-- Up-to-date: /home/vdcl/Desktop/larr_project/umv_control/install/umv_msgs/include/umv_msgs/umv_msgs/msg\n'}
[5.692035] (umv_msgs) StdoutLine: {'line': b'-- Up-to-date: /home/vdcl/Desktop/larr_project/umv_control/install/umv_msgs/include/umv_msgs/umv_msgs/msg/rosidl_generator_c__visibility_control.h\n'}
[5.692136] (umv_msgs) StdoutLine: {'line': b'-- Up-to-date: /home/vdcl/Desktop/larr_project/umv_control/install/umv_msgs/include/umv_msgs/umv_msgs/msg/global_path.h\n'}
[5.692229] (umv_msgs) StdoutLine: {'line': b'-- Up-to-date: /home/vdcl/Desktop/larr_project/umv_control/install/umv_msgs/include/umv_msgs/umv_msgs/msg/acu_cmd.h\n'}
[5.692317] (umv_msgs) StdoutLine: {'line': b'-- Up-to-date: /home/vdcl/Desktop/larr_project/umv_control/install/umv_msgs/include/umv_msgs/umv_msgs/msg/host_vehicle_filter.h\n'}
[5.692373] (umv_msgs) StdoutLine: {'line': b'-- Up-to-date: /home/vdcl/Desktop/larr_project/umv_control/install/umv_msgs/include/umv_msgs/umv_msgs/msg/obstacles.h\n'}
[5.692439] (umv_msgs) StdoutLine: {'line': b'-- Up-to-date: /home/vdcl/Desktop/larr_project/umv_control/install/umv_msgs/include/umv_msgs/umv_msgs/msg/local_ref_path.h\n'}
[5.692506] (umv_msgs) StdoutLine: {'line': b'-- Up-to-date: /home/vdcl/Desktop/larr_project/umv_control/install/umv_msgs/include/umv_msgs/umv_msgs/msg/detail\n'}
[5.692559] (umv_msgs) StdoutLine: {'line': b'-- Up-to-date: /home/vdcl/Desktop/larr_project/umv_control/install/umv_msgs/include/umv_msgs/umv_msgs/msg/detail/global_path__struct.h\n'}
[5.692612] (umv_msgs) StdoutLine: {'line': b'-- Up-to-date: /home/vdcl/Desktop/larr_project/umv_control/install/umv_msgs/include/umv_msgs/umv_msgs/msg/detail/acu_cmd__functions.c\n'}
[5.692677] (umv_msgs) StdoutLine: {'line': b'-- Up-to-date: /home/vdcl/Desktop/larr_project/umv_control/install/umv_msgs/include/umv_msgs/umv_msgs/msg/detail/obstacles__functions.c\n'}
[5.692735] (umv_msgs) StdoutLine: {'line': b'-- Up-to-date: /home/vdcl/Desktop/larr_project/umv_control/install/umv_msgs/include/umv_msgs/umv_msgs/msg/detail/local_ref_path__type_support.h\n'}
[5.692790] (umv_msgs) StdoutLine: {'line': b'-- Up-to-date: /home/vdcl/Desktop/larr_project/umv_control/install/umv_msgs/include/umv_msgs/umv_msgs/msg/detail/host_vehicle_filter__type_support.h\n'}
[5.692842] (umv_msgs) StdoutLine: {'line': b'-- Up-to-date: /home/vdcl/Desktop/larr_project/umv_control/install/umv_msgs/include/umv_msgs/umv_msgs/msg/detail/host_vehicle_filter__struct.h\n'}
[5.692895] (umv_msgs) StdoutLine: {'line': b'-- Up-to-date: /home/vdcl/Desktop/larr_project/umv_control/install/umv_msgs/include/umv_msgs/umv_msgs/msg/detail/local_ref_path__functions.c\n'}
[5.692947] (umv_msgs) StdoutLine: {'line': b'-- Up-to-date: /home/vdcl/Desktop/larr_project/umv_control/install/umv_msgs/include/umv_msgs/umv_msgs/msg/detail/acu_cmd__struct.h\n'}
[5.692999] (umv_msgs) StdoutLine: {'line': b'-- Up-to-date: /home/vdcl/Desktop/larr_project/umv_control/install/umv_msgs/include/umv_msgs/umv_msgs/msg/detail/acu_cmd__functions.h\n'}
[5.693052] (umv_msgs) StdoutLine: {'line': b'-- Up-to-date: /home/vdcl/Desktop/larr_project/umv_control/install/umv_msgs/include/umv_msgs/umv_msgs/msg/detail/host_vehicle_filter__functions.c\n'}
[5.693104] (umv_msgs) StdoutLine: {'line': b'-- Up-to-date: /home/vdcl/Desktop/larr_project/umv_control/install/umv_msgs/include/umv_msgs/umv_msgs/msg/detail/acu_cmd__type_support.h\n'}
[5.693155] (umv_msgs) StdoutLine: {'line': b'-- Up-to-date: /home/vdcl/Desktop/larr_project/umv_control/install/umv_msgs/include/umv_msgs/umv_msgs/msg/detail/host_vehicle_filter__functions.h\n'}
[5.693216] (umv_msgs) StdoutLine: {'line': b'-- Up-to-date: /home/vdcl/Desktop/larr_project/umv_control/install/umv_msgs/include/umv_msgs/umv_msgs/msg/detail/global_path__functions.c\n'}
[5.693282] (umv_msgs) StdoutLine: {'line': b'-- Up-to-date: /home/vdcl/Desktop/larr_project/umv_control/install/umv_msgs/include/umv_msgs/umv_msgs/msg/detail/obstacles__struct.h\n'}
[5.693340] (umv_msgs) StdoutLine: {'line': b'-- Up-to-date: /home/vdcl/Desktop/larr_project/umv_control/install/umv_msgs/include/umv_msgs/umv_msgs/msg/detail/local_ref_path__struct.h\n'}
[5.693393] (umv_msgs) StdoutLine: {'line': b'-- Up-to-date: /home/vdcl/Desktop/larr_project/umv_control/install/umv_msgs/include/umv_msgs/umv_msgs/msg/detail/obstacles__functions.h\n'}
[5.693445] (umv_msgs) StdoutLine: {'line': b'-- Up-to-date: /home/vdcl/Desktop/larr_project/umv_control/install/umv_msgs/include/umv_msgs/umv_msgs/msg/detail/global_path__type_support.h\n'}
[5.693497] (umv_msgs) StdoutLine: {'line': b'-- Up-to-date: /home/vdcl/Desktop/larr_project/umv_control/install/umv_msgs/include/umv_msgs/umv_msgs/msg/detail/obstacles__type_support.h\n'}
[5.693548] (umv_msgs) StdoutLine: {'line': b'-- Up-to-date: /home/vdcl/Desktop/larr_project/umv_control/install/umv_msgs/include/umv_msgs/umv_msgs/msg/detail/local_ref_path__functions.h\n'}
[5.693600] (umv_msgs) StdoutLine: {'line': b'-- Up-to-date: /home/vdcl/Desktop/larr_project/umv_control/install/umv_msgs/include/umv_msgs/umv_msgs/msg/detail/global_path__functions.h\n'}
[5.693653] (umv_msgs) StdoutLine: {'line': b'-- Up-to-date: /home/vdcl/Desktop/larr_project/umv_control/install/umv_msgs/share/umv_msgs/environment/library_path.sh\n'}
[5.693705] (umv_msgs) StdoutLine: {'line': b'-- Up-to-date: /home/vdcl/Desktop/larr_project/umv_control/install/umv_msgs/share/umv_msgs/environment/library_path.dsv\n'}
[5.695148] (umv_msgs) StdoutLine: {'line': b'-- Up-to-date: /home/vdcl/Desktop/larr_project/umv_control/install/umv_msgs/lib/libumv_msgs__rosidl_generator_c.so\n'}
[5.695363] (umv_msgs) StdoutLine: {'line': b'-- Up-to-date: /home/vdcl/Desktop/larr_project/umv_control/install/umv_msgs/include/umv_msgs/umv_msgs\n'}
[5.695455] (umv_msgs) StdoutLine: {'line': b'-- Up-to-date: /home/vdcl/Desktop/larr_project/umv_control/install/umv_msgs/include/umv_msgs/umv_msgs/msg\n'}
[5.695593] (umv_msgs) StdoutLine: {'line': b'-- Up-to-date: /home/vdcl/Desktop/larr_project/umv_control/install/umv_msgs/include/umv_msgs/umv_msgs/msg/rosidl_typesupport_fastrtps_c__visibility_control.h\n'}
[5.695679] (umv_msgs) StdoutLine: {'line': b'-- Up-to-date: /home/vdcl/Desktop/larr_project/umv_control/install/umv_msgs/include/umv_msgs/umv_msgs/msg/detail\n'}
[5.695739] (umv_msgs) StdoutLine: {'line': b'-- Up-to-date: /home/vdcl/Desktop/larr_project/umv_control/install/umv_msgs/include/umv_msgs/umv_msgs/msg/detail/global_path__rosidl_typesupport_fastrtps_c.h\n'}
[5.695795] (umv_msgs) StdoutLine: {'line': b'-- Up-to-date: /home/vdcl/Desktop/larr_project/umv_control/install/umv_msgs/include/umv_msgs/umv_msgs/msg/detail/local_ref_path__rosidl_typesupport_fastrtps_c.h\n'}
[5.695849] (umv_msgs) StdoutLine: {'line': b'-- Up-to-date: /home/vdcl/Desktop/larr_project/umv_control/install/umv_msgs/include/umv_msgs/umv_msgs/msg/detail/obstacles__rosidl_typesupport_fastrtps_c.h\n'}
[5.695902] (umv_msgs) StdoutLine: {'line': b'-- Up-to-date: /home/vdcl/Desktop/larr_project/umv_control/install/umv_msgs/include/umv_msgs/umv_msgs/msg/detail/host_vehicle_filter__rosidl_typesupport_fastrtps_c.h\n'}
[5.695956] (umv_msgs) StdoutLine: {'line': b'-- Up-to-date: /home/vdcl/Desktop/larr_project/umv_control/install/umv_msgs/include/umv_msgs/umv_msgs/msg/detail/acu_cmd__rosidl_typesupport_fastrtps_c.h\n'}
[5.697449] (umv_msgs) StdoutLine: {'line': b'-- Installing: /home/vdcl/Desktop/larr_project/umv_control/install/umv_msgs/lib/libumv_msgs__rosidl_typesupport_fastrtps_c.so\n'}
[5.697932] (umv_msgs) StdoutLine: {'line': b'-- Set runtime path of "/home/vdcl/Desktop/larr_project/umv_control/install/umv_msgs/lib/libumv_msgs__rosidl_typesupport_fastrtps_c.so" to ""\n'}
[5.698017] (umv_msgs) StdoutLine: {'line': b'-- Up-to-date: /home/vdcl/Desktop/larr_project/umv_control/install/umv_msgs/include/umv_msgs/umv_msgs\n'}
[5.701079] (umv_msgs) StdoutLine: {'line': b'-- Up-to-date: /home/vdcl/Desktop/larr_project/umv_control/install/umv_msgs/include/umv_msgs/umv_msgs/msg\n'}
[5.701244] (umv_msgs) StdoutLine: {'line': b'-- Up-to-date: /home/vdcl/Desktop/larr_project/umv_control/install/umv_msgs/include/umv_msgs/umv_msgs/msg/rosidl_typesupport_introspection_c__visibility_control.h\n'}
[5.701436] (umv_msgs) StdoutLine: {'line': b'-- Up-to-date: /home/vdcl/Desktop/larr_project/umv_control/install/umv_msgs/include/umv_msgs/umv_msgs/msg/detail\n'}
[5.701585] (umv_msgs) StdoutLine: {'line': b'-- Up-to-date: /home/vdcl/Desktop/larr_project/umv_control/install/umv_msgs/include/umv_msgs/umv_msgs/msg/detail/global_path__type_support.c\n'}
[5.701681] (umv_msgs) StdoutLine: {'line': b'-- Up-to-date: /home/vdcl/Desktop/larr_project/umv_control/install/umv_msgs/include/umv_msgs/umv_msgs/msg/detail/acu_cmd__type_support.c\n'}
[5.701785] (umv_msgs) StdoutLine: {'line': b'-- Up-to-date: /home/vdcl/Desktop/larr_project/umv_control/install/umv_msgs/include/umv_msgs/umv_msgs/msg/detail/host_vehicle_filter__rosidl_typesupport_introspection_c.h\n'}
[5.701882] (umv_msgs) StdoutLine: {'line': b'-- Up-to-date: /home/vdcl/Desktop/larr_project/umv_control/install/umv_msgs/include/umv_msgs/umv_msgs/msg/detail/local_ref_path__type_support.c\n'}
[5.701982] (umv_msgs) StdoutLine: {'line': b'-- Up-to-date: /home/vdcl/Desktop/larr_project/umv_control/install/umv_msgs/include/umv_msgs/umv_msgs/msg/detail/obstacles__type_support.c\n'}
[5.702080] (umv_msgs) StdoutLine: {'line': b'-- Up-to-date: /home/vdcl/Desktop/larr_project/umv_control/install/umv_msgs/include/umv_msgs/umv_msgs/msg/detail/local_ref_path__rosidl_typesupport_introspection_c.h\n'}
[5.702180] (umv_msgs) StdoutLine: {'line': b'-- Up-to-date: /home/vdcl/Desktop/larr_project/umv_control/install/umv_msgs/include/umv_msgs/umv_msgs/msg/detail/global_path__rosidl_typesupport_introspection_c.h\n'}
[5.702294] (umv_msgs) StdoutLine: {'line': b'-- Up-to-date: /home/vdcl/Desktop/larr_project/umv_control/install/umv_msgs/include/umv_msgs/umv_msgs/msg/detail/acu_cmd__rosidl_typesupport_introspection_c.h\n'}
[5.702396] (umv_msgs) StdoutLine: {'line': b'-- Up-to-date: /home/vdcl/Desktop/larr_project/umv_control/install/umv_msgs/include/umv_msgs/umv_msgs/msg/detail/obstacles__rosidl_typesupport_introspection_c.h\n'}
[5.702495] (umv_msgs) StdoutLine: {'line': b'-- Up-to-date: /home/vdcl/Desktop/larr_project/umv_control/install/umv_msgs/include/umv_msgs/umv_msgs/msg/detail/host_vehicle_filter__type_support.c\n'}
[5.712579] (umv_msgs) StdoutLine: {'line': b'-- Up-to-date: /home/vdcl/Desktop/larr_project/umv_control/install/umv_msgs/lib/libumv_msgs__rosidl_typesupport_introspection_c.so\n'}
[5.717094] (umv_msgs) StdoutLine: {'line': b'-- Up-to-date: /home/vdcl/Desktop/larr_project/umv_control/install/umv_msgs/lib/libumv_msgs__rosidl_typesupport_c.so\n'}
[5.717273] (umv_msgs) StdoutLine: {'line': b'-- Up-to-date: /home/vdcl/Desktop/larr_project/umv_control/install/umv_msgs/include/umv_msgs/umv_msgs\n'}
[5.717438] (umv_msgs) StdoutLine: {'line': b'-- Up-to-date: /home/vdcl/Desktop/larr_project/umv_control/install/umv_msgs/include/umv_msgs/umv_msgs/msg\n'}
[5.717657] (umv_msgs) StdoutLine: {'line': b'-- Up-to-date: /home/vdcl/Desktop/larr_project/umv_control/install/umv_msgs/include/umv_msgs/umv_msgs/msg/host_vehicle_filter.hpp\n'}
[5.717806] (umv_msgs) StdoutLine: {'line': b'-- Up-to-date: /home/vdcl/Desktop/larr_project/umv_control/install/umv_msgs/include/umv_msgs/umv_msgs/msg/global_path.hpp\n'}
[5.717947] (umv_msgs) StdoutLine: {'line': b'-- Up-to-date: /home/vdcl/Desktop/larr_project/umv_control/install/umv_msgs/include/umv_msgs/umv_msgs/msg/obstacles.hpp\n'}
[5.718081] (umv_msgs) StdoutLine: {'line': b'-- Up-to-date: /home/vdcl/Desktop/larr_project/umv_control/install/umv_msgs/include/umv_msgs/umv_msgs/msg/local_ref_path.hpp\n'}
[5.718231] (umv_msgs) StdoutLine: {'line': b'-- Up-to-date: /home/vdcl/Desktop/larr_project/umv_control/install/umv_msgs/include/umv_msgs/umv_msgs/msg/acu_cmd.hpp\n'}
[5.718343] (umv_msgs) StdoutLine: {'line': b'-- Up-to-date: /home/vdcl/Desktop/larr_project/umv_control/install/umv_msgs/include/umv_msgs/umv_msgs/msg/detail\n'}
[5.718426] (umv_msgs) StdoutLine: {'line': b'-- Up-to-date: /home/vdcl/Desktop/larr_project/umv_control/install/umv_msgs/include/umv_msgs/umv_msgs/msg/detail/local_ref_path__traits.hpp\n'}
[5.718517] (umv_msgs) StdoutLine: {'line': b'-- Up-to-date: /home/vdcl/Desktop/larr_project/umv_control/install/umv_msgs/include/umv_msgs/umv_msgs/msg/detail/global_path__builder.hpp\n'}
[5.718583] (umv_msgs) StdoutLine: {'line': b'-- Up-to-date: /home/vdcl/Desktop/larr_project/umv_control/install/umv_msgs/include/umv_msgs/umv_msgs/msg/detail/acu_cmd__traits.hpp\n'}
[5.718660] (umv_msgs) StdoutLine: {'line': b'-- Up-to-date: /home/vdcl/Desktop/larr_project/umv_control/install/umv_msgs/include/umv_msgs/umv_msgs/msg/detail/local_ref_path__builder.hpp\n'}
[5.718777] (umv_msgs) StdoutLine: {'line': b'-- Up-to-date: /home/vdcl/Desktop/larr_project/umv_control/install/umv_msgs/include/umv_msgs/umv_msgs/msg/detail/acu_cmd__builder.hpp\n'}
[5.718876] (umv_msgs) StdoutLine: {'line': b'-- Up-to-date: /home/vdcl/Desktop/larr_project/umv_control/install/umv_msgs/include/umv_msgs/umv_msgs/msg/detail/host_vehicle_filter__builder.hpp\n'}
[5.718968] (umv_msgs) StdoutLine: {'line': b'-- Up-to-date: /home/vdcl/Desktop/larr_project/umv_control/install/umv_msgs/include/umv_msgs/umv_msgs/msg/detail/obstacles__builder.hpp\n'}
[5.719064] (umv_msgs) StdoutLine: {'line': b'-- Up-to-date: /home/vdcl/Desktop/larr_project/umv_control/install/umv_msgs/include/umv_msgs/umv_msgs/msg/detail/acu_cmd__struct.hpp\n'}
[5.719154] (umv_msgs) StdoutLine: {'line': b'-- Up-to-date: /home/vdcl/Desktop/larr_project/umv_control/install/umv_msgs/include/umv_msgs/umv_msgs/msg/detail/local_ref_path__struct.hpp\n'}
[5.719257] (umv_msgs) StdoutLine: {'line': b'-- Up-to-date: /home/vdcl/Desktop/larr_project/umv_control/install/umv_msgs/include/umv_msgs/umv_msgs/msg/detail/global_path__traits.hpp\n'}
[5.719351] (umv_msgs) StdoutLine: {'line': b'-- Up-to-date: /home/vdcl/Desktop/larr_project/umv_control/install/umv_msgs/include/umv_msgs/umv_msgs/msg/detail/host_vehicle_filter__struct.hpp\n'}
[5.719446] (umv_msgs) StdoutLine: {'line': b'-- Up-to-date: /home/vdcl/Desktop/larr_project/umv_control/install/umv_msgs/include/umv_msgs/umv_msgs/msg/detail/host_vehicle_filter__traits.hpp\n'}
[5.719538] (umv_msgs) StdoutLine: {'line': b'-- Up-to-date: /home/vdcl/Desktop/larr_project/umv_control/install/umv_msgs/include/umv_msgs/umv_msgs/msg/detail/global_path__struct.hpp\n'}
[5.719626] (umv_msgs) StdoutLine: {'line': b'-- Up-to-date: /home/vdcl/Desktop/larr_project/umv_control/install/umv_msgs/include/umv_msgs/umv_msgs/msg/detail/obstacles__traits.hpp\n'}
[5.719713] (umv_msgs) StdoutLine: {'line': b'-- Up-to-date: /home/vdcl/Desktop/larr_project/umv_control/install/umv_msgs/include/umv_msgs/umv_msgs/msg/detail/obstacles__struct.hpp\n'}
[5.719801] (umv_msgs) StdoutLine: {'line': b'-- Up-to-date: /home/vdcl/Desktop/larr_project/umv_control/install/umv_msgs/include/umv_msgs/umv_msgs\n'}
[5.719889] (umv_msgs) StdoutLine: {'line': b'-- Up-to-date: /home/vdcl/Desktop/larr_project/umv_control/install/umv_msgs/include/umv_msgs/umv_msgs/msg\n'}
[5.719976] (umv_msgs) StdoutLine: {'line': b'-- Up-to-date: /home/vdcl/Desktop/larr_project/umv_control/install/umv_msgs/include/umv_msgs/umv_msgs/msg/detail\n'}
[5.720065] (umv_msgs) StdoutLine: {'line': b'-- Up-to-date: /home/vdcl/Desktop/larr_project/umv_control/install/umv_msgs/include/umv_msgs/umv_msgs/msg/detail/host_vehicle_filter__rosidl_typesupport_fastrtps_cpp.hpp\n'}
[5.720139] (umv_msgs) StdoutLine: {'line': b'-- Up-to-date: /home/vdcl/Desktop/larr_project/umv_control/install/umv_msgs/include/umv_msgs/umv_msgs/msg/detail/obstacles__rosidl_typesupport_fastrtps_cpp.hpp\n'}
[5.720196] (umv_msgs) StdoutLine: {'line': b'-- Up-to-date: /home/vdcl/Desktop/larr_project/umv_control/install/umv_msgs/include/umv_msgs/umv_msgs/msg/detail/acu_cmd__rosidl_typesupport_fastrtps_cpp.hpp\n'}
[5.720257] (umv_msgs) StdoutLine: {'line': b'-- Up-to-date: /home/vdcl/Desktop/larr_project/umv_control/install/umv_msgs/include/umv_msgs/umv_msgs/msg/detail/global_path__rosidl_typesupport_fastrtps_cpp.hpp\n'}
[5.720314] (umv_msgs) StdoutLine: {'line': b'-- Up-to-date: /home/vdcl/Desktop/larr_project/umv_control/install/umv_msgs/include/umv_msgs/umv_msgs/msg/detail/local_ref_path__rosidl_typesupport_fastrtps_cpp.hpp\n'}
[5.720367] (umv_msgs) StdoutLine: {'line': b'-- Up-to-date: /home/vdcl/Desktop/larr_project/umv_control/install/umv_msgs/include/umv_msgs/umv_msgs/msg/detail/dds_fastrtps\n'}
[5.720420] (umv_msgs) StdoutLine: {'line': b'-- Up-to-date: /home/vdcl/Desktop/larr_project/umv_control/install/umv_msgs/include/umv_msgs/umv_msgs/msg/rosidl_typesupport_fastrtps_cpp__visibility_control.h\n'}
[5.722228] (-) TimerEvent: {}
[5.723566] (umv_msgs) StdoutLine: {'line': b'-- Installing: /home/vdcl/Desktop/larr_project/umv_control/install/umv_msgs/lib/libumv_msgs__rosidl_typesupport_fastrtps_cpp.so\n'}
[5.724248] (umv_msgs) StdoutLine: {'line': b'-- Set runtime path of "/home/vdcl/Desktop/larr_project/umv_control/install/umv_msgs/lib/libumv_msgs__rosidl_typesupport_fastrtps_cpp.so" to ""\n'}
[5.724396] (umv_msgs) StdoutLine: {'line': b'-- Up-to-date: /home/vdcl/Desktop/larr_project/umv_control/install/umv_msgs/include/umv_msgs/umv_msgs\n'}
[5.724875] (umv_msgs) StdoutLine: {'line': b'-- Up-to-date: /home/vdcl/Desktop/larr_project/umv_control/install/umv_msgs/include/umv_msgs/umv_msgs/msg\n'}
[5.724977] (umv_msgs) StdoutLine: {'line': b'-- Up-to-date: /home/vdcl/Desktop/larr_project/umv_control/install/umv_msgs/include/umv_msgs/umv_msgs/msg/detail\n'}
[5.725037] (umv_msgs) StdoutLine: {'line': b'-- Up-to-date: /home/vdcl/Desktop/larr_project/umv_control/install/umv_msgs/include/umv_msgs/umv_msgs/msg/detail/acu_cmd__rosidl_typesupport_introspection_cpp.hpp\n'}
[5.725094] (umv_msgs) StdoutLine: {'line': b'-- Up-to-date: /home/vdcl/Desktop/larr_project/umv_control/install/umv_msgs/include/umv_msgs/umv_msgs/msg/detail/local_ref_path__rosidl_typesupport_introspection_cpp.hpp\n'}
[5.725148] (umv_msgs) StdoutLine: {'line': b'-- Up-to-date: /home/vdcl/Desktop/larr_project/umv_control/install/umv_msgs/include/umv_msgs/umv_msgs/msg/detail/acu_cmd__type_support.cpp\n'}
[5.725218] (umv_msgs) StdoutLine: {'line': b'-- Up-to-date: /home/vdcl/Desktop/larr_project/umv_control/install/umv_msgs/include/umv_msgs/umv_msgs/msg/detail/local_ref_path__type_support.cpp\n'}
[5.725289] (umv_msgs) StdoutLine: {'line': b'-- Up-to-date: /home/vdcl/Desktop/larr_project/umv_control/install/umv_msgs/include/umv_msgs/umv_msgs/msg/detail/host_vehicle_filter__type_support.cpp\n'}
[5.725343] (umv_msgs) StdoutLine: {'line': b'-- Up-to-date: /home/vdcl/Desktop/larr_project/umv_control/install/umv_msgs/include/umv_msgs/umv_msgs/msg/detail/global_path__rosidl_typesupport_introspection_cpp.hpp\n'}
[5.725395] (umv_msgs) StdoutLine: {'line': b'-- Up-to-date: /home/vdcl/Desktop/larr_project/umv_control/install/umv_msgs/include/umv_msgs/umv_msgs/msg/detail/host_vehicle_filter__rosidl_typesupport_introspection_cpp.hpp\n'}
[5.725447] (umv_msgs) StdoutLine: {'line': b'-- Up-to-date: /home/vdcl/Desktop/larr_project/umv_control/install/umv_msgs/include/umv_msgs/umv_msgs/msg/detail/obstacles__type_support.cpp\n'}
[5.725499] (umv_msgs) StdoutLine: {'line': b'-- Up-to-date: /home/vdcl/Desktop/larr_project/umv_control/install/umv_msgs/include/umv_msgs/umv_msgs/msg/detail/obstacles__rosidl_typesupport_introspection_cpp.hpp\n'}
[5.725555] (umv_msgs) StdoutLine: {'line': b'-- Up-to-date: /home/vdcl/Desktop/larr_project/umv_control/install/umv_msgs/include/umv_msgs/umv_msgs/msg/detail/global_path__type_support.cpp\n'}
[5.727646] (umv_msgs) StdoutLine: {'line': b'-- Installing: /home/vdcl/Desktop/larr_project/umv_control/install/umv_msgs/lib/libumv_msgs__rosidl_typesupport_introspection_cpp.so\n'}
[5.728195] (umv_msgs) StdoutLine: {'line': b'-- Set runtime path of "/home/vdcl/Desktop/larr_project/umv_control/install/umv_msgs/lib/libumv_msgs__rosidl_typesupport_introspection_cpp.so" to ""\n'}
[5.729703] (umv_msgs) StdoutLine: {'line': b'-- Installing: /home/vdcl/Desktop/larr_project/umv_control/install/umv_msgs/lib/libumv_msgs__rosidl_typesupport_cpp.so\n'}
[5.730242] (umv_msgs) StdoutLine: {'line': b'-- Set runtime path of "/home/vdcl/Desktop/larr_project/umv_control/install/umv_msgs/lib/libumv_msgs__rosidl_typesupport_cpp.so" to ""\n'}
[5.730422] (umv_msgs) StdoutLine: {'line': b'-- Up-to-date: /home/vdcl/Desktop/larr_project/umv_control/install/umv_msgs/share/umv_msgs/environment/pythonpath.sh\n'}
[5.730547] (umv_msgs) StdoutLine: {'line': b'-- Up-to-date: /home/vdcl/Desktop/larr_project/umv_control/install/umv_msgs/share/umv_msgs/environment/pythonpath.dsv\n'}
[5.730655] (umv_msgs) StdoutLine: {'line': b'-- Up-to-date: /home/vdcl/Desktop/larr_project/umv_control/install/umv_msgs/local/lib/python3.10/dist-packages/umv_msgs-0.0.0-py3.10.egg-info\n'}
[5.730755] (umv_msgs) StdoutLine: {'line': b'-- Installing: /home/vdcl/Desktop/larr_project/umv_control/install/umv_msgs/local/lib/python3.10/dist-packages/umv_msgs-0.0.0-py3.10.egg-info/dependency_links.txt\n'}
[5.730979] (umv_msgs) StdoutLine: {'line': b'-- Installing: /home/vdcl/Desktop/larr_project/umv_control/install/umv_msgs/local/lib/python3.10/dist-packages/umv_msgs-0.0.0-py3.10.egg-info/SOURCES.txt\n'}
[5.731456] (umv_msgs) StdoutLine: {'line': b'-- Installing: /home/vdcl/Desktop/larr_project/umv_control/install/umv_msgs/local/lib/python3.10/dist-packages/umv_msgs-0.0.0-py3.10.egg-info/top_level.txt\n'}
[5.731904] (umv_msgs) StdoutLine: {'line': b'-- Installing: /home/vdcl/Desktop/larr_project/umv_control/install/umv_msgs/local/lib/python3.10/dist-packages/umv_msgs-0.0.0-py3.10.egg-info/PKG-INFO\n'}
[5.732500] (umv_msgs) StdoutLine: {'line': b'-- Up-to-date: /home/vdcl/Desktop/larr_project/umv_control/install/umv_msgs/local/lib/python3.10/dist-packages/umv_msgs\n'}
[5.732678] (umv_msgs) StdoutLine: {'line': b'-- Up-to-date: /home/vdcl/Desktop/larr_project/umv_control/install/umv_msgs/local/lib/python3.10/dist-packages/umv_msgs/msg\n'}
[5.732918] (umv_msgs) StdoutLine: {'line': b'-- Up-to-date: /home/vdcl/Desktop/larr_project/umv_control/install/umv_msgs/local/lib/python3.10/dist-packages/umv_msgs/msg/_acu_cmd.py\n'}
[5.733055] (umv_msgs) StdoutLine: {'line': b'-- Up-to-date: /home/vdcl/Desktop/larr_project/umv_control/install/umv_msgs/local/lib/python3.10/dist-packages/umv_msgs/msg/_local_ref_path_s.c\n'}
[5.733183] (umv_msgs) StdoutLine: {'line': b'-- Up-to-date: /home/vdcl/Desktop/larr_project/umv_control/install/umv_msgs/local/lib/python3.10/dist-packages/umv_msgs/msg/_local_ref_path.py\n'}
[5.733412] (umv_msgs) StdoutLine: {'line': b'-- Up-to-date: /home/vdcl/Desktop/larr_project/umv_control/install/umv_msgs/local/lib/python3.10/dist-packages/umv_msgs/msg/_acu_cmd_s.c\n'}
[5.733541] (umv_msgs) StdoutLine: {'line': b'-- Up-to-date: /home/vdcl/Desktop/larr_project/umv_control/install/umv_msgs/local/lib/python3.10/dist-packages/umv_msgs/msg/_obstacles.py\n'}
[5.733648] (umv_msgs) StdoutLine: {'line': b'-- Up-to-date: /home/vdcl/Desktop/larr_project/umv_control/install/umv_msgs/local/lib/python3.10/dist-packages/umv_msgs/msg/_global_path.py\n'}
[5.733789] (umv_msgs) StdoutLine: {'line': b'-- Up-to-date: /home/vdcl/Desktop/larr_project/umv_control/install/umv_msgs/local/lib/python3.10/dist-packages/umv_msgs/msg/_host_vehicle_filter.py\n'}
[5.733920] (umv_msgs) StdoutLine: {'line': b'-- Up-to-date: /home/vdcl/Desktop/larr_project/umv_control/install/umv_msgs/local/lib/python3.10/dist-packages/umv_msgs/msg/_obstacles_s.c\n'}
[5.734030] (umv_msgs) StdoutLine: {'line': b'-- Up-to-date: /home/vdcl/Desktop/larr_project/umv_control/install/umv_msgs/local/lib/python3.10/dist-packages/umv_msgs/msg/__init__.py\n'}
[5.734151] (umv_msgs) StdoutLine: {'line': b'-- Up-to-date: /home/vdcl/Desktop/larr_project/umv_control/install/umv_msgs/local/lib/python3.10/dist-packages/umv_msgs/msg/_host_vehicle_filter_s.c\n'}
[5.734270] (umv_msgs) StdoutLine: {'line': b'-- Up-to-date: /home/vdcl/Desktop/larr_project/umv_control/install/umv_msgs/local/lib/python3.10/dist-packages/umv_msgs/msg/_global_path_s.c\n'}
[5.734378] (umv_msgs) StdoutLine: {'line': b'-- Up-to-date: /home/vdcl/Desktop/larr_project/umv_control/install/umv_msgs/local/lib/python3.10/dist-packages/umv_msgs/_umv_msgs_s.ep.rosidl_typesupport_fastrtps_c.c\n'}
[5.734493] (umv_msgs) StdoutLine: {'line': b'-- Installing: /home/vdcl/Desktop/larr_project/umv_control/install/umv_msgs/local/lib/python3.10/dist-packages/umv_msgs/umv_msgs_s__rosidl_typesupport_introspection_c.cpython-310-x86_64-linux-gnu.so\n'}
[5.734600] (umv_msgs) StdoutLine: {'line': b'-- Up-to-date: /home/vdcl/Desktop/larr_project/umv_control/install/umv_msgs/local/lib/python3.10/dist-packages/umv_msgs/_umv_msgs_s.ep.rosidl_typesupport_c.c\n'}
[5.734689] (umv_msgs) StdoutLine: {'line': b'-- Installing: /home/vdcl/Desktop/larr_project/umv_control/install/umv_msgs/local/lib/python3.10/dist-packages/umv_msgs/umv_msgs_s__rosidl_typesupport_fastrtps_c.cpython-310-x86_64-linux-gnu.so\n'}
[5.734781] (umv_msgs) StdoutLine: {'line': b'-- Installing: /home/vdcl/Desktop/larr_project/umv_control/install/umv_msgs/local/lib/python3.10/dist-packages/umv_msgs/libumv_msgs__rosidl_generator_py.so\n'}
[5.734869] (umv_msgs) StdoutLine: {'line': b'-- Up-to-date: /home/vdcl/Desktop/larr_project/umv_control/install/umv_msgs/local/lib/python3.10/dist-packages/umv_msgs/__init__.py\n'}
[5.734957] (umv_msgs) StdoutLine: {'line': b'-- Installing: /home/vdcl/Desktop/larr_project/umv_control/install/umv_msgs/local/lib/python3.10/dist-packages/umv_msgs/umv_msgs_s__rosidl_typesupport_c.cpython-310-x86_64-linux-gnu.so\n'}
[5.735048] (umv_msgs) StdoutLine: {'line': b'-- Up-to-date: /home/vdcl/Desktop/larr_project/umv_control/install/umv_msgs/local/lib/python3.10/dist-packages/umv_msgs/_umv_msgs_s.ep.rosidl_typesupport_introspection_c.c\n'}
[5.788088] (umv_msgs) StdoutLine: {'line': b"Listing '/home/vdcl/Desktop/larr_project/umv_control/install/umv_msgs/local/lib/python3.10/dist-packages/umv_msgs'...\n"}
[5.788752] (umv_msgs) StdoutLine: {'line': b"Listing '/home/vdcl/Desktop/larr_project/umv_control/install/umv_msgs/local/lib/python3.10/dist-packages/umv_msgs/msg'...\n"}
[5.808039] (umv_msgs) StdoutLine: {'line': b'-- Installing: /home/vdcl/Desktop/larr_project/umv_control/install/umv_msgs/local/lib/python3.10/dist-packages/umv_msgs/umv_msgs_s__rosidl_typesupport_fastrtps_c.cpython-310-x86_64-linux-gnu.so\n'}
[5.810964] (umv_msgs) StdoutLine: {'line': b'-- Set runtime path of "/home/vdcl/Desktop/larr_project/umv_control/install/umv_msgs/local/lib/python3.10/dist-packages/umv_msgs/umv_msgs_s__rosidl_typesupport_fastrtps_c.cpython-310-x86_64-linux-gnu.so" to ""\n'}
[5.812137] (umv_msgs) StdoutLine: {'line': b'-- Installing: /home/vdcl/Desktop/larr_project/umv_control/install/umv_msgs/local/lib/python3.10/dist-packages/umv_msgs/umv_msgs_s__rosidl_typesupport_introspection_c.cpython-310-x86_64-linux-gnu.so\n'}
[5.814797] (umv_msgs) StdoutLine: {'line': b'-- Set runtime path of "/home/vdcl/Desktop/larr_project/umv_control/install/umv_msgs/local/lib/python3.10/dist-packages/umv_msgs/umv_msgs_s__rosidl_typesupport_introspection_c.cpython-310-x86_64-linux-gnu.so" to ""\n'}
[5.815814] (umv_msgs) StdoutLine: {'line': b'-- Installing: /home/vdcl/Desktop/larr_project/umv_control/install/umv_msgs/local/lib/python3.10/dist-packages/umv_msgs/umv_msgs_s__rosidl_typesupport_c.cpython-310-x86_64-linux-gnu.so\n'}
[5.817659] (umv_msgs) StdoutLine: {'line': b'-- Set runtime path of "/home/vdcl/Desktop/larr_project/umv_control/install/umv_msgs/local/lib/python3.10/dist-packages/umv_msgs/umv_msgs_s__rosidl_typesupport_c.cpython-310-x86_64-linux-gnu.so" to ""\n'}
[5.821565] (umv_msgs) StdoutLine: {'line': b'-- Installing: /home/vdcl/Desktop/larr_project/umv_control/install/umv_msgs/lib/libumv_msgs__rosidl_generator_py.so\n'}
[5.822326] (-) TimerEvent: {}
[5.823124] (umv_msgs) StdoutLine: {'line': b'-- Set runtime path of "/home/vdcl/Desktop/larr_project/umv_control/install/umv_msgs/lib/libumv_msgs__rosidl_generator_py.so" to ""\n'}
[5.823709] (umv_msgs) StdoutLine: {'line': b'-- Up-to-date: /home/vdcl/Desktop/larr_project/umv_control/install/umv_msgs/share/umv_msgs/msg/LocalRefPath.idl\n'}
[5.824033] (umv_msgs) StdoutLine: {'line': b'-- Up-to-date: /home/vdcl/Desktop/larr_project/umv_control/install/umv_msgs/share/umv_msgs/msg/HostVehicleFilter.idl\n'}
[5.824507] (umv_msgs) StdoutLine: {'line': b'-- Up-to-date: /home/vdcl/Desktop/larr_project/umv_control/install/umv_msgs/share/umv_msgs/msg/AcuCmd.idl\n'}
[5.824866] (umv_msgs) StdoutLine: {'line': b'-- Up-to-date: /home/vdcl/Desktop/larr_project/umv_control/install/umv_msgs/share/umv_msgs/msg/GlobalPath.idl\n'}
[5.825128] (umv_msgs) StdoutLine: {'line': b'-- Up-to-date: /home/vdcl/Desktop/larr_project/umv_control/install/umv_msgs/share/umv_msgs/msg/Obstacles.idl\n'}
[5.825375] (umv_msgs) StdoutLine: {'line': b'-- Up-to-date: /home/vdcl/Desktop/larr_project/umv_control/install/umv_msgs/share/umv_msgs/msg/LocalRefPath.msg\n'}
[5.825538] (umv_msgs) StdoutLine: {'line': b'-- Up-to-date: /home/vdcl/Desktop/larr_project/umv_control/install/umv_msgs/share/umv_msgs/msg/HostVehicleFilter.msg\n'}
[5.825917] (umv_msgs) StdoutLine: {'line': b'-- Up-to-date: /home/vdcl/Desktop/larr_project/umv_control/install/umv_msgs/share/umv_msgs/msg/AcuCmd.msg\n'}
[5.826104] (umv_msgs) StdoutLine: {'line': b'-- Up-to-date: /home/vdcl/Desktop/larr_project/umv_control/install/umv_msgs/share/umv_msgs/msg/GlobalPath.msg\n'}
[5.826394] (umv_msgs) StdoutLine: {'line': b'-- Up-to-date: /home/vdcl/Desktop/larr_project/umv_control/install/umv_msgs/share/umv_msgs/msg/Obstacles.msg\n'}
[5.826656] (umv_msgs) StdoutLine: {'line': b'-- Up-to-date: /home/vdcl/Desktop/larr_project/umv_control/install/umv_msgs/share/ament_index/resource_index/package_run_dependencies/umv_msgs\n'}
[5.826879] (umv_msgs) StdoutLine: {'line': b'-- Up-to-date: /home/vdcl/Desktop/larr_project/umv_control/install/umv_msgs/share/ament_index/resource_index/parent_prefix_path/umv_msgs\n'}
[5.827050] (umv_msgs) StdoutLine: {'line': b'-- Up-to-date: /home/vdcl/Desktop/larr_project/umv_control/install/umv_msgs/share/umv_msgs/environment/ament_prefix_path.sh\n'}
[5.827249] (umv_msgs) StdoutLine: {'line': b'-- Up-to-date: /home/vdcl/Desktop/larr_project/umv_control/install/umv_msgs/share/umv_msgs/environment/ament_prefix_path.dsv\n'}
[5.827528] (umv_msgs) StdoutLine: {'line': b'-- Up-to-date: /home/vdcl/Desktop/larr_project/umv_control/install/umv_msgs/share/umv_msgs/environment/path.sh\n'}
[5.827800] (umv_msgs) StdoutLine: {'line': b'-- Up-to-date: /home/vdcl/Desktop/larr_project/umv_control/install/umv_msgs/share/umv_msgs/environment/path.dsv\n'}
[5.828089] (umv_msgs) StdoutLine: {'line': b'-- Up-to-date: /home/vdcl/Desktop/larr_project/umv_control/install/umv_msgs/share/umv_msgs/local_setup.bash\n'}
[5.828361] (umv_msgs) StdoutLine: {'line': b'-- Up-to-date: /home/vdcl/Desktop/larr_project/umv_control/install/umv_msgs/share/umv_msgs/local_setup.sh\n'}
[5.828620] (umv_msgs) StdoutLine: {'line': b'-- Up-to-date: /home/vdcl/Desktop/larr_project/umv_control/install/umv_msgs/share/umv_msgs/local_setup.zsh\n'}
[5.828860] (umv_msgs) StdoutLine: {'line': b'-- Up-to-date: /home/vdcl/Desktop/larr_project/umv_control/install/umv_msgs/share/umv_msgs/local_setup.dsv\n'}
[5.829058] (umv_msgs) StdoutLine: {'line': b'-- Installing: /home/vdcl/Desktop/larr_project/umv_control/install/umv_msgs/share/umv_msgs/package.dsv\n'}
[5.829268] (umv_msgs) StdoutLine: {'line': b'-- Up-to-date: /home/vdcl/Desktop/larr_project/umv_control/install/umv_msgs/share/ament_index/resource_index/packages/umv_msgs\n'}
[5.829474] (umv_msgs) StdoutLine: {'line': b'-- Up-to-date: /home/vdcl/Desktop/larr_project/umv_control/install/umv_msgs/share/umv_msgs/cmake/export_umv_msgs__rosidl_generator_cExport.cmake\n'}
[5.829672] (umv_msgs) StdoutLine: {'line': b'-- Up-to-date: /home/vdcl/Desktop/larr_project/umv_control/install/umv_msgs/share/umv_msgs/cmake/export_umv_msgs__rosidl_generator_cExport-noconfig.cmake\n'}
[5.829983] (umv_msgs) StdoutLine: {'line': b'-- Up-to-date: /home/vdcl/Desktop/larr_project/umv_control/install/umv_msgs/share/umv_msgs/cmake/export_umv_msgs__rosidl_typesupport_fastrtps_cExport.cmake\n'}
[5.830239] (umv_msgs) StdoutLine: {'line': b'-- Up-to-date: /home/vdcl/Desktop/larr_project/umv_control/install/umv_msgs/share/umv_msgs/cmake/export_umv_msgs__rosidl_typesupport_fastrtps_cExport-noconfig.cmake\n'}
[5.832057] (umv_msgs) StdoutLine: {'line': b'-- Up-to-date: /home/vdcl/Desktop/larr_project/umv_control/install/umv_msgs/share/umv_msgs/cmake/umv_msgs__rosidl_typesupport_introspection_cExport.cmake\n'}
[5.832432] (umv_msgs) StdoutLine: {'line': b'-- Up-to-date: /home/vdcl/Desktop/larr_project/umv_control/install/umv_msgs/share/umv_msgs/cmake/umv_msgs__rosidl_typesupport_introspection_cExport-noconfig.cmake\n'}
[5.834299] (umv_msgs) StdoutLine: {'line': b'-- Up-to-date: /home/vdcl/Desktop/larr_project/umv_control/install/umv_msgs/share/umv_msgs/cmake/umv_msgs__rosidl_typesupport_cExport.cmake\n'}
[5.834707] (umv_msgs) StdoutLine: {'line': b'-- Up-to-date: /home/vdcl/Desktop/larr_project/umv_control/install/umv_msgs/share/umv_msgs/cmake/umv_msgs__rosidl_typesupport_cExport-noconfig.cmake\n'}
[5.836220] (umv_msgs) StdoutLine: {'line': b'-- Up-to-date: /home/vdcl/Desktop/larr_project/umv_control/install/umv_msgs/share/umv_msgs/cmake/export_umv_msgs__rosidl_generator_cppExport.cmake\n'}
[5.838173] (umv_msgs) StdoutLine: {'line': b'-- Up-to-date: /home/vdcl/Desktop/larr_project/umv_control/install/umv_msgs/share/umv_msgs/cmake/export_umv_msgs__rosidl_typesupport_fastrtps_cppExport.cmake\n'}
[5.838400] (umv_msgs) StdoutLine: {'line': b'-- Up-to-date: /home/vdcl/Desktop/larr_project/umv_control/install/umv_msgs/share/umv_msgs/cmake/export_umv_msgs__rosidl_typesupport_fastrtps_cppExport-noconfig.cmake\n'}
[5.840221] (umv_msgs) StdoutLine: {'line': b'-- Up-to-date: /home/vdcl/Desktop/larr_project/umv_control/install/umv_msgs/share/umv_msgs/cmake/umv_msgs__rosidl_typesupport_introspection_cppExport.cmake\n'}
[5.840420] (umv_msgs) StdoutLine: {'line': b'-- Up-to-date: /home/vdcl/Desktop/larr_project/umv_control/install/umv_msgs/share/umv_msgs/cmake/umv_msgs__rosidl_typesupport_introspection_cppExport-noconfig.cmake\n'}
[5.842146] (umv_msgs) StdoutLine: {'line': b'-- Up-to-date: /home/vdcl/Desktop/larr_project/umv_control/install/umv_msgs/share/umv_msgs/cmake/umv_msgs__rosidl_typesupport_cppExport.cmake\n'}
[5.842385] (umv_msgs) StdoutLine: {'line': b'-- Up-to-date: /home/vdcl/Desktop/larr_project/umv_control/install/umv_msgs/share/umv_msgs/cmake/umv_msgs__rosidl_typesupport_cppExport-noconfig.cmake\n'}
[5.844119] (umv_msgs) StdoutLine: {'line': b'-- Up-to-date: /home/vdcl/Desktop/larr_project/umv_control/install/umv_msgs/share/umv_msgs/cmake/export_umv_msgs__rosidl_generator_pyExport.cmake\n'}
[5.844364] (umv_msgs) StdoutLine: {'line': b'-- Up-to-date: /home/vdcl/Desktop/larr_project/umv_control/install/umv_msgs/share/umv_msgs/cmake/export_umv_msgs__rosidl_generator_pyExport-noconfig.cmake\n'}
[5.844662] (umv_msgs) StdoutLine: {'line': b'-- Up-to-date: /home/vdcl/Desktop/larr_project/umv_control/install/umv_msgs/share/umv_msgs/cmake/rosidl_cmake-extras.cmake\n'}
[5.844860] (umv_msgs) StdoutLine: {'line': b'-- Up-to-date: /home/vdcl/Desktop/larr_project/umv_control/install/umv_msgs/share/umv_msgs/cmake/ament_cmake_export_dependencies-extras.cmake\n'}
[5.845045] (umv_msgs) StdoutLine: {'line': b'-- Up-to-date: /home/vdcl/Desktop/larr_project/umv_control/install/umv_msgs/share/umv_msgs/cmake/ament_cmake_export_include_directories-extras.cmake\n'}
[5.845175] (umv_msgs) StdoutLine: {'line': b'-- Up-to-date: /home/vdcl/Desktop/larr_project/umv_control/install/umv_msgs/share/umv_msgs/cmake/ament_cmake_export_libraries-extras.cmake\n'}
[5.845326] (umv_msgs) StdoutLine: {'line': b'-- Up-to-date: /home/vdcl/Desktop/larr_project/umv_control/install/umv_msgs/share/umv_msgs/cmake/ament_cmake_export_targets-extras.cmake\n'}
[5.845456] (umv_msgs) StdoutLine: {'line': b'-- Up-to-date: /home/vdcl/Desktop/larr_project/umv_control/install/umv_msgs/share/umv_msgs/cmake/rosidl_cmake_export_typesupport_targets-extras.cmake\n'}
[5.845583] (umv_msgs) StdoutLine: {'line': b'-- Up-to-date: /home/vdcl/Desktop/larr_project/umv_control/install/umv_msgs/share/umv_msgs/cmake/rosidl_cmake_export_typesupport_libraries-extras.cmake\n'}
[5.845706] (umv_msgs) StdoutLine: {'line': b'-- Up-to-date: /home/vdcl/Desktop/larr_project/umv_control/install/umv_msgs/share/umv_msgs/cmake/umv_msgsConfig.cmake\n'}
[5.845829] (umv_msgs) StdoutLine: {'line': b'-- Up-to-date: /home/vdcl/Desktop/larr_project/umv_control/install/umv_msgs/share/umv_msgs/cmake/umv_msgsConfig-version.cmake\n'}
[5.845952] (umv_msgs) StdoutLine: {'line': b'-- Up-to-date: /home/vdcl/Desktop/larr_project/umv_control/install/umv_msgs/share/umv_msgs/package.xml\n'}
[5.848099] (umv_msgs) CommandEnded: {'returncode': 0}
[5.922405] (-) TimerEvent: {}
[6.011716] (umv_msgs) JobEnded: {'identifier': 'umv_msgs', 'rc': 0}
[6.012145] (global_path) JobStarted: {'identifier': 'global_path'}
[6.016188] (host_vehicle_filter) JobStarted: {'identifier': 'host_vehicle_filter'}
[6.021125] (lower_controller) JobStarted: {'identifier': 'lower_controller'}
[6.022614] (-) TimerEvent: {}
[6.026071] (mppi) JobStarted: {'identifier': 'mppi'}
[6.122730] (-) TimerEvent: {}
[6.222989] (-) TimerEvent: {}
[6.323296] (-) TimerEvent: {}
[6.423564] (-) TimerEvent: {}
[6.523835] (-) TimerEvent: {}
[6.624085] (-) TimerEvent: {}
[6.724340] (-) TimerEvent: {}
[6.823621] (mppi) JobProgress: {'identifier': 'mppi', 'progress': 'cmake'}
[6.824406] (-) TimerEvent: {}
[6.828406] (mppi) JobProgress: {'identifier': 'mppi', 'progress': 'build'}
[6.829344] (mppi) Command: {'cmd': ['/usr/bin/cmake', '--build', '/home/vdcl/Desktop/larr_project/umv_control/build/mppi', '--', '-j8', '-l8'], 'cwd': '/home/vdcl/Desktop/larr_project/umv_control/build/mppi', 'env': OrderedDict([('GJS_DEBUG_TOPICS', 'JS ERROR;JS LOG'), ('LESSOPEN', '| /usr/bin/lesspipe %s'), ('LANGUAGE', 'ko:en'), ('USER', 'vdcl'), ('LC_TIME', 'ko_KR.UTF-8'), ('XDG_SESSION_TYPE', 'x11'), ('SHLVL', '1'), ('LD_LIBRARY_PATH', '/home/vdcl/Desktop/larr_project/umv_control/install/umv_msgs/lib:/usr/local/cuda-12.2/lib64:/home/vdcl/Desktop/larr_project/AirSim/ros2/install/airsim_ros_pkgs/lib:/home/vdcl/Desktop/larr_project/AirSim/ros2/install/airsim_interfaces/lib:/opt/ros/humble/opt/rviz_ogre_vendor/lib:/opt/ros/humble/lib/x86_64-linux-gnu:/opt/ros/humble/lib'), ('HOME', '/home/vdcl'), ('OLDPWD', '/home/vdcl/Desktop/larr_project'), ('DESKTOP_SESSION', 'ubuntu'), ('GIO_LAUNCHED_DESKTOP_FILE', '/usr/share/applications/terminator.desktop'), ('ROS_PYTHON_VERSION', '3'), ('GNOME_SHELL_SESSION_MODE', 'ubuntu'), ('GTK_MODULES', 'gail:atk-bridge'), ('LC_MONETARY', 'ko_KR.UTF-8'), ('MANAGERPID', '978'), ('SYSTEMD_EXEC_PID', '1361'), ('DBUS_SESSION_BUS_ADDRESS', 'unix:path=/run/user/1000/bus'), ('COLORTERM', 'truecolor'), ('TERMINATOR_DBUS_NAME', 'net.tenshu.Terminator21a9d5db22c73a993ff0b42f64b396873'), ('GIO_LAUNCHED_DESKTOP_FILE_PID', '24393'), ('COLCON_PREFIX_PATH', '/home/vdcl/Desktop/larr_project/AirSim/ros2/install:/home/vdcl/Desktop/larr_project/umv_control/install'), ('ROS_DISTRO', 'humble'), ('GTK_IM_MODULE', 'ibus'), ('LOGNAME', 'vdcl'), ('JOURNAL_STREAM', '8:11605'), ('_', '/usr/bin/colcon'), ('ROS_VERSION', '2'), ('XDG_SESSION_CLASS', 'user'), ('USERNAME', 'vdcl'), ('TERM', 'xterm-256color'), ('GNOME_DESKTOP_SESSION_ID', 'this-is-deprecated'), ('ROS_LOCALHOST_ONLY', '0'), ('WINDOWPATH', '2'), ('PATH', '/usr/local/cuda-12.2/bin:/opt/ros/humble/bin:/home/vdcl/.local/bin:/usr/local/sbin:/usr/local/bin:/usr/sbin:/usr/bin:/sbin:/bin:/usr/games:/usr/local/games:/snap/bin:/snap/bin:/opt/ros/humble/include'), ('SESSION_MANAGER', 'local/vdcl-desktop:@/tmp/.ICE-unix/1333,unix/vdcl-desktop:/tmp/.ICE-unix/1333'), ('INVOCATION_ID', 'ea4816cbe17b4520bd1073f27b7823cc'), ('PAPERSIZE', 'a4'), ('XDG_MENU_PREFIX', 'gnome-'), ('LC_ADDRESS', 'ko_KR.UTF-8'), ('XDG_RUNTIME_DIR', '/run/user/1000'), ('DISPLAY', ':0'), ('TERMINATOR_DBUS_PATH', '/net/tenshu/Terminator2'), ('LANG', 'ko_KR.UTF-8'), ('XDG_CURRENT_DESKTOP', 'ubuntu:GNOME'), ('IBUS_DISABLE_SNOOPER', '1'), ('LC_TELEPHONE', 'ko_KR.UTF-8'), ('XMODIFIERS', '@im=ibus'), ('XDG_SESSION_DESKTOP', 'ubuntu'), ('XAUTHORITY', '/run/user/1000/gdm/Xauthority'), ('LS_COLORS', 'rs=0:di=01;34:ln=01;36:mh=00:pi=40;33:so=01;35:do=01;35:bd=40;33;01:cd=40;33;01:or=40;31;01:mi=00:su=37;41:sg=30;43:ca=30;41:tw=30;42:ow=34;42:st=37;44:ex=01;32:*.tar=01;31:*.tgz=01;31:*.arc=01;31:*.arj=01;31:*.taz=01;31:*.lha=01;31:*.lz4=01;31:*.lzh=01;31:*.lzma=01;31:*.tlz=01;31:*.txz=01;31:*.tzo=01;31:*.t7z=01;31:*.zip=01;31:*.z=01;31:*.dz=01;31:*.gz=01;31:*.lrz=01;31:*.lz=01;31:*.lzo=01;31:*.xz=01;31:*.zst=01;31:*.tzst=01;31:*.bz2=01;31:*.bz=01;31:*.tbz=01;31:*.tbz2=01;31:*.tz=01;31:*.deb=01;31:*.rpm=01;31:*.jar=01;31:*.war=01;31:*.ear=01;31:*.sar=01;31:*.rar=01;31:*.alz=01;31:*.ace=01;31:*.zoo=01;31:*.cpio=01;31:*.7z=01;31:*.rz=01;31:*.cab=01;31:*.wim=01;31:*.swm=01;31:*.dwm=01;31:*.esd=01;31:*.jpg=01;35:*.jpeg=01;35:*.mjpg=01;35:*.mjpeg=01;35:*.gif=01;35:*.bmp=01;35:*.pbm=01;35:*.pgm=01;35:*.ppm=01;35:*.tga=01;35:*.xbm=01;35:*.xpm=01;35:*.tif=01;35:*.tiff=01;35:*.png=01;35:*.svg=01;35:*.svgz=01;35:*.mng=01;35:*.pcx=01;35:*.mov=01;35:*.mpg=01;35:*.mpeg=01;35:*.m2v=01;35:*.mkv=01;35:*.webm=01;35:*.webp=01;35:*.ogm=01;35:*.mp4=01;35:*.m4v=01;35:*.mp4v=01;35:*.vob=01;35:*.qt=01;35:*.nuv=01;35:*.wmv=01;35:*.asf=01;35:*.rm=01;35:*.rmvb=01;35:*.flc=01;35:*.avi=01;35:*.fli=01;35:*.flv=01;35:*.gl=01;35:*.dl=01;35:*.xcf=01;35:*.xwd=01;35:*.yuv=01;35:*.cgm=01;35:*.emf=01;35:*.ogv=01;35:*.ogx=01;35:*.aac=00;36:*.au=00;36:*.flac=00;36:*.m4a=00;36:*.mid=00;36:*.midi=00;36:*.mka=00;36:*.mp3=00;36:*.mpc=00;36:*.ogg=00;36:*.ra=00;36:*.wav=00;36:*.oga=00;36:*.opus=00;36:*.spx=00;36:*.xspf=00;36:'), ('SSH_AGENT_LAUNCHER', 'gnome-keyring'), ('SSH_AUTH_SOCK', '/run/user/1000/keyring/ssh'), ('AMENT_PREFIX_PATH', '/home/vdcl/Desktop/larr_project/umv_control/install/utils:/home/vdcl/Desktop/larr_project/umv_control/install/mppi:/home/vdcl/Desktop/larr_project/umv_control/install/lower_controller:/home/vdcl/Desktop/larr_project/umv_control/install/host_vehicle_filter:/home/vdcl/Desktop/larr_project/umv_control/install/global_path:/home/vdcl/Desktop/larr_project/umv_control/install/umv_msgs:/home/vdcl/Desktop/larr_project/umv_control/install/motion_planner:/home/vdcl/Desktop/larr_project/AirSim/ros2/install/airsim_ros_pkgs:/home/vdcl/Desktop/larr_project/AirSim/ros2/install/airsim_interfaces:/opt/ros/humble'), ('SHELL', '/bin/bash'), ('LC_NAME', 'ko_KR.UTF-8'), ('TERMINATOR_UUID', 'urn:uuid:f3d36416-adb8-4798-9676-5e5ca94879f2'), ('QT_ACCESSIBILITY', '1'), ('GDMSESSION', 'ubuntu'), ('LESSCLOSE', '/usr/bin/lesspipe %s %s'), ('LC_MEASUREMENT', 'ko_KR.UTF-8'), ('GPG_AGENT_INFO', '/run/user/1000/gnupg/S.gpg-agent:0:1'), ('GJS_DEBUG_OUTPUT', 'stderr'), ('LC_IDENTIFICATION', 'ko_KR.UTF-8'), ('QT_IM_MODULE', 'ibus'), ('PWD', '/home/vdcl/Desktop/larr_project/umv_control/build/mppi'), ('LC_ALL', 'en_US.UTF-8'), ('XDG_CONFIG_DIRS', '/etc/xdg/xdg-ubuntu:/etc/xdg'), ('XDG_DATA_DIRS', '/usr/share/ubuntu:/usr/share/gnome:/usr/local/share/:/usr/share/:/var/lib/snapd/desktop'), ('PYTHONPATH', '/home/vdcl/Desktop/larr_project/umv_control/install/utils/lib/python3.10/site-packages:/home/vdcl/Desktop/larr_project/umv_control/install/lower_controller/lib/python3.10/site-packages:/home/vdcl/Desktop/larr_project/umv_control/install/host_vehicle_filter/lib/python3.10/site-packages:/home/vdcl/Desktop/larr_project/umv_control/install/global_path/lib/python3.10/site-packages:/home/vdcl/Desktop/larr_project/umv_control/install/umv_msgs/local/lib/python3.10/dist-packages:/home/vdcl/Desktop/larr_project/umv_control/install/motion_planner/lib/python3.10/site-packages:/home/vdcl/Desktop/larr_project/AirSim/ros2/install/airsim_interfaces/local/lib/python3.10/dist-packages:/opt/ros/humble/lib/python3.10/site-packages:/opt/ros/humble/local/lib/python3.10/dist-packages'), ('LC_NUMERIC', 'ko_KR.UTF-8'), ('LC_PAPER', 'ko_KR.UTF-8'), ('COLCON', '1'), ('VTE_VERSION', '6800'), ('CMAKE_PREFIX_PATH', '/home/vdcl/Desktop/larr_project/umv_control/install/umv_msgs:/home/vdcl/Desktop/larr_project/umv_control/install/mppi:/home/vdcl/Desktop/larr_project/AirSim/ros2/install/airsim_ros_pkgs:/home/vdcl/Desktop/larr_project/AirSim/ros2/install/airsim_interfaces:/home/vdcl/Desktop/larr_project/umv_control/install/utils:/home/vdcl/Desktop/larr_project/umv_control/install/lower_controller:/home/vdcl/Desktop/larr_project/umv_control/install/host_vehicle_filter:/home/vdcl/Desktop/larr_project/umv_control/install/global_path:/home/vdcl/Desktop/larr_project/umv_control/install/motion_planner:/opt/ros/humble')]), 'shell': False}
[6.924498] (-) TimerEvent: {}
[6.971323] (mppi) StdoutLine: {'line': b'[ 33%] \x1b[32mBuilding CXX object CMakeFiles/mppi_manager.dir/src/mppi.cpp.o\x1b[0m\n'}
[7.024597] (-) TimerEvent: {}
[7.124909] (-) TimerEvent: {}
[7.225216] (-) TimerEvent: {}
[7.252374] (lower_controller) Command: {'cmd': ['/usr/bin/python3', '-W', 'ignore:setup.py install is deprecated', 'setup.py', 'egg_info', '--egg-base', '../../build/lower_controller', 'build', '--build-base', '/home/vdcl/Desktop/larr_project/umv_control/build/lower_controller/build', 'install', '--record', '/home/vdcl/Desktop/larr_project/umv_control/build/lower_controller/install.log', '--single-version-externally-managed', 'install_data'], 'cwd': '/home/vdcl/Desktop/larr_project/umv_control/src/lower_controller', 'env': {'GJS_DEBUG_TOPICS': 'JS ERROR;JS LOG', 'LESSOPEN': '| /usr/bin/lesspipe %s', 'LANGUAGE': 'ko:en', 'USER': 'vdcl', 'LC_TIME': 'ko_KR.UTF-8', 'XDG_SESSION_TYPE': 'x11', 'SHLVL': '1', 'LD_LIBRARY_PATH': '/home/vdcl/Desktop/larr_project/umv_control/install/umv_msgs/lib:/usr/local/cuda-12.2/lib64:/home/vdcl/Desktop/larr_project/AirSim/ros2/install/airsim_ros_pkgs/lib:/home/vdcl/Desktop/larr_project/AirSim/ros2/install/airsim_interfaces/lib:/opt/ros/humble/opt/rviz_ogre_vendor/lib:/opt/ros/humble/lib/x86_64-linux-gnu:/opt/ros/humble/lib', 'HOME': '/home/vdcl', 'OLDPWD': '/home/vdcl/Desktop/larr_project', 'DESKTOP_SESSION': 'ubuntu', 'GIO_LAUNCHED_DESKTOP_FILE': '/usr/share/applications/terminator.desktop', 'ROS_PYTHON_VERSION': '3', 'GNOME_SHELL_SESSION_MODE': 'ubuntu', 'GTK_MODULES': 'gail:atk-bridge', 'LC_MONETARY': 'ko_KR.UTF-8', 'MANAGERPID': '978', 'SYSTEMD_EXEC_PID': '1361', 'DBUS_SESSION_BUS_ADDRESS': 'unix:path=/run/user/1000/bus', 'COLORTERM': 'truecolor', 'TERMINATOR_DBUS_NAME': 'net.tenshu.Terminator21a9d5db22c73a993ff0b42f64b396873', 'GIO_LAUNCHED_DESKTOP_FILE_PID': '24393', 'COLCON_PREFIX_PATH': '/home/vdcl/Desktop/larr_project/AirSim/ros2/install:/home/vdcl/Desktop/larr_project/umv_control/install', 'ROS_DISTRO': 'humble', 'GTK_IM_MODULE': 'ibus', 'LOGNAME': 'vdcl', 'JOURNAL_STREAM': '8:11605', '_': '/usr/bin/colcon', 'ROS_VERSION': '2', 'XDG_SESSION_CLASS': 'user', 'USERNAME': 'vdcl', 'TERM': 'xterm-256color', 'GNOME_DESKTOP_SESSION_ID': 'this-is-deprecated', 'ROS_LOCALHOST_ONLY': '0', 'WINDOWPATH': '2', 'PATH': '/usr/local/cuda-12.2/bin:/opt/ros/humble/bin:/home/vdcl/.local/bin:/usr/local/sbin:/usr/local/bin:/usr/sbin:/usr/bin:/sbin:/bin:/usr/games:/usr/local/games:/snap/bin:/snap/bin:/opt/ros/humble/include', 'SESSION_MANAGER': 'local/vdcl-desktop:@/tmp/.ICE-unix/1333,unix/vdcl-desktop:/tmp/.ICE-unix/1333', 'INVOCATION_ID': 'ea4816cbe17b4520bd1073f27b7823cc', 'PAPERSIZE': 'a4', 'XDG_MENU_PREFIX': 'gnome-', 'LC_ADDRESS': 'ko_KR.UTF-8', 'XDG_RUNTIME_DIR': '/run/user/1000', 'DISPLAY': ':0', 'TERMINATOR_DBUS_PATH': '/net/tenshu/Terminator2', 'LANG': 'ko_KR.UTF-8', 'XDG_CURRENT_DESKTOP': 'ubuntu:GNOME', 'IBUS_DISABLE_SNOOPER': '1', 'LC_TELEPHONE': 'ko_KR.UTF-8', 'XMODIFIERS': '@im=ibus', 'XDG_SESSION_DESKTOP': 'ubuntu', 'XAUTHORITY': '/run/user/1000/gdm/Xauthority', 'LS_COLORS': 'rs=0:di=01;34:ln=01;36:mh=00:pi=40;33:so=01;35:do=01;35:bd=40;33;01:cd=40;33;01:or=40;31;01:mi=00:su=37;41:sg=30;43:ca=30;41:tw=30;42:ow=34;42:st=37;44:ex=01;32:*.tar=01;31:*.tgz=01;31:*.arc=01;31:*.arj=01;31:*.taz=01;31:*.lha=01;31:*.lz4=01;31:*.lzh=01;31:*.lzma=01;31:*.tlz=01;31:*.txz=01;31:*.tzo=01;31:*.t7z=01;31:*.zip=01;31:*.z=01;31:*.dz=01;31:*.gz=01;31:*.lrz=01;31:*.lz=01;31:*.lzo=01;31:*.xz=01;31:*.zst=01;31:*.tzst=01;31:*.bz2=01;31:*.bz=01;31:*.tbz=01;31:*.tbz2=01;31:*.tz=01;31:*.deb=01;31:*.rpm=01;31:*.jar=01;31:*.war=01;31:*.ear=01;31:*.sar=01;31:*.rar=01;31:*.alz=01;31:*.ace=01;31:*.zoo=01;31:*.cpio=01;31:*.7z=01;31:*.rz=01;31:*.cab=01;31:*.wim=01;31:*.swm=01;31:*.dwm=01;31:*.esd=01;31:*.jpg=01;35:*.jpeg=01;35:*.mjpg=01;35:*.mjpeg=01;35:*.gif=01;35:*.bmp=01;35:*.pbm=01;35:*.pgm=01;35:*.ppm=01;35:*.tga=01;35:*.xbm=01;35:*.xpm=01;35:*.tif=01;35:*.tiff=01;35:*.png=01;35:*.svg=01;35:*.svgz=01;35:*.mng=01;35:*.pcx=01;35:*.mov=01;35:*.mpg=01;35:*.mpeg=01;35:*.m2v=01;35:*.mkv=01;35:*.webm=01;35:*.webp=01;35:*.ogm=01;35:*.mp4=01;35:*.m4v=01;35:*.mp4v=01;35:*.vob=01;35:*.qt=01;35:*.nuv=01;35:*.wmv=01;35:*.asf=01;35:*.rm=01;35:*.rmvb=01;35:*.flc=01;35:*.avi=01;35:*.fli=01;35:*.flv=01;35:*.gl=01;35:*.dl=01;35:*.xcf=01;35:*.xwd=01;35:*.yuv=01;35:*.cgm=01;35:*.emf=01;35:*.ogv=01;35:*.ogx=01;35:*.aac=00;36:*.au=00;36:*.flac=00;36:*.m4a=00;36:*.mid=00;36:*.midi=00;36:*.mka=00;36:*.mp3=00;36:*.mpc=00;36:*.ogg=00;36:*.ra=00;36:*.wav=00;36:*.oga=00;36:*.opus=00;36:*.spx=00;36:*.xspf=00;36:', 'SSH_AGENT_LAUNCHER': 'gnome-keyring', 'SSH_AUTH_SOCK': '/run/user/1000/keyring/ssh', 'AMENT_PREFIX_PATH': '/home/vdcl/Desktop/larr_project/umv_control/install/utils:/home/vdcl/Desktop/larr_project/umv_control/install/mppi:/home/vdcl/Desktop/larr_project/umv_control/install/lower_controller:/home/vdcl/Desktop/larr_project/umv_control/install/host_vehicle_filter:/home/vdcl/Desktop/larr_project/umv_control/install/global_path:/home/vdcl/Desktop/larr_project/umv_control/install/umv_msgs:/home/vdcl/Desktop/larr_project/umv_control/install/motion_planner:/home/vdcl/Desktop/larr_project/AirSim/ros2/install/airsim_ros_pkgs:/home/vdcl/Desktop/larr_project/AirSim/ros2/install/airsim_interfaces:/opt/ros/humble', 'SHELL': '/bin/bash', 'LC_NAME': 'ko_KR.UTF-8', 'TERMINATOR_UUID': 'urn:uuid:f3d36416-adb8-4798-9676-5e5ca94879f2', 'QT_ACCESSIBILITY': '1', 'GDMSESSION': 'ubuntu', 'LESSCLOSE': '/usr/bin/lesspipe %s %s', 'LC_MEASUREMENT': 'ko_KR.UTF-8', 'GPG_AGENT_INFO': '/run/user/1000/gnupg/S.gpg-agent:0:1', 'GJS_DEBUG_OUTPUT': 'stderr', 'LC_IDENTIFICATION': 'ko_KR.UTF-8', 'QT_IM_MODULE': 'ibus', 'PWD': '/home/vdcl/Desktop/larr_project/umv_control/build/lower_controller', 'LC_ALL': 'en_US.UTF-8', 'XDG_CONFIG_DIRS': '/etc/xdg/xdg-ubuntu:/etc/xdg', 'XDG_DATA_DIRS': '/usr/share/ubuntu:/usr/share/gnome:/usr/local/share/:/usr/share/:/var/lib/snapd/desktop', 'PYTHONPATH': '/home/vdcl/Desktop/larr_project/umv_control/build/lower_controller/prefix_override:/home/vdcl/Desktop/larr_project/umv_control/install/lower_controller/lib/python3.10/site-packages:/home/vdcl/Desktop/larr_project/umv_control/install/utils/lib/python3.10/site-packages:/home/vdcl/Desktop/larr_project/umv_control/install/lower_controller/lib/python3.10/site-packages:/home/vdcl/Desktop/larr_project/umv_control/install/host_vehicle_filter/lib/python3.10/site-packages:/home/vdcl/Desktop/larr_project/umv_control/install/global_path/lib/python3.10/site-packages:/home/vdcl/Desktop/larr_project/umv_control/install/umv_msgs/local/lib/python3.10/dist-packages:/home/vdcl/Desktop/larr_project/umv_control/install/motion_planner/lib/python3.10/site-packages:/home/vdcl/Desktop/larr_project/AirSim/ros2/install/airsim_interfaces/local/lib/python3.10/dist-packages:/opt/ros/humble/lib/python3.10/site-packages:/opt/ros/humble/local/lib/python3.10/dist-packages', 'LC_NUMERIC': 'ko_KR.UTF-8', 'LC_PAPER': 'ko_KR.UTF-8', 'COLCON': '1', 'VTE_VERSION': '6800', 'CMAKE_PREFIX_PATH': '/home/vdcl/Desktop/larr_project/umv_control/install/umv_msgs:/home/vdcl/Desktop/larr_project/umv_control/install/mppi:/home/vdcl/Desktop/larr_project/AirSim/ros2/install/airsim_ros_pkgs:/home/vdcl/Desktop/larr_project/AirSim/ros2/install/airsim_interfaces'}, 'shell': False}
[7.271172] (host_vehicle_filter) Command: {'cmd': ['/usr/bin/python3', '-W', 'ignore:setup.py install is deprecated', 'setup.py', 'egg_info', '--egg-base', '../../build/host_vehicle_filter', 'build', '--build-base', '/home/vdcl/Desktop/larr_project/umv_control/build/host_vehicle_filter/build', 'install', '--record', '/home/vdcl/Desktop/larr_project/umv_control/build/host_vehicle_filter/install.log', '--single-version-externally-managed', 'install_data'], 'cwd': '/home/vdcl/Desktop/larr_project/umv_control/src/host_vehicle_filter', 'env': {'GJS_DEBUG_TOPICS': 'JS ERROR;JS LOG', 'LESSOPEN': '| /usr/bin/lesspipe %s', 'LANGUAGE': 'ko:en', 'USER': 'vdcl', 'LC_TIME': 'ko_KR.UTF-8', 'XDG_SESSION_TYPE': 'x11', 'SHLVL': '1', 'LD_LIBRARY_PATH': '/home/vdcl/Desktop/larr_project/umv_control/install/umv_msgs/lib:/usr/local/cuda-12.2/lib64:/home/vdcl/Desktop/larr_project/AirSim/ros2/install/airsim_ros_pkgs/lib:/home/vdcl/Desktop/larr_project/AirSim/ros2/install/airsim_interfaces/lib:/opt/ros/humble/opt/rviz_ogre_vendor/lib:/opt/ros/humble/lib/x86_64-linux-gnu:/opt/ros/humble/lib', 'HOME': '/home/vdcl', 'OLDPWD': '/home/vdcl/Desktop/larr_project', 'DESKTOP_SESSION': 'ubuntu', 'GIO_LAUNCHED_DESKTOP_FILE': '/usr/share/applications/terminator.desktop', 'ROS_PYTHON_VERSION': '3', 'GNOME_SHELL_SESSION_MODE': 'ubuntu', 'GTK_MODULES': 'gail:atk-bridge', 'LC_MONETARY': 'ko_KR.UTF-8', 'MANAGERPID': '978', 'SYSTEMD_EXEC_PID': '1361', 'DBUS_SESSION_BUS_ADDRESS': 'unix:path=/run/user/1000/bus', 'COLORTERM': 'truecolor', 'TERMINATOR_DBUS_NAME': 'net.tenshu.Terminator21a9d5db22c73a993ff0b42f64b396873', 'GIO_LAUNCHED_DESKTOP_FILE_PID': '24393', 'COLCON_PREFIX_PATH': '/home/vdcl/Desktop/larr_project/AirSim/ros2/install:/home/vdcl/Desktop/larr_project/umv_control/install', 'ROS_DISTRO': 'humble', 'GTK_IM_MODULE': 'ibus', 'LOGNAME': 'vdcl', 'JOURNAL_STREAM': '8:11605', '_': '/usr/bin/colcon', 'ROS_VERSION': '2', 'XDG_SESSION_CLASS': 'user', 'USERNAME': 'vdcl', 'TERM': 'xterm-256color', 'GNOME_DESKTOP_SESSION_ID': 'this-is-deprecated', 'ROS_LOCALHOST_ONLY': '0', 'WINDOWPATH': '2', 'PATH': '/usr/local/cuda-12.2/bin:/opt/ros/humble/bin:/home/vdcl/.local/bin:/usr/local/sbin:/usr/local/bin:/usr/sbin:/usr/bin:/sbin:/bin:/usr/games:/usr/local/games:/snap/bin:/snap/bin:/opt/ros/humble/include', 'SESSION_MANAGER': 'local/vdcl-desktop:@/tmp/.ICE-unix/1333,unix/vdcl-desktop:/tmp/.ICE-unix/1333', 'INVOCATION_ID': 'ea4816cbe17b4520bd1073f27b7823cc', 'PAPERSIZE': 'a4', 'XDG_MENU_PREFIX': 'gnome-', 'LC_ADDRESS': 'ko_KR.UTF-8', 'XDG_RUNTIME_DIR': '/run/user/1000', 'DISPLAY': ':0', 'TERMINATOR_DBUS_PATH': '/net/tenshu/Terminator2', 'LANG': 'ko_KR.UTF-8', 'XDG_CURRENT_DESKTOP': 'ubuntu:GNOME', 'IBUS_DISABLE_SNOOPER': '1', 'LC_TELEPHONE': 'ko_KR.UTF-8', 'XMODIFIERS': '@im=ibus', 'XDG_SESSION_DESKTOP': 'ubuntu', 'XAUTHORITY': '/run/user/1000/gdm/Xauthority', 'LS_COLORS': 'rs=0:di=01;34:ln=01;36:mh=00:pi=40;33:so=01;35:do=01;35:bd=40;33;01:cd=40;33;01:or=40;31;01:mi=00:su=37;41:sg=30;43:ca=30;41:tw=30;42:ow=34;42:st=37;44:ex=01;32:*.tar=01;31:*.tgz=01;31:*.arc=01;31:*.arj=01;31:*.taz=01;31:*.lha=01;31:*.lz4=01;31:*.lzh=01;31:*.lzma=01;31:*.tlz=01;31:*.txz=01;31:*.tzo=01;31:*.t7z=01;31:*.zip=01;31:*.z=01;31:*.dz=01;31:*.gz=01;31:*.lrz=01;31:*.lz=01;31:*.lzo=01;31:*.xz=01;31:*.zst=01;31:*.tzst=01;31:*.bz2=01;31:*.bz=01;31:*.tbz=01;31:*.tbz2=01;31:*.tz=01;31:*.deb=01;31:*.rpm=01;31:*.jar=01;31:*.war=01;31:*.ear=01;31:*.sar=01;31:*.rar=01;31:*.alz=01;31:*.ace=01;31:*.zoo=01;31:*.cpio=01;31:*.7z=01;31:*.rz=01;31:*.cab=01;31:*.wim=01;31:*.swm=01;31:*.dwm=01;31:*.esd=01;31:*.jpg=01;35:*.jpeg=01;35:*.mjpg=01;35:*.mjpeg=01;35:*.gif=01;35:*.bmp=01;35:*.pbm=01;35:*.pgm=01;35:*.ppm=01;35:*.tga=01;35:*.xbm=01;35:*.xpm=01;35:*.tif=01;35:*.tiff=01;35:*.png=01;35:*.svg=01;35:*.svgz=01;35:*.mng=01;35:*.pcx=01;35:*.mov=01;35:*.mpg=01;35:*.mpeg=01;35:*.m2v=01;35:*.mkv=01;35:*.webm=01;35:*.webp=01;35:*.ogm=01;35:*.mp4=01;35:*.m4v=01;35:*.mp4v=01;35:*.vob=01;35:*.qt=01;35:*.nuv=01;35:*.wmv=01;35:*.asf=01;35:*.rm=01;35:*.rmvb=01;35:*.flc=01;35:*.avi=01;35:*.fli=01;35:*.flv=01;35:*.gl=01;35:*.dl=01;35:*.xcf=01;35:*.xwd=01;35:*.yuv=01;35:*.cgm=01;35:*.emf=01;35:*.ogv=01;35:*.ogx=01;35:*.aac=00;36:*.au=00;36:*.flac=00;36:*.m4a=00;36:*.mid=00;36:*.midi=00;36:*.mka=00;36:*.mp3=00;36:*.mpc=00;36:*.ogg=00;36:*.ra=00;36:*.wav=00;36:*.oga=00;36:*.opus=00;36:*.spx=00;36:*.xspf=00;36:', 'SSH_AGENT_LAUNCHER': 'gnome-keyring', 'SSH_AUTH_SOCK': '/run/user/1000/keyring/ssh', 'AMENT_PREFIX_PATH': '/home/vdcl/Desktop/larr_project/umv_control/install/utils:/home/vdcl/Desktop/larr_project/umv_control/install/mppi:/home/vdcl/Desktop/larr_project/umv_control/install/lower_controller:/home/vdcl/Desktop/larr_project/umv_control/install/host_vehicle_filter:/home/vdcl/Desktop/larr_project/umv_control/install/global_path:/home/vdcl/Desktop/larr_project/umv_control/install/umv_msgs:/home/vdcl/Desktop/larr_project/umv_control/install/motion_planner:/home/vdcl/Desktop/larr_project/AirSim/ros2/install/airsim_ros_pkgs:/home/vdcl/Desktop/larr_project/AirSim/ros2/install/airsim_interfaces:/opt/ros/humble', 'SHELL': '/bin/bash', 'LC_NAME': 'ko_KR.UTF-8', 'TERMINATOR_UUID': 'urn:uuid:f3d36416-adb8-4798-9676-5e5ca94879f2', 'QT_ACCESSIBILITY': '1', 'GDMSESSION': 'ubuntu', 'LESSCLOSE': '/usr/bin/lesspipe %s %s', 'LC_MEASUREMENT': 'ko_KR.UTF-8', 'GPG_AGENT_INFO': '/run/user/1000/gnupg/S.gpg-agent:0:1', 'GJS_DEBUG_OUTPUT': 'stderr', 'LC_IDENTIFICATION': 'ko_KR.UTF-8', 'QT_IM_MODULE': 'ibus', 'PWD': '/home/vdcl/Desktop/larr_project/umv_control/build/host_vehicle_filter', 'LC_ALL': 'en_US.UTF-8', 'XDG_CONFIG_DIRS': '/etc/xdg/xdg-ubuntu:/etc/xdg', 'XDG_DATA_DIRS': '/usr/share/ubuntu:/usr/share/gnome:/usr/local/share/:/usr/share/:/var/lib/snapd/desktop', 'PYTHONPATH': '/home/vdcl/Desktop/larr_project/umv_control/build/host_vehicle_filter/prefix_override:/home/vdcl/Desktop/larr_project/umv_control/install/host_vehicle_filter/lib/python3.10/site-packages:/home/vdcl/Desktop/larr_project/umv_control/install/utils/lib/python3.10/site-packages:/home/vdcl/Desktop/larr_project/umv_control/install/lower_controller/lib/python3.10/site-packages:/home/vdcl/Desktop/larr_project/umv_control/install/host_vehicle_filter/lib/python3.10/site-packages:/home/vdcl/Desktop/larr_project/umv_control/install/global_path/lib/python3.10/site-packages:/home/vdcl/Desktop/larr_project/umv_control/install/umv_msgs/local/lib/python3.10/dist-packages:/home/vdcl/Desktop/larr_project/umv_control/install/motion_planner/lib/python3.10/site-packages:/home/vdcl/Desktop/larr_project/AirSim/ros2/install/airsim_interfaces/local/lib/python3.10/dist-packages:/opt/ros/humble/lib/python3.10/site-packages:/opt/ros/humble/local/lib/python3.10/dist-packages', 'LC_NUMERIC': 'ko_KR.UTF-8', 'LC_PAPER': 'ko_KR.UTF-8', 'COLCON': '1', 'VTE_VERSION': '6800', 'CMAKE_PREFIX_PATH': '/home/vdcl/Desktop/larr_project/umv_control/install/umv_msgs:/home/vdcl/Desktop/larr_project/umv_control/install/mppi:/home/vdcl/Desktop/larr_project/AirSim/ros2/install/airsim_ros_pkgs:/home/vdcl/Desktop/larr_project/AirSim/ros2/install/airsim_interfaces'}, 'shell': False}
[7.275608] (global_path) Command: {'cmd': ['/usr/bin/python3', '-W', 'ignore:setup.py install is deprecated', 'setup.py', 'egg_info', '--egg-base', '../../build/global_path', 'build', '--build-base', '/home/vdcl/Desktop/larr_project/umv_control/build/global_path/build', 'install', '--record', '/home/vdcl/Desktop/larr_project/umv_control/build/global_path/install.log', '--single-version-externally-managed', 'install_data'], 'cwd': '/home/vdcl/Desktop/larr_project/umv_control/src/global_path', 'env': {'GJS_DEBUG_TOPICS': 'JS ERROR;JS LOG', 'LESSOPEN': '| /usr/bin/lesspipe %s', 'LANGUAGE': 'ko:en', 'USER': 'vdcl', 'LC_TIME': 'ko_KR.UTF-8', 'XDG_SESSION_TYPE': 'x11', 'SHLVL': '1', 'LD_LIBRARY_PATH': '/home/vdcl/Desktop/larr_project/umv_control/install/umv_msgs/lib:/usr/local/cuda-12.2/lib64:/home/vdcl/Desktop/larr_project/AirSim/ros2/install/airsim_ros_pkgs/lib:/home/vdcl/Desktop/larr_project/AirSim/ros2/install/airsim_interfaces/lib:/opt/ros/humble/opt/rviz_ogre_vendor/lib:/opt/ros/humble/lib/x86_64-linux-gnu:/opt/ros/humble/lib', 'HOME': '/home/vdcl', 'OLDPWD': '/home/vdcl/Desktop/larr_project', 'DESKTOP_SESSION': 'ubuntu', 'GIO_LAUNCHED_DESKTOP_FILE': '/usr/share/applications/terminator.desktop', 'ROS_PYTHON_VERSION': '3', 'GNOME_SHELL_SESSION_MODE': 'ubuntu', 'GTK_MODULES': 'gail:atk-bridge', 'LC_MONETARY': 'ko_KR.UTF-8', 'MANAGERPID': '978', 'SYSTEMD_EXEC_PID': '1361', 'DBUS_SESSION_BUS_ADDRESS': 'unix:path=/run/user/1000/bus', 'COLORTERM': 'truecolor', 'TERMINATOR_DBUS_NAME': 'net.tenshu.Terminator21a9d5db22c73a993ff0b42f64b396873', 'GIO_LAUNCHED_DESKTOP_FILE_PID': '24393', 'COLCON_PREFIX_PATH': '/home/vdcl/Desktop/larr_project/AirSim/ros2/install:/home/vdcl/Desktop/larr_project/umv_control/install', 'ROS_DISTRO': 'humble', 'GTK_IM_MODULE': 'ibus', 'LOGNAME': 'vdcl', 'JOURNAL_STREAM': '8:11605', '_': '/usr/bin/colcon', 'ROS_VERSION': '2', 'XDG_SESSION_CLASS': 'user', 'USERNAME': 'vdcl', 'TERM': 'xterm-256color', 'GNOME_DESKTOP_SESSION_ID': 'this-is-deprecated', 'ROS_LOCALHOST_ONLY': '0', 'WINDOWPATH': '2', 'PATH': '/usr/local/cuda-12.2/bin:/opt/ros/humble/bin:/home/vdcl/.local/bin:/usr/local/sbin:/usr/local/bin:/usr/sbin:/usr/bin:/sbin:/bin:/usr/games:/usr/local/games:/snap/bin:/snap/bin:/opt/ros/humble/include', 'SESSION_MANAGER': 'local/vdcl-desktop:@/tmp/.ICE-unix/1333,unix/vdcl-desktop:/tmp/.ICE-unix/1333', 'INVOCATION_ID': 'ea4816cbe17b4520bd1073f27b7823cc', 'PAPERSIZE': 'a4', 'XDG_MENU_PREFIX': 'gnome-', 'LC_ADDRESS': 'ko_KR.UTF-8', 'XDG_RUNTIME_DIR': '/run/user/1000', 'DISPLAY': ':0', 'TERMINATOR_DBUS_PATH': '/net/tenshu/Terminator2', 'LANG': 'ko_KR.UTF-8', 'XDG_CURRENT_DESKTOP': 'ubuntu:GNOME', 'IBUS_DISABLE_SNOOPER': '1', 'LC_TELEPHONE': 'ko_KR.UTF-8', 'XMODIFIERS': '@im=ibus', 'XDG_SESSION_DESKTOP': 'ubuntu', 'XAUTHORITY': '/run/user/1000/gdm/Xauthority', 'LS_COLORS': 'rs=0:di=01;34:ln=01;36:mh=00:pi=40;33:so=01;35:do=01;35:bd=40;33;01:cd=40;33;01:or=40;31;01:mi=00:su=37;41:sg=30;43:ca=30;41:tw=30;42:ow=34;42:st=37;44:ex=01;32:*.tar=01;31:*.tgz=01;31:*.arc=01;31:*.arj=01;31:*.taz=01;31:*.lha=01;31:*.lz4=01;31:*.lzh=01;31:*.lzma=01;31:*.tlz=01;31:*.txz=01;31:*.tzo=01;31:*.t7z=01;31:*.zip=01;31:*.z=01;31:*.dz=01;31:*.gz=01;31:*.lrz=01;31:*.lz=01;31:*.lzo=01;31:*.xz=01;31:*.zst=01;31:*.tzst=01;31:*.bz2=01;31:*.bz=01;31:*.tbz=01;31:*.tbz2=01;31:*.tz=01;31:*.deb=01;31:*.rpm=01;31:*.jar=01;31:*.war=01;31:*.ear=01;31:*.sar=01;31:*.rar=01;31:*.alz=01;31:*.ace=01;31:*.zoo=01;31:*.cpio=01;31:*.7z=01;31:*.rz=01;31:*.cab=01;31:*.wim=01;31:*.swm=01;31:*.dwm=01;31:*.esd=01;31:*.jpg=01;35:*.jpeg=01;35:*.mjpg=01;35:*.mjpeg=01;35:*.gif=01;35:*.bmp=01;35:*.pbm=01;35:*.pgm=01;35:*.ppm=01;35:*.tga=01;35:*.xbm=01;35:*.xpm=01;35:*.tif=01;35:*.tiff=01;35:*.png=01;35:*.svg=01;35:*.svgz=01;35:*.mng=01;35:*.pcx=01;35:*.mov=01;35:*.mpg=01;35:*.mpeg=01;35:*.m2v=01;35:*.mkv=01;35:*.webm=01;35:*.webp=01;35:*.ogm=01;35:*.mp4=01;35:*.m4v=01;35:*.mp4v=01;35:*.vob=01;35:*.qt=01;35:*.nuv=01;35:*.wmv=01;35:*.asf=01;35:*.rm=01;35:*.rmvb=01;35:*.flc=01;35:*.avi=01;35:*.fli=01;35:*.flv=01;35:*.gl=01;35:*.dl=01;35:*.xcf=01;35:*.xwd=01;35:*.yuv=01;35:*.cgm=01;35:*.emf=01;35:*.ogv=01;35:*.ogx=01;35:*.aac=00;36:*.au=00;36:*.flac=00;36:*.m4a=00;36:*.mid=00;36:*.midi=00;36:*.mka=00;36:*.mp3=00;36:*.mpc=00;36:*.ogg=00;36:*.ra=00;36:*.wav=00;36:*.oga=00;36:*.opus=00;36:*.spx=00;36:*.xspf=00;36:', 'SSH_AGENT_LAUNCHER': 'gnome-keyring', 'SSH_AUTH_SOCK': '/run/user/1000/keyring/ssh', 'AMENT_PREFIX_PATH': '/home/vdcl/Desktop/larr_project/umv_control/install/utils:/home/vdcl/Desktop/larr_project/umv_control/install/mppi:/home/vdcl/Desktop/larr_project/umv_control/install/lower_controller:/home/vdcl/Desktop/larr_project/umv_control/install/host_vehicle_filter:/home/vdcl/Desktop/larr_project/umv_control/install/global_path:/home/vdcl/Desktop/larr_project/umv_control/install/umv_msgs:/home/vdcl/Desktop/larr_project/umv_control/install/motion_planner:/home/vdcl/Desktop/larr_project/AirSim/ros2/install/airsim_ros_pkgs:/home/vdcl/Desktop/larr_project/AirSim/ros2/install/airsim_interfaces:/opt/ros/humble', 'SHELL': '/bin/bash', 'LC_NAME': 'ko_KR.UTF-8', 'TERMINATOR_UUID': 'urn:uuid:f3d36416-adb8-4798-9676-5e5ca94879f2', 'QT_ACCESSIBILITY': '1', 'GDMSESSION': 'ubuntu', 'LESSCLOSE': '/usr/bin/lesspipe %s %s', 'LC_MEASUREMENT': 'ko_KR.UTF-8', 'GPG_AGENT_INFO': '/run/user/1000/gnupg/S.gpg-agent:0:1', 'GJS_DEBUG_OUTPUT': 'stderr', 'LC_IDENTIFICATION': 'ko_KR.UTF-8', 'QT_IM_MODULE': 'ibus', 'PWD': '/home/vdcl/Desktop/larr_project/umv_control/build/global_path', 'LC_ALL': 'en_US.UTF-8', 'XDG_CONFIG_DIRS': '/etc/xdg/xdg-ubuntu:/etc/xdg', 'XDG_DATA_DIRS': '/usr/share/ubuntu:/usr/share/gnome:/usr/local/share/:/usr/share/:/var/lib/snapd/desktop', 'PYTHONPATH': '/home/vdcl/Desktop/larr_project/umv_control/build/global_path/prefix_override:/home/vdcl/Desktop/larr_project/umv_control/install/global_path/lib/python3.10/site-packages:/home/vdcl/Desktop/larr_project/umv_control/install/utils/lib/python3.10/site-packages:/home/vdcl/Desktop/larr_project/umv_control/install/lower_controller/lib/python3.10/site-packages:/home/vdcl/Desktop/larr_project/umv_control/install/host_vehicle_filter/lib/python3.10/site-packages:/home/vdcl/Desktop/larr_project/umv_control/install/global_path/lib/python3.10/site-packages:/home/vdcl/Desktop/larr_project/umv_control/install/umv_msgs/local/lib/python3.10/dist-packages:/home/vdcl/Desktop/larr_project/umv_control/install/motion_planner/lib/python3.10/site-packages:/home/vdcl/Desktop/larr_project/AirSim/ros2/install/airsim_interfaces/local/lib/python3.10/dist-packages:/opt/ros/humble/lib/python3.10/site-packages:/opt/ros/humble/local/lib/python3.10/dist-packages', 'LC_NUMERIC': 'ko_KR.UTF-8', 'LC_PAPER': 'ko_KR.UTF-8', 'COLCON': '1', 'VTE_VERSION': '6800', 'CMAKE_PREFIX_PATH': '/home/vdcl/Desktop/larr_project/umv_control/install/umv_msgs:/home/vdcl/Desktop/larr_project/umv_control/install/mppi:/home/vdcl/Desktop/larr_project/AirSim/ros2/install/airsim_ros_pkgs:/home/vdcl/Desktop/larr_project/AirSim/ros2/install/airsim_interfaces'}, 'shell': False}
[7.325304] (-) TimerEvent: {}
[7.425631] (-) TimerEvent: {}
[7.522799] (global_path) StdoutLine: {'line': b'running egg_info\n'}
[7.523615] (global_path) StdoutLine: {'line': b'writing ../../build/global_path/global_path.egg-info/PKG-INFO\n'}
[7.523931] (global_path) StdoutLine: {'line': b'writing dependency_links to ../../build/global_path/global_path.egg-info/dependency_links.txt\n'}
[7.524182] (global_path) StdoutLine: {'line': b'writing entry points to ../../build/global_path/global_path.egg-info/entry_points.txt\n'}
[7.524355] (global_path) StdoutLine: {'line': b'writing requirements to ../../build/global_path/global_path.egg-info/requires.txt\n'}
[7.524490] (global_path) StdoutLine: {'line': b'writing top-level names to ../../build/global_path/global_path.egg-info/top_level.txt\n'}
[7.525695] (-) TimerEvent: {}
[7.527025] (global_path) StdoutLine: {'line': b"reading manifest file '../../build/global_path/global_path.egg-info/SOURCES.txt'\n"}
[7.527775] (global_path) StdoutLine: {'line': b"adding license file 'LICENSE'\n"}
[7.528802] (global_path) StdoutLine: {'line': b"writing manifest file '../../build/global_path/global_path.egg-info/SOURCES.txt'\n"}
[7.528988] (global_path) StdoutLine: {'line': b'running build\n'}
[7.529094] (global_path) StdoutLine: {'line': b'running build_py\n'}
[7.529276] (global_path) StdoutLine: {'line': b'copying global_path/planner.py -> /home/vdcl/Desktop/larr_project/umv_control/build/global_path/build/lib/global_path\n'}
[7.529547] (global_path) StdoutLine: {'line': b'copying global_path/topology_gen.py -> /home/vdcl/Desktop/larr_project/umv_control/build/global_path/build/lib/global_path\n'}
[7.529699] (global_path) StdoutLine: {'line': b'copying global_path/global_path.py -> /home/vdcl/Desktop/larr_project/umv_control/build/global_path/build/lib/global_path\n'}
[7.530243] (global_path) StdoutLine: {'line': b'running install\n'}
[7.531237] (global_path) StdoutLine: {'line': b'running install_lib\n'}
[7.531394] (global_path) StdoutLine: {'line': b'copying /home/vdcl/Desktop/larr_project/umv_control/build/global_path/build/lib/global_path/planner.py -> /home/vdcl/Desktop/larr_project/umv_control/install/global_path/lib/python3.10/site-packages/global_path\n'}
[7.531556] (global_path) StdoutLine: {'line': b'copying /home/vdcl/Desktop/larr_project/umv_control/build/global_path/build/lib/global_path/topology_gen.py -> /home/vdcl/Desktop/larr_project/umv_control/install/global_path/lib/python3.10/site-packages/global_path\n'}
[7.531707] (global_path) StdoutLine: {'line': b'copying /home/vdcl/Desktop/larr_project/umv_control/build/global_path/build/lib/global_path/global_path.py -> /home/vdcl/Desktop/larr_project/umv_control/install/global_path/lib/python3.10/site-packages/global_path\n'}
[7.532358] (global_path) StdoutLine: {'line': b'byte-compiling /home/vdcl/Desktop/larr_project/umv_control/install/global_path/lib/python3.10/site-packages/global_path/planner.py to planner.cpython-310.pyc\n'}
[7.535284] (global_path) StdoutLine: {'line': b'byte-compiling /home/vdcl/Desktop/larr_project/umv_control/install/global_path/lib/python3.10/site-packages/global_path/topology_gen.py to topology_gen.cpython-310.pyc\n'}
[7.536613] (global_path) StdoutLine: {'line': b'byte-compiling /home/vdcl/Desktop/larr_project/umv_control/install/global_path/lib/python3.10/site-packages/global_path/global_path.py to global_path.cpython-310.pyc\n'}
[7.537641] (global_path) StdoutLine: {'line': b'running install_data\n'}
[7.537810] (global_path) StdoutLine: {'line': b'copying global_path/pawn_dict.pkl -> /home/vdcl/Desktop/larr_project/umv_control/install/global_path/lib/python3.10/site-packages/global_path/\n'}
[7.537920] (global_path) StdoutLine: {'line': b'running install_egg_info\n'}
[7.540009] (global_path) StdoutLine: {'line': b"removing '/home/vdcl/Desktop/larr_project/umv_control/install/global_path/lib/python3.10/site-packages/global_path-0.0.0-py3.10.egg-info' (and everything under it)\n"}
[7.547955] (global_path) StdoutLine: {'line': b'Copying ../../build/global_path/global_path.egg-info to /home/vdcl/Desktop/larr_project/umv_control/install/global_path/lib/python3.10/site-packages/global_path-0.0.0-py3.10.egg-info\n'}
[7.548228] (host_vehicle_filter) StdoutLine: {'line': b'running egg_info\n'}
[7.548407] (host_vehicle_filter) StdoutLine: {'line': b'writing ../../build/host_vehicle_filter/host_vehicle_filter.egg-info/PKG-INFO\n'}
[7.548511] (host_vehicle_filter) StdoutLine: {'line': b'writing dependency_links to ../../build/host_vehicle_filter/host_vehicle_filter.egg-info/dependency_links.txt\n'}
[7.548607] (host_vehicle_filter) StdoutLine: {'line': b'writing entry points to ../../build/host_vehicle_filter/host_vehicle_filter.egg-info/entry_points.txt\n'}
[7.548706] (host_vehicle_filter) StdoutLine: {'line': b'writing requirements to ../../build/host_vehicle_filter/host_vehicle_filter.egg-info/requires.txt\n'}
[7.548815] (host_vehicle_filter) StdoutLine: {'line': b'writing top-level names to ../../build/host_vehicle_filter/host_vehicle_filter.egg-info/top_level.txt\n'}
[7.548976] (global_path) StdoutLine: {'line': b'running install_scripts\n'}
[7.549970] (lower_controller) StdoutLine: {'line': b'running egg_info\n'}
[7.550608] (lower_controller) StdoutLine: {'line': b'writing ../../build/lower_controller/lower_controller.egg-info/PKG-INFO\n'}
[7.550784] (host_vehicle_filter) StdoutLine: {'line': b"reading manifest file '../../build/host_vehicle_filter/host_vehicle_filter.egg-info/SOURCES.txt'\n"}
[7.550944] (lower_controller) StdoutLine: {'line': b'writing dependency_links to ../../build/lower_controller/lower_controller.egg-info/dependency_links.txt\n'}
[7.551077] (lower_controller) StdoutLine: {'line': b'writing entry points to ../../build/lower_controller/lower_controller.egg-info/entry_points.txt\n'}
[7.556509] (lower_controller) StdoutLine: {'line': b'writing requirements to ../../build/lower_controller/lower_controller.egg-info/requires.txt\n'}
[7.556968] (host_vehicle_filter) StdoutLine: {'line': b"adding license file 'LICENSE'\n"}
[7.557096] (lower_controller) StdoutLine: {'line': b'writing top-level names to ../../build/lower_controller/lower_controller.egg-info/top_level.txt\n'}
[7.557302] (host_vehicle_filter) StdoutLine: {'line': b"writing manifest file '../../build/host_vehicle_filter/host_vehicle_filter.egg-info/SOURCES.txt'\n"}
[7.557460] (host_vehicle_filter) StdoutLine: {'line': b'running build\n'}
[7.557568] (host_vehicle_filter) StdoutLine: {'line': b'running build_py\n'}
[7.557845] (host_vehicle_filter) StdoutLine: {'line': b'running install\n'}
[7.558121] (host_vehicle_filter) StdoutLine: {'line': b'running install_lib\n'}
[7.558877] (lower_controller) StdoutLine: {'line': b"reading manifest file '../../build/lower_controller/lower_controller.egg-info/SOURCES.txt'\n"}
[7.559185] (host_vehicle_filter) StdoutLine: {'line': b'running install_data\n'}
[7.559363] (host_vehicle_filter) StdoutLine: {'line': b'running install_egg_info\n'}
[7.560917] (host_vehicle_filter) StdoutLine: {'line': b"removing '/home/vdcl/Desktop/larr_project/umv_control/install/host_vehicle_filter/lib/python3.10/site-packages/host_vehicle_filter-0.0.0-py3.10.egg-info' (and everything under it)\n"}
[7.561234] (host_vehicle_filter) StdoutLine: {'line': b'Copying ../../build/host_vehicle_filter/host_vehicle_filter.egg-info to /home/vdcl/Desktop/larr_project/umv_control/install/host_vehicle_filter/lib/python3.10/site-packages/host_vehicle_filter-0.0.0-py3.10.egg-info\n'}
[7.562237] (host_vehicle_filter) StdoutLine: {'line': b'running install_scripts\n'}
[7.568918] (lower_controller) StdoutLine: {'line': b"adding license file 'LICENSE'\n"}
[7.569734] (lower_controller) StdoutLine: {'line': b"writing manifest file '../../build/lower_controller/lower_controller.egg-info/SOURCES.txt'\n"}
[7.569996] (lower_controller) StdoutLine: {'line': b'running build\n'}
[7.570118] (lower_controller) StdoutLine: {'line': b'running build_py\n'}
[7.570234] (global_path) StdoutLine: {'line': b'Installing global_path script to /home/vdcl/Desktop/larr_project/umv_control/install/global_path/lib/global_path\n'}
[7.570507] (global_path) StdoutLine: {'line': b"writing list of installed files to '/home/vdcl/Desktop/larr_project/umv_control/build/global_path/install.log'\n"}
[7.570729] (lower_controller) StdoutLine: {'line': b'running install\n'}
[7.571169] (lower_controller) StdoutLine: {'line': b'running install_lib\n'}
[7.572687] (lower_controller) StdoutLine: {'line': b'running install_data\n'}
[7.572922] (lower_controller) StdoutLine: {'line': b'running install_egg_info\n'}
[7.574782] (lower_controller) StdoutLine: {'line': b"removing '/home/vdcl/Desktop/larr_project/umv_control/install/lower_controller/lib/python3.10/site-packages/lower_controller-0.0.0-py3.10.egg-info' (and everything under it)\n"}
[7.575190] (lower_controller) StdoutLine: {'line': b'Copying ../../build/lower_controller/lower_controller.egg-info to /home/vdcl/Desktop/larr_project/umv_control/install/lower_controller/lib/python3.10/site-packages/lower_controller-0.0.0-py3.10.egg-info\n'}
[7.576111] (lower_controller) StdoutLine: {'line': b'running install_scripts\n'}
[7.584210] (host_vehicle_filter) StdoutLine: {'line': b'Installing host_vehicle_filter_node script to /home/vdcl/Desktop/larr_project/umv_control/install/host_vehicle_filter/lib/host_vehicle_filter\n'}
[7.584760] (host_vehicle_filter) StdoutLine: {'line': b"writing list of installed files to '/home/vdcl/Desktop/larr_project/umv_control/build/host_vehicle_filter/install.log'\n"}
[7.596371] (lower_controller) StdoutLine: {'line': b'Installing lower_controller_node script to /home/vdcl/Desktop/larr_project/umv_control/install/lower_controller/lib/lower_controller\n'}
[7.598995] (global_path) CommandEnded: {'returncode': 0}
[7.599621] (lower_controller) StdoutLine: {'line': b"writing list of installed files to '/home/vdcl/Desktop/larr_project/umv_control/build/lower_controller/install.log'\n"}
[7.611139] (global_path) JobEnded: {'identifier': 'global_path', 'rc': 0}
[7.616481] (host_vehicle_filter) CommandEnded: {'returncode': 0}
[7.622622] (host_vehicle_filter) JobEnded: {'identifier': 'host_vehicle_filter', 'rc': 0}
[7.629663] (-) TimerEvent: {}
[7.629806] (lower_controller) CommandEnded: {'returncode': 0}
[7.636896] (lower_controller) JobEnded: {'identifier': 'lower_controller', 'rc': 0}
[7.730088] (-) TimerEvent: {}
[7.830373] (-) TimerEvent: {}
[7.930629] (-) TimerEvent: {}
[8.030884] (-) TimerEvent: {}
[8.131138] (-) TimerEvent: {}
[8.231432] (-) TimerEvent: {}
[8.331685] (-) TimerEvent: {}
[8.431943] (-) TimerEvent: {}
[8.532255] (-) TimerEvent: {}
[8.632511] (-) TimerEvent: {}
[8.732772] (-) TimerEvent: {}
[8.833026] (-) TimerEvent: {}
[8.933291] (-) TimerEvent: {}
[9.033552] (-) TimerEvent: {}
[9.133816] (-) TimerEvent: {}
[9.234120] (-) TimerEvent: {}
[9.334417] (-) TimerEvent: {}
[9.434730] (-) TimerEvent: {}
[9.535006] (-) TimerEvent: {}
[9.635286] (-) TimerEvent: {}
[9.735578] (-) TimerEvent: {}
[9.763226] (mppi) StderrLine: {'line': b'\x1b[01m\x1b[K/home/vdcl/Desktop/larr_project/umv_control/src/mppi/src/mppi.cpp:\x1b[m\x1b[K In member function \xe2\x80\x98\x1b[01m\x1b[Kvoid MppiClass::timer_cb()\x1b[m\x1b[K\xe2\x80\x99:\n'}
[9.763396] (mppi) StderrLine: {'line': b'\x1b[01m\x1b[K/home/vdcl/Desktop/larr_project/umv_control/src/mppi/src/mppi.cpp:285:15:\x1b[m\x1b[K \x1b[01;35m\x1b[Kwarning: \x1b[m\x1b[Kunused variable \xe2\x80\x98\x1b[01m\x1b[Key_\x1b[m\x1b[K\xe2\x80\x99 [\x1b[01;35m\x1b[K\x1b]8;;https://gcc.gnu.org/onlinedocs/gcc/Warning-Options.html#index-Wunused-variable\x07-Wunused-variable\x1b]8;;\x07\x1b[m\x1b[K]\n'}
[9.763470] (mppi) StderrLine: {'line': b'  285 |         float \x1b[01;35m\x1b[Key_\x1b[m\x1b[K = ey;\n'}
[9.763559] (mppi) StderrLine: {'line': b'      |               \x1b[01;35m\x1b[K^~~\x1b[m\x1b[K\n'}
[9.763615] (mppi) StderrLine: {'line': b'\x1b[01m\x1b[K/home/vdcl/Desktop/larr_project/umv_control/src/mppi/src/mppi.cpp:286:15:\x1b[m\x1b[K \x1b[01;35m\x1b[Kwarning: \x1b[m\x1b[Kunused variable \xe2\x80\x98\x1b[01m\x1b[Kego_yaw_\x1b[m\x1b[K\xe2\x80\x99 [\x1b[01;35m\x1b[K\x1b]8;;https://gcc.gnu.org/onlinedocs/gcc/Warning-Options.html#index-Wunused-variable\x07-Wunused-variable\x1b]8;;\x07\x1b[m\x1b[K]\n'}
[9.763671] (mppi) StderrLine: {'line': b'  286 |         float \x1b[01;35m\x1b[Kego_yaw_\x1b[m\x1b[K = ego_yaw;\n'}
[9.763724] (mppi) StderrLine: {'line': b'      |               \x1b[01;35m\x1b[K^~~~~~~~\x1b[m\x1b[K\n'}
[9.767530] (mppi) StderrLine: {'line': b'\x1b[01m\x1b[K/home/vdcl/Desktop/larr_project/umv_control/src/mppi/src/mppi.cpp:\x1b[m\x1b[K In member function \xe2\x80\x98\x1b[01m\x1b[Kvoid MppiClass::virtual_target_cb(umv_msgs::msg::Obstacles_<std::allocator<void> >::SharedPtr)\x1b[m\x1b[K\xe2\x80\x99:\n'}
[9.767624] (mppi) StderrLine: {'line': b'\x1b[01m\x1b[K/home/vdcl/Desktop/larr_project/umv_control/src/mppi/src/mppi.cpp:430:23:\x1b[m\x1b[K \x1b[01;35m\x1b[Kwarning: \x1b[m\x1b[Kunused variable \xe2\x80\x98\x1b[01m\x1b[Kax\x1b[m\x1b[K\xe2\x80\x99 [\x1b[01;35m\x1b[K\x1b]8;;https://gcc.gnu.org/onlinedocs/gcc/Warning-Options.html#index-Wunused-variable\x07-Wunused-variable\x1b]8;;\x07\x1b[m\x1b[K]\n'}
[9.767693] (mppi) StderrLine: {'line': b'  430 |                 float \x1b[01;35m\x1b[Kax\x1b[m\x1b[K = a_values[kk];\n'}
[9.767748] (mppi) StderrLine: {'line': b'      |                       \x1b[01;35m\x1b[K^~\x1b[m\x1b[K\n'}
[9.767801] (mppi) StderrLine: {'line': b'\x1b[01m\x1b[K/home/vdcl/Desktop/larr_project/umv_control/src/mppi/src/mppi.cpp:412:13:\x1b[m\x1b[K \x1b[01;35m\x1b[Kwarning: \x1b[m\x1b[Kunused variable \xe2\x80\x98\x1b[01m\x1b[Kcheck\x1b[m\x1b[K\xe2\x80\x99 [\x1b[01;35m\x1b[K\x1b]8;;https://gcc.gnu.org/onlinedocs/gcc/Warning-Options.html#index-Wunused-variable\x07-Wunused-variable\x1b]8;;\x07\x1b[m\x1b[K]\n'}
[9.767856] (mppi) StderrLine: {'line': b'  412 |         int \x1b[01;35m\x1b[Kcheck\x1b[m\x1b[K = 0;\n'}
[9.767927] (mppi) StderrLine: {'line': b'      |             \x1b[01;35m\x1b[K^~~~~\x1b[m\x1b[K\n'}
[9.835674] (-) TimerEvent: {}
[9.935966] (-) TimerEvent: {}
[10.036290] (-) TimerEvent: {}
[10.136563] (-) TimerEvent: {}
[10.236830] (-) TimerEvent: {}
[10.337099] (-) TimerEvent: {}
[10.437371] (-) TimerEvent: {}
[10.537773] (-) TimerEvent: {}
[10.638061] (-) TimerEvent: {}
[10.738398] (-) TimerEvent: {}
[10.838675] (-) TimerEvent: {}
[10.938938] (-) TimerEvent: {}
[11.039198] (-) TimerEvent: {}
[11.139447] (-) TimerEvent: {}
[11.239703] (-) TimerEvent: {}
[11.339957] (-) TimerEvent: {}
[11.440224] (-) TimerEvent: {}
[11.540479] (-) TimerEvent: {}
[11.640736] (-) TimerEvent: {}
[11.740993] (-) TimerEvent: {}
[11.841260] (-) TimerEvent: {}
[11.941503] (-) TimerEvent: {}
[12.041765] (-) TimerEvent: {}
[12.142022] (-) TimerEvent: {}
[12.242281] (-) TimerEvent: {}
[12.342540] (-) TimerEvent: {}
[12.442796] (-) TimerEvent: {}
[12.543055] (-) TimerEvent: {}
[12.643304] (-) TimerEvent: {}
[12.743558] (-) TimerEvent: {}
[12.843813] (-) TimerEvent: {}
[12.944064] (-) TimerEvent: {}
[13.044315] (-) TimerEvent: {}
[13.144570] (-) TimerEvent: {}
[13.244824] (-) TimerEvent: {}
[13.345079] (-) TimerEvent: {}
[13.445354] (-) TimerEvent: {}
[13.545611] (-) TimerEvent: {}
[13.645874] (-) TimerEvent: {}
[13.746133] (-) TimerEvent: {}
[13.846387] (-) TimerEvent: {}
[13.946647] (-) TimerEvent: {}
[14.046910] (-) TimerEvent: {}
[14.147174] (-) TimerEvent: {}
[14.247427] (-) TimerEvent: {}
[14.347689] (-) TimerEvent: {}
[14.447964] (-) TimerEvent: {}
[14.548261] (-) TimerEvent: {}
[14.648511] (-) TimerEvent: {}
[14.748763] (-) TimerEvent: {}
[14.849013] (-) TimerEvent: {}
[14.949274] (-) TimerEvent: {}
[15.049518] (-) TimerEvent: {}
[15.149772] (-) TimerEvent: {}
[15.250033] (-) TimerEvent: {}
[15.350279] (-) TimerEvent: {}
[15.450527] (-) TimerEvent: {}
[15.550776] (-) TimerEvent: {}
[15.651040] (-) TimerEvent: {}
[15.751295] (-) TimerEvent: {}
[15.851537] (-) TimerEvent: {}
[15.951825] (-) TimerEvent: {}
[16.052132] (-) TimerEvent: {}
[16.152497] (-) TimerEvent: {}
[16.252860] (-) TimerEvent: {}
[16.353132] (-) TimerEvent: {}
[16.453367] (-) TimerEvent: {}
[16.553610] (-) TimerEvent: {}
[16.653857] (-) TimerEvent: {}
[16.754108] (-) TimerEvent: {}
[16.854347] (-) TimerEvent: {}
[16.954599] (-) TimerEvent: {}
[17.054857] (-) TimerEvent: {}
[17.155139] (-) TimerEvent: {}
[17.255381] (-) TimerEvent: {}
[17.355666] (-) TimerEvent: {}
[17.455909] (-) TimerEvent: {}
[17.556153] (-) TimerEvent: {}
[17.656388] (-) TimerEvent: {}
[17.756633] (-) TimerEvent: {}
[17.856879] (-) TimerEvent: {}
[17.957134] (-) TimerEvent: {}
[18.057367] (-) TimerEvent: {}
[18.157617] (-) TimerEvent: {}
[18.257867] (-) TimerEvent: {}
[18.358115] (-) TimerEvent: {}
[18.458349] (-) TimerEvent: {}
[18.558595] (-) TimerEvent: {}
[18.658839] (-) TimerEvent: {}
[18.759088] (-) TimerEvent: {}
[18.859344] (-) TimerEvent: {}
[18.959592] (-) TimerEvent: {}
[19.059841] (-) TimerEvent: {}
[19.160169] (-) TimerEvent: {}
[19.260584] (-) TimerEvent: {}
[19.361260] (-) TimerEvent: {}
[19.461926] (-) TimerEvent: {}
[19.562649] (-) TimerEvent: {}
[19.801266] (-) TimerEvent: {}
[19.901990] (-) TimerEvent: {}
[20.002694] (-) TimerEvent: {}
[20.103014] (-) TimerEvent: {}
[20.203276] (-) TimerEvent: {}
[20.303520] (-) TimerEvent: {}
[20.403781] (-) TimerEvent: {}
[20.504036] (-) TimerEvent: {}
[20.604256] (-) TimerEvent: {}
[20.704495] (-) TimerEvent: {}
[20.804747] (-) TimerEvent: {}
[20.905009] (-) TimerEvent: {}
[20.990006] (mppi) StdoutLine: {'line': b'[ 66%] \x1b[32m\x1b[1mLinking CXX executable mppi_manager\x1b[0m\n'}
[21.005099] (-) TimerEvent: {}
[21.105368] (-) TimerEvent: {}
[21.205688] (-) TimerEvent: {}
[21.306139] (-) TimerEvent: {}
[21.406829] (-) TimerEvent: {}
[21.507274] (-) TimerEvent: {}
[21.607558] (-) TimerEvent: {}
[21.707815] (-) TimerEvent: {}
[21.808067] (-) TimerEvent: {}
[21.908331] (-) TimerEvent: {}
[22.008602] (-) TimerEvent: {}
[22.108869] (-) TimerEvent: {}
[22.150768] (mppi) StdoutLine: {'line': b'[100%] Built target mppi_manager\n'}
[22.161342] (mppi) CommandEnded: {'returncode': 0}
[22.189443] (mppi) JobProgress: {'identifier': 'mppi', 'progress': 'install'}
[22.190178] (mppi) Command: {'cmd': ['/usr/bin/cmake', '--install', '/home/vdcl/Desktop/larr_project/umv_control/build/mppi'], 'cwd': '/home/vdcl/Desktop/larr_project/umv_control/build/mppi', 'env': OrderedDict([('GJS_DEBUG_TOPICS', 'JS ERROR;JS LOG'), ('LESSOPEN', '| /usr/bin/lesspipe %s'), ('LANGUAGE', 'ko:en'), ('USER', 'vdcl'), ('LC_TIME', 'ko_KR.UTF-8'), ('XDG_SESSION_TYPE', 'x11'), ('SHLVL', '1'), ('LD_LIBRARY_PATH', '/home/vdcl/Desktop/larr_project/umv_control/install/umv_msgs/lib:/usr/local/cuda-12.2/lib64:/home/vdcl/Desktop/larr_project/AirSim/ros2/install/airsim_ros_pkgs/lib:/home/vdcl/Desktop/larr_project/AirSim/ros2/install/airsim_interfaces/lib:/opt/ros/humble/opt/rviz_ogre_vendor/lib:/opt/ros/humble/lib/x86_64-linux-gnu:/opt/ros/humble/lib'), ('HOME', '/home/vdcl'), ('OLDPWD', '/home/vdcl/Desktop/larr_project'), ('DESKTOP_SESSION', 'ubuntu'), ('GIO_LAUNCHED_DESKTOP_FILE', '/usr/share/applications/terminator.desktop'), ('ROS_PYTHON_VERSION', '3'), ('GNOME_SHELL_SESSION_MODE', 'ubuntu'), ('GTK_MODULES', 'gail:atk-bridge'), ('LC_MONETARY', 'ko_KR.UTF-8'), ('MANAGERPID', '978'), ('SYSTEMD_EXEC_PID', '1361'), ('DBUS_SESSION_BUS_ADDRESS', 'unix:path=/run/user/1000/bus'), ('COLORTERM', 'truecolor'), ('TERMINATOR_DBUS_NAME', 'net.tenshu.Terminator21a9d5db22c73a993ff0b42f64b396873'), ('GIO_LAUNCHED_DESKTOP_FILE_PID', '24393'), ('COLCON_PREFIX_PATH', '/home/vdcl/Desktop/larr_project/AirSim/ros2/install:/home/vdcl/Desktop/larr_project/umv_control/install'), ('ROS_DISTRO', 'humble'), ('GTK_IM_MODULE', 'ibus'), ('LOGNAME', 'vdcl'), ('JOURNAL_STREAM', '8:11605'), ('_', '/usr/bin/colcon'), ('ROS_VERSION', '2'), ('XDG_SESSION_CLASS', 'user'), ('USERNAME', 'vdcl'), ('TERM', 'xterm-256color'), ('GNOME_DESKTOP_SESSION_ID', 'this-is-deprecated'), ('ROS_LOCALHOST_ONLY', '0'), ('WINDOWPATH', '2'), ('PATH', '/usr/local/cuda-12.2/bin:/opt/ros/humble/bin:/home/vdcl/.local/bin:/usr/local/sbin:/usr/local/bin:/usr/sbin:/usr/bin:/sbin:/bin:/usr/games:/usr/local/games:/snap/bin:/snap/bin:/opt/ros/humble/include'), ('SESSION_MANAGER', 'local/vdcl-desktop:@/tmp/.ICE-unix/1333,unix/vdcl-desktop:/tmp/.ICE-unix/1333'), ('INVOCATION_ID', 'ea4816cbe17b4520bd1073f27b7823cc'), ('PAPERSIZE', 'a4'), ('XDG_MENU_PREFIX', 'gnome-'), ('LC_ADDRESS', 'ko_KR.UTF-8'), ('XDG_RUNTIME_DIR', '/run/user/1000'), ('DISPLAY', ':0'), ('TERMINATOR_DBUS_PATH', '/net/tenshu/Terminator2'), ('LANG', 'ko_KR.UTF-8'), ('XDG_CURRENT_DESKTOP', 'ubuntu:GNOME'), ('IBUS_DISABLE_SNOOPER', '1'), ('LC_TELEPHONE', 'ko_KR.UTF-8'), ('XMODIFIERS', '@im=ibus'), ('XDG_SESSION_DESKTOP', 'ubuntu'), ('XAUTHORITY', '/run/user/1000/gdm/Xauthority'), ('LS_COLORS', 'rs=0:di=01;34:ln=01;36:mh=00:pi=40;33:so=01;35:do=01;35:bd=40;33;01:cd=40;33;01:or=40;31;01:mi=00:su=37;41:sg=30;43:ca=30;41:tw=30;42:ow=34;42:st=37;44:ex=01;32:*.tar=01;31:*.tgz=01;31:*.arc=01;31:*.arj=01;31:*.taz=01;31:*.lha=01;31:*.lz4=01;31:*.lzh=01;31:*.lzma=01;31:*.tlz=01;31:*.txz=01;31:*.tzo=01;31:*.t7z=01;31:*.zip=01;31:*.z=01;31:*.dz=01;31:*.gz=01;31:*.lrz=01;31:*.lz=01;31:*.lzo=01;31:*.xz=01;31:*.zst=01;31:*.tzst=01;31:*.bz2=01;31:*.bz=01;31:*.tbz=01;31:*.tbz2=01;31:*.tz=01;31:*.deb=01;31:*.rpm=01;31:*.jar=01;31:*.war=01;31:*.ear=01;31:*.sar=01;31:*.rar=01;31:*.alz=01;31:*.ace=01;31:*.zoo=01;31:*.cpio=01;31:*.7z=01;31:*.rz=01;31:*.cab=01;31:*.wim=01;31:*.swm=01;31:*.dwm=01;31:*.esd=01;31:*.jpg=01;35:*.jpeg=01;35:*.mjpg=01;35:*.mjpeg=01;35:*.gif=01;35:*.bmp=01;35:*.pbm=01;35:*.pgm=01;35:*.ppm=01;35:*.tga=01;35:*.xbm=01;35:*.xpm=01;35:*.tif=01;35:*.tiff=01;35:*.png=01;35:*.svg=01;35:*.svgz=01;35:*.mng=01;35:*.pcx=01;35:*.mov=01;35:*.mpg=01;35:*.mpeg=01;35:*.m2v=01;35:*.mkv=01;35:*.webm=01;35:*.webp=01;35:*.ogm=01;35:*.mp4=01;35:*.m4v=01;35:*.mp4v=01;35:*.vob=01;35:*.qt=01;35:*.nuv=01;35:*.wmv=01;35:*.asf=01;35:*.rm=01;35:*.rmvb=01;35:*.flc=01;35:*.avi=01;35:*.fli=01;35:*.flv=01;35:*.gl=01;35:*.dl=01;35:*.xcf=01;35:*.xwd=01;35:*.yuv=01;35:*.cgm=01;35:*.emf=01;35:*.ogv=01;35:*.ogx=01;35:*.aac=00;36:*.au=00;36:*.flac=00;36:*.m4a=00;36:*.mid=00;36:*.midi=00;36:*.mka=00;36:*.mp3=00;36:*.mpc=00;36:*.ogg=00;36:*.ra=00;36:*.wav=00;36:*.oga=00;36:*.opus=00;36:*.spx=00;36:*.xspf=00;36:'), ('SSH_AGENT_LAUNCHER', 'gnome-keyring'), ('SSH_AUTH_SOCK', '/run/user/1000/keyring/ssh'), ('AMENT_PREFIX_PATH', '/home/vdcl/Desktop/larr_project/umv_control/install/utils:/home/vdcl/Desktop/larr_project/umv_control/install/mppi:/home/vdcl/Desktop/larr_project/umv_control/install/lower_controller:/home/vdcl/Desktop/larr_project/umv_control/install/host_vehicle_filter:/home/vdcl/Desktop/larr_project/umv_control/install/global_path:/home/vdcl/Desktop/larr_project/umv_control/install/umv_msgs:/home/vdcl/Desktop/larr_project/umv_control/install/motion_planner:/home/vdcl/Desktop/larr_project/AirSim/ros2/install/airsim_ros_pkgs:/home/vdcl/Desktop/larr_project/AirSim/ros2/install/airsim_interfaces:/opt/ros/humble'), ('SHELL', '/bin/bash'), ('LC_NAME', 'ko_KR.UTF-8'), ('TERMINATOR_UUID', 'urn:uuid:f3d36416-adb8-4798-9676-5e5ca94879f2'), ('QT_ACCESSIBILITY', '1'), ('GDMSESSION', 'ubuntu'), ('LESSCLOSE', '/usr/bin/lesspipe %s %s'), ('LC_MEASUREMENT', 'ko_KR.UTF-8'), ('GPG_AGENT_INFO', '/run/user/1000/gnupg/S.gpg-agent:0:1'), ('GJS_DEBUG_OUTPUT', 'stderr'), ('LC_IDENTIFICATION', 'ko_KR.UTF-8'), ('QT_IM_MODULE', 'ibus'), ('PWD', '/home/vdcl/Desktop/larr_project/umv_control/build/mppi'), ('LC_ALL', 'en_US.UTF-8'), ('XDG_CONFIG_DIRS', '/etc/xdg/xdg-ubuntu:/etc/xdg'), ('XDG_DATA_DIRS', '/usr/share/ubuntu:/usr/share/gnome:/usr/local/share/:/usr/share/:/var/lib/snapd/desktop'), ('PYTHONPATH', '/home/vdcl/Desktop/larr_project/umv_control/install/utils/lib/python3.10/site-packages:/home/vdcl/Desktop/larr_project/umv_control/install/lower_controller/lib/python3.10/site-packages:/home/vdcl/Desktop/larr_project/umv_control/install/host_vehicle_filter/lib/python3.10/site-packages:/home/vdcl/Desktop/larr_project/umv_control/install/global_path/lib/python3.10/site-packages:/home/vdcl/Desktop/larr_project/umv_control/install/umv_msgs/local/lib/python3.10/dist-packages:/home/vdcl/Desktop/larr_project/umv_control/install/motion_planner/lib/python3.10/site-packages:/home/vdcl/Desktop/larr_project/AirSim/ros2/install/airsim_interfaces/local/lib/python3.10/dist-packages:/opt/ros/humble/lib/python3.10/site-packages:/opt/ros/humble/local/lib/python3.10/dist-packages'), ('LC_NUMERIC', 'ko_KR.UTF-8'), ('LC_PAPER', 'ko_KR.UTF-8'), ('COLCON', '1'), ('VTE_VERSION', '6800'), ('CMAKE_PREFIX_PATH', '/home/vdcl/Desktop/larr_project/umv_control/install/umv_msgs:/home/vdcl/Desktop/larr_project/umv_control/install/mppi:/home/vdcl/Desktop/larr_project/AirSim/ros2/install/airsim_ros_pkgs:/home/vdcl/Desktop/larr_project/AirSim/ros2/install/airsim_interfaces:/home/vdcl/Desktop/larr_project/umv_control/install/utils:/home/vdcl/Desktop/larr_project/umv_control/install/lower_controller:/home/vdcl/Desktop/larr_project/umv_control/install/host_vehicle_filter:/home/vdcl/Desktop/larr_project/umv_control/install/global_path:/home/vdcl/Desktop/larr_project/umv_control/install/motion_planner:/opt/ros/humble')]), 'shell': False}
[22.198332] (mppi) StdoutLine: {'line': b'-- Install configuration: ""\n'}
[22.198556] (mppi) StdoutLine: {'line': b'-- Up-to-date: /home/vdcl/Desktop/larr_project/umv_control/install/mppi/share/ament_index/resource_index/package_run_dependencies/mppi\n'}
[22.198769] (mppi) StdoutLine: {'line': b'-- Up-to-date: /home/vdcl/Desktop/larr_project/umv_control/install/mppi/share/ament_index/resource_index/parent_prefix_path/mppi\n'}
[22.198924] (mppi) StdoutLine: {'line': b'-- Up-to-date: /home/vdcl/Desktop/larr_project/umv_control/install/mppi/share/mppi/environment/ament_prefix_path.sh\n'}
[22.199087] (mppi) StdoutLine: {'line': b'-- Up-to-date: /home/vdcl/Desktop/larr_project/umv_control/install/mppi/share/mppi/environment/ament_prefix_path.dsv\n'}
[22.199231] (mppi) StdoutLine: {'line': b'-- Up-to-date: /home/vdcl/Desktop/larr_project/umv_control/install/mppi/share/mppi/environment/path.sh\n'}
[22.199394] (mppi) StdoutLine: {'line': b'-- Up-to-date: /home/vdcl/Desktop/larr_project/umv_control/install/mppi/share/mppi/environment/path.dsv\n'}
[22.199557] (mppi) StdoutLine: {'line': b'-- Up-to-date: /home/vdcl/Desktop/larr_project/umv_control/install/mppi/share/mppi/local_setup.bash\n'}
[22.199672] (mppi) StdoutLine: {'line': b'-- Up-to-date: /home/vdcl/Desktop/larr_project/umv_control/install/mppi/share/mppi/local_setup.sh\n'}
[22.199781] (mppi) StdoutLine: {'line': b'-- Up-to-date: /home/vdcl/Desktop/larr_project/umv_control/install/mppi/share/mppi/local_setup.zsh\n'}
[22.199886] (mppi) StdoutLine: {'line': b'-- Up-to-date: /home/vdcl/Desktop/larr_project/umv_control/install/mppi/share/mppi/local_setup.dsv\n'}
[22.200002] (mppi) StdoutLine: {'line': b'-- Installing: /home/vdcl/Desktop/larr_project/umv_control/install/mppi/share/mppi/package.dsv\n'}
[22.200118] (mppi) StdoutLine: {'line': b'-- Up-to-date: /home/vdcl/Desktop/larr_project/umv_control/install/mppi/share/ament_index/resource_index/packages/mppi\n'}
[22.200267] (mppi) StdoutLine: {'line': b'-- Up-to-date: /home/vdcl/Desktop/larr_project/umv_control/install/mppi/share/mppi/cmake/mppiConfig.cmake\n'}
[22.200403] (mppi) StdoutLine: {'line': b'-- Up-to-date: /home/vdcl/Desktop/larr_project/umv_control/install/mppi/share/mppi/cmake/mppiConfig-version.cmake\n'}
[22.200562] (mppi) StdoutLine: {'line': b'-- Up-to-date: /home/vdcl/Desktop/larr_project/umv_control/install/mppi/share/mppi/package.xml\n'}
[22.201371] (mppi) CommandEnded: {'returncode': 0}
[22.208969] (-) TimerEvent: {}
[22.243647] (mppi) JobEnded: {'identifier': 'mppi', 'rc': 0}
[22.244597] (-) EventReactorShutdown: {}
