[0.000000] (-) TimerEvent: {}
[0.000247] (motion_planner) JobQueued: {'identifier': 'motion_planner', 'dependencies': OrderedDict()}
[0.000326] (umv_msgs) JobQueued: {'identifier': 'umv_msgs', 'dependencies': OrderedDict()}
[0.000443] (utils) JobQueued: {'identifier': 'utils', 'dependencies': OrderedDict()}
[0.000469] (global_path) JobQueued: {'identifier': 'global_path', 'dependencies': OrderedDict([('umv_msgs', '/home/vdcl/Desktop/larr_project/umv_control/install/umv_msgs')])}
[0.000503] (host_vehicle_filter) JobQueued: {'identifier': 'host_vehicle_filter', 'dependencies': OrderedDict([('umv_msgs', '/home/vdcl/Desktop/larr_project/umv_control/install/umv_msgs')])}
[0.000524] (lower_controller) JobQueued: {'identifier': 'lower_controller', 'dependencies': OrderedDict([('umv_msgs', '/home/vdcl/Desktop/larr_project/umv_control/install/umv_msgs')])}
[0.000541] (mppi) JobQueued: {'identifier': 'mppi', 'dependencies': OrderedDict([('umv_msgs', '/home/vdcl/Desktop/larr_project/umv_control/install/umv_msgs')])}
[0.000559] (umv_msgs) JobStarted: {'identifier': 'umv_msgs'}
[0.006758] (motion_planner) JobStarted: {'identifier': 'motion_planner'}
[0.013820] (utils) JobStarted: {'identifier': 'utils'}
[0.020885] (umv_msgs) JobProgress: {'identifier': 'umv_msgs', 'progress': 'cmake'}
[0.022655] (umv_msgs) JobProgress: {'identifier': 'umv_msgs', 'progress': 'build'}
[0.023277] (umv_msgs) Command: {'cmd': ['/usr/bin/cmake', '--build', '/home/vdcl/Desktop/larr_project/umv_control/build/umv_msgs', '--', '-j8', '-l8'], 'cwd': '/home/vdcl/Desktop/larr_project/umv_control/build/umv_msgs', 'env': OrderedDict([('LESSOPEN', '| /usr/bin/lesspipe %s'), ('LANGUAGE', 'ko:en'), ('USER', 'vdcl'), ('LC_TIME', 'ko_KR.UTF-8'), ('XDG_SESSION_TYPE', 'x11'), ('SHLVL', '1'), ('LD_LIBRARY_PATH', '/usr/local/cuda-12.2/lib64:/home/vdcl/Desktop/larr_project/umv_control/install/umv_msgs/lib:/home/vdcl/Desktop/larr_project/AirSim/ros2/install/airsim_ros_pkgs/lib:/home/vdcl/Desktop/larr_project/AirSim/ros2/install/airsim_interfaces/lib:/opt/ros/humble/opt/rviz_ogre_vendor/lib:/opt/ros/humble/lib/x86_64-linux-gnu:/opt/ros/humble/lib'), ('HOME', '/home/vdcl'), ('OLDPWD', '/home/vdcl/Desktop/larr_project'), ('DESKTOP_SESSION', 'ubuntu'), ('ROS_PYTHON_VERSION', '3'), ('GNOME_SHELL_SESSION_MODE', 'ubuntu'), ('GTK_MODULES', 'gail:atk-bridge'), ('LC_MONETARY', 'ko_KR.UTF-8'), ('SYSTEMD_EXEC_PID', '1339'), ('DBUS_SESSION_BUS_ADDRESS', 'unix:path=/run/user/1000/bus'), ('COLORTERM', 'truecolor'), ('COLCON_PREFIX_PATH', '/home/vdcl/Desktop/larr_project/AirSim/ros2/install:/home/vdcl/Desktop/larr_project/umv_control/install'), ('ROS_DISTRO', 'humble'), ('GTK_IM_MODULE', 'ibus'), ('LOGNAME', 'vdcl'), ('_', '/usr/bin/colcon'), ('ROS_VERSION', '2'), ('XDG_SESSION_CLASS', 'user'), ('USERNAME', 'vdcl'), ('TERM', 'xterm-256color'), ('GNOME_DESKTOP_SESSION_ID', 'this-is-deprecated'), ('ROS_LOCALHOST_ONLY', '0'), ('WINDOWPATH', '2'), ('PATH', '/usr/local/cuda-12.2/bin:/opt/ros/humble/bin:/home/vdcl/.local/bin:/usr/local/sbin:/usr/local/bin:/usr/sbin:/usr/bin:/sbin:/bin:/usr/games:/usr/local/games:/snap/bin:/snap/bin:/opt/ros/humble/include'), ('SESSION_MANAGER', 'local/vdcl-desktop:@/tmp/.ICE-unix/1311,unix/vdcl-desktop:/tmp/.ICE-unix/1311'), ('PAPERSIZE', 'a4'), ('XDG_MENU_PREFIX', 'gnome-'), ('LC_ADDRESS', 'ko_KR.UTF-8'), ('GNOME_TERMINAL_SCREEN', '/org/gnome/Terminal/screen/ef77537f_3f98_4f1b_87e0_0c62d4836513'), ('XDG_RUNTIME_DIR', '/run/user/1000'), ('DISPLAY', ':0'), ('LANG', 'ko_KR.UTF-8'), ('XDG_CURRENT_DESKTOP', 'ubuntu:GNOME'), ('LC_TELEPHONE', 'ko_KR.UTF-8'), ('XMODIFIERS', '@im=ibus'), ('XDG_SESSION_DESKTOP', 'ubuntu'), ('XAUTHORITY', '/run/user/1000/gdm/Xauthority'), ('LS_COLORS', 'rs=0:di=01;34:ln=01;36:mh=00:pi=40;33:so=01;35:do=01;35:bd=40;33;01:cd=40;33;01:or=40;31;01:mi=00:su=37;41:sg=30;43:ca=30;41:tw=30;42:ow=34;42:st=37;44:ex=01;32:*.tar=01;31:*.tgz=01;31:*.arc=01;31:*.arj=01;31:*.taz=01;31:*.lha=01;31:*.lz4=01;31:*.lzh=01;31:*.lzma=01;31:*.tlz=01;31:*.txz=01;31:*.tzo=01;31:*.t7z=01;31:*.zip=01;31:*.z=01;31:*.dz=01;31:*.gz=01;31:*.lrz=01;31:*.lz=01;31:*.lzo=01;31:*.xz=01;31:*.zst=01;31:*.tzst=01;31:*.bz2=01;31:*.bz=01;31:*.tbz=01;31:*.tbz2=01;31:*.tz=01;31:*.deb=01;31:*.rpm=01;31:*.jar=01;31:*.war=01;31:*.ear=01;31:*.sar=01;31:*.rar=01;31:*.alz=01;31:*.ace=01;31:*.zoo=01;31:*.cpio=01;31:*.7z=01;31:*.rz=01;31:*.cab=01;31:*.wim=01;31:*.swm=01;31:*.dwm=01;31:*.esd=01;31:*.jpg=01;35:*.jpeg=01;35:*.mjpg=01;35:*.mjpeg=01;35:*.gif=01;35:*.bmp=01;35:*.pbm=01;35:*.pgm=01;35:*.ppm=01;35:*.tga=01;35:*.xbm=01;35:*.xpm=01;35:*.tif=01;35:*.tiff=01;35:*.png=01;35:*.svg=01;35:*.svgz=01;35:*.mng=01;35:*.pcx=01;35:*.mov=01;35:*.mpg=01;35:*.mpeg=01;35:*.m2v=01;35:*.mkv=01;35:*.webm=01;35:*.webp=01;35:*.ogm=01;35:*.mp4=01;35:*.m4v=01;35:*.mp4v=01;35:*.vob=01;35:*.qt=01;35:*.nuv=01;35:*.wmv=01;35:*.asf=01;35:*.rm=01;35:*.rmvb=01;35:*.flc=01;35:*.avi=01;35:*.fli=01;35:*.flv=01;35:*.gl=01;35:*.dl=01;35:*.xcf=01;35:*.xwd=01;35:*.yuv=01;35:*.cgm=01;35:*.emf=01;35:*.ogv=01;35:*.ogx=01;35:*.aac=00;36:*.au=00;36:*.flac=00;36:*.m4a=00;36:*.mid=00;36:*.midi=00;36:*.mka=00;36:*.mp3=00;36:*.mpc=00;36:*.ogg=00;36:*.ra=00;36:*.wav=00;36:*.oga=00;36:*.opus=00;36:*.spx=00;36:*.xspf=00;36:'), ('GNOME_TERMINAL_SERVICE', ':1.780'), ('SSH_AGENT_LAUNCHER', 'gnome-keyring'), ('SSH_AUTH_SOCK', '/run/user/1000/keyring/ssh'), ('AMENT_PREFIX_PATH', '/home/vdcl/Desktop/larr_project/umv_control/install/utils:/home/vdcl/Desktop/larr_project/umv_control/install/mppi:/home/vdcl/Desktop/larr_project/umv_control/install/lower_controller:/home/vdcl/Desktop/larr_project/umv_control/install/host_vehicle_filter:/home/vdcl/Desktop/larr_project/umv_control/install/global_path:/home/vdcl/Desktop/larr_project/umv_control/install/umv_msgs:/home/vdcl/Desktop/larr_project/umv_control/install/motion_planner:/home/vdcl/Desktop/larr_project/AirSim/ros2/install/airsim_ros_pkgs:/home/vdcl/Desktop/larr_project/AirSim/ros2/install/airsim_interfaces:/opt/ros/humble'), ('SHELL', '/bin/bash'), ('LC_NAME', 'ko_KR.UTF-8'), ('QT_ACCESSIBILITY', '1'), ('GDMSESSION', 'ubuntu'), ('LESSCLOSE', '/usr/bin/lesspipe %s %s'), ('LC_MEASUREMENT', 'ko_KR.UTF-8'), ('GPG_AGENT_INFO', '/run/user/1000/gnupg/S.gpg-agent:0:1'), ('LC_IDENTIFICATION', 'ko_KR.UTF-8'), ('QT_IM_MODULE', 'ibus'), ('PWD', '/home/vdcl/Desktop/larr_project/umv_control/build/umv_msgs'), ('LC_ALL', 'en_US.UTF-8'), ('XDG_CONFIG_DIRS', '/etc/xdg/xdg-ubuntu:/etc/xdg'), ('XDG_DATA_DIRS', '/usr/share/ubuntu:/usr/share/gnome:/usr/local/share/:/usr/share/:/var/lib/snapd/desktop'), ('PYTHONPATH', '/home/vdcl/Desktop/larr_project/umv_control/install/utils/lib/python3.10/site-packages:/home/vdcl/Desktop/larr_project/umv_control/install/lower_controller/lib/python3.10/site-packages:/home/vdcl/Desktop/larr_project/umv_control/install/host_vehicle_filter/lib/python3.10/site-packages:/home/vdcl/Desktop/larr_project/umv_control/install/global_path/lib/python3.10/site-packages:/home/vdcl/Desktop/larr_project/umv_control/install/umv_msgs/local/lib/python3.10/dist-packages:/home/vdcl/Desktop/larr_project/umv_control/install/motion_planner/lib/python3.10/site-packages:/home/vdcl/Desktop/larr_project/AirSim/ros2/install/airsim_interfaces/local/lib/python3.10/dist-packages:/opt/ros/humble/lib/python3.10/site-packages:/opt/ros/humble/local/lib/python3.10/dist-packages'), ('LC_NUMERIC', 'ko_KR.UTF-8'), ('LC_PAPER', 'ko_KR.UTF-8'), ('COLCON', '1'), ('VTE_VERSION', '6800'), ('CMAKE_PREFIX_PATH', '/home/vdcl/Desktop/larr_project/umv_control/install/mppi:/home/vdcl/Desktop/larr_project/umv_control/install/umv_msgs:/home/vdcl/Desktop/larr_project/AirSim/ros2/install/airsim_ros_pkgs:/home/vdcl/Desktop/larr_project/AirSim/ros2/install/airsim_interfaces:/home/vdcl/Desktop/larr_project/umv_control/install/utils:/home/vdcl/Desktop/larr_project/umv_control/install/lower_controller:/home/vdcl/Desktop/larr_project/umv_control/install/host_vehicle_filter:/home/vdcl/Desktop/larr_project/umv_control/install/global_path:/home/vdcl/Desktop/larr_project/umv_control/install/motion_planner:/opt/ros/humble')]), 'shell': False}
[0.099134] (-) TimerEvent: {}
[0.199524] (-) TimerEvent: {}
[0.299774] (-) TimerEvent: {}
[0.400018] (-) TimerEvent: {}
[0.418505] (umv_msgs) StdoutLine: {'line': b'[ 11%] Built target umv_msgs__cpp\n'}
[0.419601] (umv_msgs) StdoutLine: {'line': b'[ 12%] Built target umv_msgs__rosidl_generator_c\n'}
[0.419795] (umv_msgs) StdoutLine: {'line': b'[ 12%] Built target ament_cmake_python_copy_umv_msgs\n'}
[0.420298] (umv_msgs) StdoutLine: {'line': b'[ 23%] Built target umv_msgs__rosidl_typesupport_cpp\n'}
[0.420438] (umv_msgs) StdoutLine: {'line': b'[ 34%] Built target umv_msgs__rosidl_typesupport_introspection_c\n'}
[0.420532] (umv_msgs) StdoutLine: {'line': b'[ 46%] Built target umv_msgs__rosidl_typesupport_c\n'}
[0.420623] (umv_msgs) StdoutLine: {'line': b'[ 57%] Built target umv_msgs__rosidl_typesupport_introspection_cpp\n'}
[0.420712] (umv_msgs) StdoutLine: {'line': b'[ 68%] Built target umv_msgs__rosidl_typesupport_fastrtps_c\n'}
[0.420800] (umv_msgs) StdoutLine: {'line': b'[ 79%] Built target umv_msgs__rosidl_typesupport_fastrtps_cpp\n'}
[0.420888] (umv_msgs) StdoutLine: {'line': b'[ 79%] Built target umv_msgs\n'}
[0.420976] (umv_msgs) StdoutLine: {'line': b'[ 80%] Built target umv_msgs__py\n'}
[0.421066] (umv_msgs) StdoutLine: {'line': b'[ 90%] Built target umv_msgs__rosidl_generator_py\n'}
[0.421170] (umv_msgs) StdoutLine: {'line': b'[ 93%] Built target umv_msgs__rosidl_typesupport_c__pyext\n'}
[0.421276] (umv_msgs) StdoutLine: {'line': b'[ 96%] Built target umv_msgs__rosidl_typesupport_fastrtps_c__pyext\n'}
[0.421376] (umv_msgs) StdoutLine: {'line': b'[100%] Built target umv_msgs__rosidl_typesupport_introspection_c__pyext\n'}
[0.469009] (umv_msgs) StdoutLine: {'line': b'running egg_info\n'}
[0.469830] (umv_msgs) StdoutLine: {'line': b'writing umv_msgs.egg-info/PKG-INFO\n'}
[0.470885] (umv_msgs) StdoutLine: {'line': b'writing dependency_links to umv_msgs.egg-info/dependency_links.txt\n'}
[0.471019] (umv_msgs) StdoutLine: {'line': b'writing top-level names to umv_msgs.egg-info/top_level.txt\n'}
[0.472745] (umv_msgs) StdoutLine: {'line': b"reading manifest file 'umv_msgs.egg-info/SOURCES.txt'\n"}
[0.479253] (umv_msgs) StdoutLine: {'line': b"writing manifest file 'umv_msgs.egg-info/SOURCES.txt'\n"}
[0.500128] (-) TimerEvent: {}
[0.509187] (umv_msgs) StdoutLine: {'line': b'[100%] Built target ament_cmake_python_build_umv_msgs_egg\n'}
[0.600220] (-) TimerEvent: {}
[0.700466] (-) TimerEvent: {}
[0.744706] (umv_msgs) CommandEnded: {'returncode': 0}
[0.800553] (-) TimerEvent: {}
[0.900852] (-) TimerEvent: {}
[0.940678] (umv_msgs) JobProgress: {'identifier': 'umv_msgs', 'progress': 'install'}
[0.954297] (umv_msgs) Command: {'cmd': ['/usr/bin/cmake', '--install', '/home/vdcl/Desktop/larr_project/umv_control/build/umv_msgs'], 'cwd': '/home/vdcl/Desktop/larr_project/umv_control/build/umv_msgs', 'env': OrderedDict([('LESSOPEN', '| /usr/bin/lesspipe %s'), ('LANGUAGE', 'ko:en'), ('USER', 'vdcl'), ('LC_TIME', 'ko_KR.UTF-8'), ('XDG_SESSION_TYPE', 'x11'), ('SHLVL', '1'), ('LD_LIBRARY_PATH', '/usr/local/cuda-12.2/lib64:/home/vdcl/Desktop/larr_project/umv_control/install/umv_msgs/lib:/home/vdcl/Desktop/larr_project/AirSim/ros2/install/airsim_ros_pkgs/lib:/home/vdcl/Desktop/larr_project/AirSim/ros2/install/airsim_interfaces/lib:/opt/ros/humble/opt/rviz_ogre_vendor/lib:/opt/ros/humble/lib/x86_64-linux-gnu:/opt/ros/humble/lib'), ('HOME', '/home/vdcl'), ('OLDPWD', '/home/vdcl/Desktop/larr_project'), ('DESKTOP_SESSION', 'ubuntu'), ('ROS_PYTHON_VERSION', '3'), ('GNOME_SHELL_SESSION_MODE', 'ubuntu'), ('GTK_MODULES', 'gail:atk-bridge'), ('LC_MONETARY', 'ko_KR.UTF-8'), ('SYSTEMD_EXEC_PID', '1339'), ('DBUS_SESSION_BUS_ADDRESS', 'unix:path=/run/user/1000/bus'), ('COLORTERM', 'truecolor'), ('COLCON_PREFIX_PATH', '/home/vdcl/Desktop/larr_project/AirSim/ros2/install:/home/vdcl/Desktop/larr_project/umv_control/install'), ('ROS_DISTRO', 'humble'), ('GTK_IM_MODULE', 'ibus'), ('LOGNAME', 'vdcl'), ('_', '/usr/bin/colcon'), ('ROS_VERSION', '2'), ('XDG_SESSION_CLASS', 'user'), ('USERNAME', 'vdcl'), ('TERM', 'xterm-256color'), ('GNOME_DESKTOP_SESSION_ID', 'this-is-deprecated'), ('ROS_LOCALHOST_ONLY', '0'), ('WINDOWPATH', '2'), ('PATH', '/usr/local/cuda-12.2/bin:/opt/ros/humble/bin:/home/vdcl/.local/bin:/usr/local/sbin:/usr/local/bin:/usr/sbin:/usr/bin:/sbin:/bin:/usr/games:/usr/local/games:/snap/bin:/snap/bin:/opt/ros/humble/include'), ('SESSION_MANAGER', 'local/vdcl-desktop:@/tmp/.ICE-unix/1311,unix/vdcl-desktop:/tmp/.ICE-unix/1311'), ('PAPERSIZE', 'a4'), ('XDG_MENU_PREFIX', 'gnome-'), ('LC_ADDRESS', 'ko_KR.UTF-8'), ('GNOME_TERMINAL_SCREEN', '/org/gnome/Terminal/screen/ef77537f_3f98_4f1b_87e0_0c62d4836513'), ('XDG_RUNTIME_DIR', '/run/user/1000'), ('DISPLAY', ':0'), ('LANG', 'ko_KR.UTF-8'), ('XDG_CURRENT_DESKTOP', 'ubuntu:GNOME'), ('LC_TELEPHONE', 'ko_KR.UTF-8'), ('XMODIFIERS', '@im=ibus'), ('XDG_SESSION_DESKTOP', 'ubuntu'), ('XAUTHORITY', '/run/user/1000/gdm/Xauthority'), ('LS_COLORS', 'rs=0:di=01;34:ln=01;36:mh=00:pi=40;33:so=01;35:do=01;35:bd=40;33;01:cd=40;33;01:or=40;31;01:mi=00:su=37;41:sg=30;43:ca=30;41:tw=30;42:ow=34;42:st=37;44:ex=01;32:*.tar=01;31:*.tgz=01;31:*.arc=01;31:*.arj=01;31:*.taz=01;31:*.lha=01;31:*.lz4=01;31:*.lzh=01;31:*.lzma=01;31:*.tlz=01;31:*.txz=01;31:*.tzo=01;31:*.t7z=01;31:*.zip=01;31:*.z=01;31:*.dz=01;31:*.gz=01;31:*.lrz=01;31:*.lz=01;31:*.lzo=01;31:*.xz=01;31:*.zst=01;31:*.tzst=01;31:*.bz2=01;31:*.bz=01;31:*.tbz=01;31:*.tbz2=01;31:*.tz=01;31:*.deb=01;31:*.rpm=01;31:*.jar=01;31:*.war=01;31:*.ear=01;31:*.sar=01;31:*.rar=01;31:*.alz=01;31:*.ace=01;31:*.zoo=01;31:*.cpio=01;31:*.7z=01;31:*.rz=01;31:*.cab=01;31:*.wim=01;31:*.swm=01;31:*.dwm=01;31:*.esd=01;31:*.jpg=01;35:*.jpeg=01;35:*.mjpg=01;35:*.mjpeg=01;35:*.gif=01;35:*.bmp=01;35:*.pbm=01;35:*.pgm=01;35:*.ppm=01;35:*.tga=01;35:*.xbm=01;35:*.xpm=01;35:*.tif=01;35:*.tiff=01;35:*.png=01;35:*.svg=01;35:*.svgz=01;35:*.mng=01;35:*.pcx=01;35:*.mov=01;35:*.mpg=01;35:*.mpeg=01;35:*.m2v=01;35:*.mkv=01;35:*.webm=01;35:*.webp=01;35:*.ogm=01;35:*.mp4=01;35:*.m4v=01;35:*.mp4v=01;35:*.vob=01;35:*.qt=01;35:*.nuv=01;35:*.wmv=01;35:*.asf=01;35:*.rm=01;35:*.rmvb=01;35:*.flc=01;35:*.avi=01;35:*.fli=01;35:*.flv=01;35:*.gl=01;35:*.dl=01;35:*.xcf=01;35:*.xwd=01;35:*.yuv=01;35:*.cgm=01;35:*.emf=01;35:*.ogv=01;35:*.ogx=01;35:*.aac=00;36:*.au=00;36:*.flac=00;36:*.m4a=00;36:*.mid=00;36:*.midi=00;36:*.mka=00;36:*.mp3=00;36:*.mpc=00;36:*.ogg=00;36:*.ra=00;36:*.wav=00;36:*.oga=00;36:*.opus=00;36:*.spx=00;36:*.xspf=00;36:'), ('GNOME_TERMINAL_SERVICE', ':1.780'), ('SSH_AGENT_LAUNCHER', 'gnome-keyring'), ('SSH_AUTH_SOCK', '/run/user/1000/keyring/ssh'), ('AMENT_PREFIX_PATH', '/home/vdcl/Desktop/larr_project/umv_control/install/utils:/home/vdcl/Desktop/larr_project/umv_control/install/mppi:/home/vdcl/Desktop/larr_project/umv_control/install/lower_controller:/home/vdcl/Desktop/larr_project/umv_control/install/host_vehicle_filter:/home/vdcl/Desktop/larr_project/umv_control/install/global_path:/home/vdcl/Desktop/larr_project/umv_control/install/umv_msgs:/home/vdcl/Desktop/larr_project/umv_control/install/motion_planner:/home/vdcl/Desktop/larr_project/AirSim/ros2/install/airsim_ros_pkgs:/home/vdcl/Desktop/larr_project/AirSim/ros2/install/airsim_interfaces:/opt/ros/humble'), ('SHELL', '/bin/bash'), ('LC_NAME', 'ko_KR.UTF-8'), ('QT_ACCESSIBILITY', '1'), ('GDMSESSION', 'ubuntu'), ('LESSCLOSE', '/usr/bin/lesspipe %s %s'), ('LC_MEASUREMENT', 'ko_KR.UTF-8'), ('GPG_AGENT_INFO', '/run/user/1000/gnupg/S.gpg-agent:0:1'), ('LC_IDENTIFICATION', 'ko_KR.UTF-8'), ('QT_IM_MODULE', 'ibus'), ('PWD', '/home/vdcl/Desktop/larr_project/umv_control/build/umv_msgs'), ('LC_ALL', 'en_US.UTF-8'), ('XDG_CONFIG_DIRS', '/etc/xdg/xdg-ubuntu:/etc/xdg'), ('XDG_DATA_DIRS', '/usr/share/ubuntu:/usr/share/gnome:/usr/local/share/:/usr/share/:/var/lib/snapd/desktop'), ('PYTHONPATH', '/home/vdcl/Desktop/larr_project/umv_control/install/utils/lib/python3.10/site-packages:/home/vdcl/Desktop/larr_project/umv_control/install/lower_controller/lib/python3.10/site-packages:/home/vdcl/Desktop/larr_project/umv_control/install/host_vehicle_filter/lib/python3.10/site-packages:/home/vdcl/Desktop/larr_project/umv_control/install/global_path/lib/python3.10/site-packages:/home/vdcl/Desktop/larr_project/umv_control/install/umv_msgs/local/lib/python3.10/dist-packages:/home/vdcl/Desktop/larr_project/umv_control/install/motion_planner/lib/python3.10/site-packages:/home/vdcl/Desktop/larr_project/AirSim/ros2/install/airsim_interfaces/local/lib/python3.10/dist-packages:/opt/ros/humble/lib/python3.10/site-packages:/opt/ros/humble/local/lib/python3.10/dist-packages'), ('LC_NUMERIC', 'ko_KR.UTF-8'), ('LC_PAPER', 'ko_KR.UTF-8'), ('COLCON', '1'), ('VTE_VERSION', '6800'), ('CMAKE_PREFIX_PATH', '/home/vdcl/Desktop/larr_project/umv_control/install/mppi:/home/vdcl/Desktop/larr_project/umv_control/install/umv_msgs:/home/vdcl/Desktop/larr_project/AirSim/ros2/install/airsim_ros_pkgs:/home/vdcl/Desktop/larr_project/AirSim/ros2/install/airsim_interfaces:/home/vdcl/Desktop/larr_project/umv_control/install/utils:/home/vdcl/Desktop/larr_project/umv_control/install/lower_controller:/home/vdcl/Desktop/larr_project/umv_control/install/host_vehicle_filter:/home/vdcl/Desktop/larr_project/umv_control/install/global_path:/home/vdcl/Desktop/larr_project/umv_control/install/motion_planner:/opt/ros/humble')]), 'shell': False}
[0.964817] (umv_msgs) StdoutLine: {'line': b'-- Install configuration: ""\n'}
[0.965071] (umv_msgs) StdoutLine: {'line': b'-- Up-to-date: /home/vdcl/Desktop/larr_project/umv_control/install/umv_msgs/share/ament_index/resource_index/rosidl_interfaces/umv_msgs\n'}
[0.965339] (umv_msgs) StdoutLine: {'line': b'-- Up-to-date: /home/vdcl/Desktop/larr_project/umv_control/install/umv_msgs/include/umv_msgs/umv_msgs\n'}
[0.965446] (umv_msgs) StdoutLine: {'line': b'-- Up-to-date: /home/vdcl/Desktop/larr_project/umv_control/install/umv_msgs/include/umv_msgs/umv_msgs/msg\n'}
[0.965663] (umv_msgs) StdoutLine: {'line': b'-- Up-to-date: /home/vdcl/Desktop/larr_project/umv_control/install/umv_msgs/include/umv_msgs/umv_msgs/msg/rosidl_generator_c__visibility_control.h\n'}
[0.965850] (umv_msgs) StdoutLine: {'line': b'-- Up-to-date: /home/vdcl/Desktop/larr_project/umv_control/install/umv_msgs/include/umv_msgs/umv_msgs/msg/global_path.h\n'}
[0.965962] (umv_msgs) StdoutLine: {'line': b'-- Up-to-date: /home/vdcl/Desktop/larr_project/umv_control/install/umv_msgs/include/umv_msgs/umv_msgs/msg/acu_cmd.h\n'}
[0.966137] (umv_msgs) StdoutLine: {'line': b'-- Up-to-date: /home/vdcl/Desktop/larr_project/umv_control/install/umv_msgs/include/umv_msgs/umv_msgs/msg/host_vehicle_filter.h\n'}
[0.966271] (umv_msgs) StdoutLine: {'line': b'-- Up-to-date: /home/vdcl/Desktop/larr_project/umv_control/install/umv_msgs/include/umv_msgs/umv_msgs/msg/obstacles.h\n'}
[0.966419] (umv_msgs) StdoutLine: {'line': b'-- Up-to-date: /home/vdcl/Desktop/larr_project/umv_control/install/umv_msgs/include/umv_msgs/umv_msgs/msg/local_ref_path.h\n'}
[0.966528] (umv_msgs) StdoutLine: {'line': b'-- Up-to-date: /home/vdcl/Desktop/larr_project/umv_control/install/umv_msgs/include/umv_msgs/umv_msgs/msg/detail\n'}
[0.966627] (umv_msgs) StdoutLine: {'line': b'-- Up-to-date: /home/vdcl/Desktop/larr_project/umv_control/install/umv_msgs/include/umv_msgs/umv_msgs/msg/detail/global_path__struct.h\n'}
[0.966740] (umv_msgs) StdoutLine: {'line': b'-- Up-to-date: /home/vdcl/Desktop/larr_project/umv_control/install/umv_msgs/include/umv_msgs/umv_msgs/msg/detail/acu_cmd__functions.c\n'}
[0.966895] (umv_msgs) StdoutLine: {'line': b'-- Up-to-date: /home/vdcl/Desktop/larr_project/umv_control/install/umv_msgs/include/umv_msgs/umv_msgs/msg/detail/obstacles__functions.c\n'}
[0.967014] (umv_msgs) StdoutLine: {'line': b'-- Up-to-date: /home/vdcl/Desktop/larr_project/umv_control/install/umv_msgs/include/umv_msgs/umv_msgs/msg/detail/local_ref_path__type_support.h\n'}
[0.967145] (umv_msgs) StdoutLine: {'line': b'-- Up-to-date: /home/vdcl/Desktop/larr_project/umv_control/install/umv_msgs/include/umv_msgs/umv_msgs/msg/detail/host_vehicle_filter__type_support.h\n'}
[0.967341] (umv_msgs) StdoutLine: {'line': b'-- Up-to-date: /home/vdcl/Desktop/larr_project/umv_control/install/umv_msgs/include/umv_msgs/umv_msgs/msg/detail/host_vehicle_filter__struct.h\n'}
[0.967453] (umv_msgs) StdoutLine: {'line': b'-- Up-to-date: /home/vdcl/Desktop/larr_project/umv_control/install/umv_msgs/include/umv_msgs/umv_msgs/msg/detail/local_ref_path__functions.c\n'}
[0.967572] (umv_msgs) StdoutLine: {'line': b'-- Up-to-date: /home/vdcl/Desktop/larr_project/umv_control/install/umv_msgs/include/umv_msgs/umv_msgs/msg/detail/acu_cmd__struct.h\n'}
[0.967691] (umv_msgs) StdoutLine: {'line': b'-- Up-to-date: /home/vdcl/Desktop/larr_project/umv_control/install/umv_msgs/include/umv_msgs/umv_msgs/msg/detail/acu_cmd__functions.h\n'}
[0.967828] (umv_msgs) StdoutLine: {'line': b'-- Up-to-date: /home/vdcl/Desktop/larr_project/umv_control/install/umv_msgs/include/umv_msgs/umv_msgs/msg/detail/host_vehicle_filter__functions.c\n'}
[0.967942] (umv_msgs) StdoutLine: {'line': b'-- Up-to-date: /home/vdcl/Desktop/larr_project/umv_control/install/umv_msgs/include/umv_msgs/umv_msgs/msg/detail/acu_cmd__type_support.h\n'}
[0.968046] (umv_msgs) StdoutLine: {'line': b'-- Up-to-date: /home/vdcl/Desktop/larr_project/umv_control/install/umv_msgs/include/umv_msgs/umv_msgs/msg/detail/host_vehicle_filter__functions.h\n'}
[0.968180] (umv_msgs) StdoutLine: {'line': b'-- Up-to-date: /home/vdcl/Desktop/larr_project/umv_control/install/umv_msgs/include/umv_msgs/umv_msgs/msg/detail/global_path__functions.c\n'}
[0.968311] (umv_msgs) StdoutLine: {'line': b'-- Up-to-date: /home/vdcl/Desktop/larr_project/umv_control/install/umv_msgs/include/umv_msgs/umv_msgs/msg/detail/obstacles__struct.h\n'}
[0.968419] (umv_msgs) StdoutLine: {'line': b'-- Up-to-date: /home/vdcl/Desktop/larr_project/umv_control/install/umv_msgs/include/umv_msgs/umv_msgs/msg/detail/local_ref_path__struct.h\n'}
[0.968529] (umv_msgs) StdoutLine: {'line': b'-- Up-to-date: /home/vdcl/Desktop/larr_project/umv_control/install/umv_msgs/include/umv_msgs/umv_msgs/msg/detail/obstacles__functions.h\n'}
[0.968637] (umv_msgs) StdoutLine: {'line': b'-- Up-to-date: /home/vdcl/Desktop/larr_project/umv_control/install/umv_msgs/include/umv_msgs/umv_msgs/msg/detail/global_path__type_support.h\n'}
[0.968729] (umv_msgs) StdoutLine: {'line': b'-- Up-to-date: /home/vdcl/Desktop/larr_project/umv_control/install/umv_msgs/include/umv_msgs/umv_msgs/msg/detail/obstacles__type_support.h\n'}
[0.968820] (umv_msgs) StdoutLine: {'line': b'-- Up-to-date: /home/vdcl/Desktop/larr_project/umv_control/install/umv_msgs/include/umv_msgs/umv_msgs/msg/detail/local_ref_path__functions.h\n'}
[0.969004] (umv_msgs) StdoutLine: {'line': b'-- Up-to-date: /home/vdcl/Desktop/larr_project/umv_control/install/umv_msgs/include/umv_msgs/umv_msgs/msg/detail/global_path__functions.h\n'}
[0.969148] (umv_msgs) StdoutLine: {'line': b'-- Up-to-date: /home/vdcl/Desktop/larr_project/umv_control/install/umv_msgs/share/umv_msgs/environment/library_path.sh\n'}
[0.969258] (umv_msgs) StdoutLine: {'line': b'-- Up-to-date: /home/vdcl/Desktop/larr_project/umv_control/install/umv_msgs/share/umv_msgs/environment/library_path.dsv\n'}
[0.969415] (umv_msgs) StdoutLine: {'line': b'-- Up-to-date: /home/vdcl/Desktop/larr_project/umv_control/install/umv_msgs/lib/libumv_msgs__rosidl_generator_c.so\n'}
[0.969519] (umv_msgs) StdoutLine: {'line': b'-- Up-to-date: /home/vdcl/Desktop/larr_project/umv_control/install/umv_msgs/include/umv_msgs/umv_msgs\n'}
[0.969622] (umv_msgs) StdoutLine: {'line': b'-- Up-to-date: /home/vdcl/Desktop/larr_project/umv_control/install/umv_msgs/include/umv_msgs/umv_msgs/msg\n'}
[0.969750] (umv_msgs) StdoutLine: {'line': b'-- Up-to-date: /home/vdcl/Desktop/larr_project/umv_control/install/umv_msgs/include/umv_msgs/umv_msgs/msg/rosidl_typesupport_fastrtps_c__visibility_control.h\n'}
[0.969852] (umv_msgs) StdoutLine: {'line': b'-- Up-to-date: /home/vdcl/Desktop/larr_project/umv_control/install/umv_msgs/include/umv_msgs/umv_msgs/msg/detail\n'}
[0.970067] (umv_msgs) StdoutLine: {'line': b'-- Up-to-date: /home/vdcl/Desktop/larr_project/umv_control/install/umv_msgs/include/umv_msgs/umv_msgs/msg/detail/global_path__rosidl_typesupport_fastrtps_c.h\n'}
[0.970235] (umv_msgs) StdoutLine: {'line': b'-- Up-to-date: /home/vdcl/Desktop/larr_project/umv_control/install/umv_msgs/include/umv_msgs/umv_msgs/msg/detail/local_ref_path__rosidl_typesupport_fastrtps_c.h\n'}
[0.970395] (umv_msgs) StdoutLine: {'line': b'-- Up-to-date: /home/vdcl/Desktop/larr_project/umv_control/install/umv_msgs/include/umv_msgs/umv_msgs/msg/detail/obstacles__rosidl_typesupport_fastrtps_c.h\n'}
[0.970548] (umv_msgs) StdoutLine: {'line': b'-- Up-to-date: /home/vdcl/Desktop/larr_project/umv_control/install/umv_msgs/include/umv_msgs/umv_msgs/msg/detail/host_vehicle_filter__rosidl_typesupport_fastrtps_c.h\n'}
[0.970647] (umv_msgs) StdoutLine: {'line': b'-- Up-to-date: /home/vdcl/Desktop/larr_project/umv_control/install/umv_msgs/include/umv_msgs/umv_msgs/msg/detail/acu_cmd__rosidl_typesupport_fastrtps_c.h\n'}
[0.970744] (umv_msgs) StdoutLine: {'line': b'-- Up-to-date: /home/vdcl/Desktop/larr_project/umv_control/install/umv_msgs/lib/libumv_msgs__rosidl_typesupport_fastrtps_c.so\n'}
[0.970845] (umv_msgs) StdoutLine: {'line': b'-- Up-to-date: /home/vdcl/Desktop/larr_project/umv_control/install/umv_msgs/include/umv_msgs/umv_msgs\n'}
[0.970946] (umv_msgs) StdoutLine: {'line': b'-- Up-to-date: /home/vdcl/Desktop/larr_project/umv_control/install/umv_msgs/include/umv_msgs/umv_msgs/msg\n'}
[0.971051] (umv_msgs) StdoutLine: {'line': b'-- Up-to-date: /home/vdcl/Desktop/larr_project/umv_control/install/umv_msgs/include/umv_msgs/umv_msgs/msg/rosidl_typesupport_introspection_c__visibility_control.h\n'}
[0.971222] (umv_msgs) StdoutLine: {'line': b'-- Up-to-date: /home/vdcl/Desktop/larr_project/umv_control/install/umv_msgs/include/umv_msgs/umv_msgs/msg/detail\n'}
[0.971323] (umv_msgs) StdoutLine: {'line': b'-- Up-to-date: /home/vdcl/Desktop/larr_project/umv_control/install/umv_msgs/include/umv_msgs/umv_msgs/msg/detail/global_path__type_support.c\n'}
[0.971431] (umv_msgs) StdoutLine: {'line': b'-- Up-to-date: /home/vdcl/Desktop/larr_project/umv_control/install/umv_msgs/include/umv_msgs/umv_msgs/msg/detail/acu_cmd__type_support.c\n'}
[0.971535] (umv_msgs) StdoutLine: {'line': b'-- Up-to-date: /home/vdcl/Desktop/larr_project/umv_control/install/umv_msgs/include/umv_msgs/umv_msgs/msg/detail/host_vehicle_filter__rosidl_typesupport_introspection_c.h\n'}
[0.971708] (umv_msgs) StdoutLine: {'line': b'-- Up-to-date: /home/vdcl/Desktop/larr_project/umv_control/install/umv_msgs/include/umv_msgs/umv_msgs/msg/detail/local_ref_path__type_support.c\n'}
[0.971817] (umv_msgs) StdoutLine: {'line': b'-- Up-to-date: /home/vdcl/Desktop/larr_project/umv_control/install/umv_msgs/include/umv_msgs/umv_msgs/msg/detail/obstacles__type_support.c\n'}
[0.971951] (umv_msgs) StdoutLine: {'line': b'-- Up-to-date: /home/vdcl/Desktop/larr_project/umv_control/install/umv_msgs/include/umv_msgs/umv_msgs/msg/detail/local_ref_path__rosidl_typesupport_introspection_c.h\n'}
[0.972093] (umv_msgs) StdoutLine: {'line': b'-- Up-to-date: /home/vdcl/Desktop/larr_project/umv_control/install/umv_msgs/include/umv_msgs/umv_msgs/msg/detail/global_path__rosidl_typesupport_introspection_c.h\n'}
[0.972210] (umv_msgs) StdoutLine: {'line': b'-- Up-to-date: /home/vdcl/Desktop/larr_project/umv_control/install/umv_msgs/include/umv_msgs/umv_msgs/msg/detail/acu_cmd__rosidl_typesupport_introspection_c.h\n'}
[0.972322] (umv_msgs) StdoutLine: {'line': b'-- Up-to-date: /home/vdcl/Desktop/larr_project/umv_control/install/umv_msgs/include/umv_msgs/umv_msgs/msg/detail/obstacles__rosidl_typesupport_introspection_c.h\n'}
[0.972437] (umv_msgs) StdoutLine: {'line': b'-- Up-to-date: /home/vdcl/Desktop/larr_project/umv_control/install/umv_msgs/include/umv_msgs/umv_msgs/msg/detail/host_vehicle_filter__type_support.c\n'}
[0.972596] (umv_msgs) StdoutLine: {'line': b'-- Up-to-date: /home/vdcl/Desktop/larr_project/umv_control/install/umv_msgs/lib/libumv_msgs__rosidl_typesupport_introspection_c.so\n'}
[0.972741] (umv_msgs) StdoutLine: {'line': b'-- Up-to-date: /home/vdcl/Desktop/larr_project/umv_control/install/umv_msgs/lib/libumv_msgs__rosidl_typesupport_c.so\n'}
[0.972871] (umv_msgs) StdoutLine: {'line': b'-- Up-to-date: /home/vdcl/Desktop/larr_project/umv_control/install/umv_msgs/include/umv_msgs/umv_msgs\n'}
[0.972979] (umv_msgs) StdoutLine: {'line': b'-- Up-to-date: /home/vdcl/Desktop/larr_project/umv_control/install/umv_msgs/include/umv_msgs/umv_msgs/msg\n'}
[0.973107] (umv_msgs) StdoutLine: {'line': b'-- Up-to-date: /home/vdcl/Desktop/larr_project/umv_control/install/umv_msgs/include/umv_msgs/umv_msgs/msg/host_vehicle_filter.hpp\n'}
[0.973239] (umv_msgs) StdoutLine: {'line': b'-- Up-to-date: /home/vdcl/Desktop/larr_project/umv_control/install/umv_msgs/include/umv_msgs/umv_msgs/msg/global_path.hpp\n'}
[0.973351] (umv_msgs) StdoutLine: {'line': b'-- Up-to-date: /home/vdcl/Desktop/larr_project/umv_control/install/umv_msgs/include/umv_msgs/umv_msgs/msg/obstacles.hpp\n'}
[0.973459] (umv_msgs) StdoutLine: {'line': b'-- Up-to-date: /home/vdcl/Desktop/larr_project/umv_control/install/umv_msgs/include/umv_msgs/umv_msgs/msg/local_ref_path.hpp\n'}
[0.973576] (umv_msgs) StdoutLine: {'line': b'-- Up-to-date: /home/vdcl/Desktop/larr_project/umv_control/install/umv_msgs/include/umv_msgs/umv_msgs/msg/acu_cmd.hpp\n'}
[0.973692] (umv_msgs) StdoutLine: {'line': b'-- Up-to-date: /home/vdcl/Desktop/larr_project/umv_control/install/umv_msgs/include/umv_msgs/umv_msgs/msg/detail\n'}
[0.973802] (umv_msgs) StdoutLine: {'line': b'-- Up-to-date: /home/vdcl/Desktop/larr_project/umv_control/install/umv_msgs/include/umv_msgs/umv_msgs/msg/detail/local_ref_path__traits.hpp\n'}
[0.973914] (umv_msgs) StdoutLine: {'line': b'-- Up-to-date: /home/vdcl/Desktop/larr_project/umv_control/install/umv_msgs/include/umv_msgs/umv_msgs/msg/detail/global_path__builder.hpp\n'}
[0.974029] (umv_msgs) StdoutLine: {'line': b'-- Up-to-date: /home/vdcl/Desktop/larr_project/umv_control/install/umv_msgs/include/umv_msgs/umv_msgs/msg/detail/acu_cmd__traits.hpp\n'}
[0.974152] (umv_msgs) StdoutLine: {'line': b'-- Up-to-date: /home/vdcl/Desktop/larr_project/umv_control/install/umv_msgs/include/umv_msgs/umv_msgs/msg/detail/local_ref_path__builder.hpp\n'}
[0.974263] (umv_msgs) StdoutLine: {'line': b'-- Up-to-date: /home/vdcl/Desktop/larr_project/umv_control/install/umv_msgs/include/umv_msgs/umv_msgs/msg/detail/acu_cmd__builder.hpp\n'}
[0.974370] (umv_msgs) StdoutLine: {'line': b'-- Up-to-date: /home/vdcl/Desktop/larr_project/umv_control/install/umv_msgs/include/umv_msgs/umv_msgs/msg/detail/host_vehicle_filter__builder.hpp\n'}
[0.974476] (umv_msgs) StdoutLine: {'line': b'-- Up-to-date: /home/vdcl/Desktop/larr_project/umv_control/install/umv_msgs/include/umv_msgs/umv_msgs/msg/detail/obstacles__builder.hpp\n'}
[0.974582] (umv_msgs) StdoutLine: {'line': b'-- Up-to-date: /home/vdcl/Desktop/larr_project/umv_control/install/umv_msgs/include/umv_msgs/umv_msgs/msg/detail/acu_cmd__struct.hpp\n'}
[0.974685] (umv_msgs) StdoutLine: {'line': b'-- Up-to-date: /home/vdcl/Desktop/larr_project/umv_control/install/umv_msgs/include/umv_msgs/umv_msgs/msg/detail/local_ref_path__struct.hpp\n'}
[0.974788] (umv_msgs) StdoutLine: {'line': b'-- Up-to-date: /home/vdcl/Desktop/larr_project/umv_control/install/umv_msgs/include/umv_msgs/umv_msgs/msg/detail/global_path__traits.hpp\n'}
[0.974892] (umv_msgs) StdoutLine: {'line': b'-- Up-to-date: /home/vdcl/Desktop/larr_project/umv_control/install/umv_msgs/include/umv_msgs/umv_msgs/msg/detail/host_vehicle_filter__struct.hpp\n'}
[0.974998] (umv_msgs) StdoutLine: {'line': b'-- Up-to-date: /home/vdcl/Desktop/larr_project/umv_control/install/umv_msgs/include/umv_msgs/umv_msgs/msg/detail/host_vehicle_filter__traits.hpp\n'}
[0.975116] (umv_msgs) StdoutLine: {'line': b'-- Up-to-date: /home/vdcl/Desktop/larr_project/umv_control/install/umv_msgs/include/umv_msgs/umv_msgs/msg/detail/global_path__struct.hpp\n'}
[0.975543] (umv_msgs) StdoutLine: {'line': b'-- Up-to-date: /home/vdcl/Desktop/larr_project/umv_control/install/umv_msgs/include/umv_msgs/umv_msgs/msg/detail/obstacles__traits.hpp\n'}
[0.975697] (umv_msgs) StdoutLine: {'line': b'-- Up-to-date: /home/vdcl/Desktop/larr_project/umv_control/install/umv_msgs/include/umv_msgs/umv_msgs/msg/detail/obstacles__struct.hpp\n'}
[0.975813] (umv_msgs) StdoutLine: {'line': b'-- Up-to-date: /home/vdcl/Desktop/larr_project/umv_control/install/umv_msgs/include/umv_msgs/umv_msgs\n'}
[0.975941] (umv_msgs) StdoutLine: {'line': b'-- Up-to-date: /home/vdcl/Desktop/larr_project/umv_control/install/umv_msgs/include/umv_msgs/umv_msgs/msg\n'}
[0.976058] (umv_msgs) StdoutLine: {'line': b'-- Up-to-date: /home/vdcl/Desktop/larr_project/umv_control/install/umv_msgs/include/umv_msgs/umv_msgs/msg/detail\n'}
[0.976190] (umv_msgs) StdoutLine: {'line': b'-- Up-to-date: /home/vdcl/Desktop/larr_project/umv_control/install/umv_msgs/include/umv_msgs/umv_msgs/msg/detail/host_vehicle_filter__rosidl_typesupport_fastrtps_cpp.hpp\n'}
[0.976300] (umv_msgs) StdoutLine: {'line': b'-- Up-to-date: /home/vdcl/Desktop/larr_project/umv_control/install/umv_msgs/include/umv_msgs/umv_msgs/msg/detail/obstacles__rosidl_typesupport_fastrtps_cpp.hpp\n'}
[0.976410] (umv_msgs) StdoutLine: {'line': b'-- Up-to-date: /home/vdcl/Desktop/larr_project/umv_control/install/umv_msgs/include/umv_msgs/umv_msgs/msg/detail/acu_cmd__rosidl_typesupport_fastrtps_cpp.hpp\n'}
[0.976516] (umv_msgs) StdoutLine: {'line': b'-- Up-to-date: /home/vdcl/Desktop/larr_project/umv_control/install/umv_msgs/include/umv_msgs/umv_msgs/msg/detail/global_path__rosidl_typesupport_fastrtps_cpp.hpp\n'}
[0.976622] (umv_msgs) StdoutLine: {'line': b'-- Up-to-date: /home/vdcl/Desktop/larr_project/umv_control/install/umv_msgs/include/umv_msgs/umv_msgs/msg/detail/local_ref_path__rosidl_typesupport_fastrtps_cpp.hpp\n'}
[0.976729] (umv_msgs) StdoutLine: {'line': b'-- Up-to-date: /home/vdcl/Desktop/larr_project/umv_control/install/umv_msgs/include/umv_msgs/umv_msgs/msg/detail/dds_fastrtps\n'}
[0.976834] (umv_msgs) StdoutLine: {'line': b'-- Up-to-date: /home/vdcl/Desktop/larr_project/umv_control/install/umv_msgs/include/umv_msgs/umv_msgs/msg/rosidl_typesupport_fastrtps_cpp__visibility_control.h\n'}
[0.976941] (umv_msgs) StdoutLine: {'line': b'-- Up-to-date: /home/vdcl/Desktop/larr_project/umv_control/install/umv_msgs/lib/libumv_msgs__rosidl_typesupport_fastrtps_cpp.so\n'}
[0.977055] (umv_msgs) StdoutLine: {'line': b'-- Up-to-date: /home/vdcl/Desktop/larr_project/umv_control/install/umv_msgs/include/umv_msgs/umv_msgs\n'}
[0.977180] (umv_msgs) StdoutLine: {'line': b'-- Up-to-date: /home/vdcl/Desktop/larr_project/umv_control/install/umv_msgs/include/umv_msgs/umv_msgs/msg\n'}
[0.977291] (umv_msgs) StdoutLine: {'line': b'-- Up-to-date: /home/vdcl/Desktop/larr_project/umv_control/install/umv_msgs/include/umv_msgs/umv_msgs/msg/detail\n'}
[0.977397] (umv_msgs) StdoutLine: {'line': b'-- Up-to-date: /home/vdcl/Desktop/larr_project/umv_control/install/umv_msgs/include/umv_msgs/umv_msgs/msg/detail/acu_cmd__rosidl_typesupport_introspection_cpp.hpp\n'}
[0.977506] (umv_msgs) StdoutLine: {'line': b'-- Up-to-date: /home/vdcl/Desktop/larr_project/umv_control/install/umv_msgs/include/umv_msgs/umv_msgs/msg/detail/local_ref_path__rosidl_typesupport_introspection_cpp.hpp\n'}
[0.977658] (umv_msgs) StdoutLine: {'line': b'-- Up-to-date: /home/vdcl/Desktop/larr_project/umv_control/install/umv_msgs/include/umv_msgs/umv_msgs/msg/detail/acu_cmd__type_support.cpp\n'}
[0.977765] (umv_msgs) StdoutLine: {'line': b'-- Up-to-date: /home/vdcl/Desktop/larr_project/umv_control/install/umv_msgs/include/umv_msgs/umv_msgs/msg/detail/local_ref_path__type_support.cpp\n'}
[0.977871] (umv_msgs) StdoutLine: {'line': b'-- Up-to-date: /home/vdcl/Desktop/larr_project/umv_control/install/umv_msgs/include/umv_msgs/umv_msgs/msg/detail/host_vehicle_filter__type_support.cpp\n'}
[0.977978] (umv_msgs) StdoutLine: {'line': b'-- Up-to-date: /home/vdcl/Desktop/larr_project/umv_control/install/umv_msgs/include/umv_msgs/umv_msgs/msg/detail/global_path__rosidl_typesupport_introspection_cpp.hpp\n'}
[0.978102] (umv_msgs) StdoutLine: {'line': b'-- Up-to-date: /home/vdcl/Desktop/larr_project/umv_control/install/umv_msgs/include/umv_msgs/umv_msgs/msg/detail/host_vehicle_filter__rosidl_typesupport_introspection_cpp.hpp\n'}
[0.978223] (umv_msgs) StdoutLine: {'line': b'-- Up-to-date: /home/vdcl/Desktop/larr_project/umv_control/install/umv_msgs/include/umv_msgs/umv_msgs/msg/detail/obstacles__type_support.cpp\n'}
[0.978365] (umv_msgs) StdoutLine: {'line': b'-- Up-to-date: /home/vdcl/Desktop/larr_project/umv_control/install/umv_msgs/include/umv_msgs/umv_msgs/msg/detail/obstacles__rosidl_typesupport_introspection_cpp.hpp\n'}
[0.978476] (umv_msgs) StdoutLine: {'line': b'-- Up-to-date: /home/vdcl/Desktop/larr_project/umv_control/install/umv_msgs/include/umv_msgs/umv_msgs/msg/detail/global_path__type_support.cpp\n'}
[0.978570] (umv_msgs) StdoutLine: {'line': b'-- Up-to-date: /home/vdcl/Desktop/larr_project/umv_control/install/umv_msgs/lib/libumv_msgs__rosidl_typesupport_introspection_cpp.so\n'}
[0.978662] (umv_msgs) StdoutLine: {'line': b'-- Up-to-date: /home/vdcl/Desktop/larr_project/umv_control/install/umv_msgs/lib/libumv_msgs__rosidl_typesupport_cpp.so\n'}
[0.978758] (umv_msgs) StdoutLine: {'line': b'-- Up-to-date: /home/vdcl/Desktop/larr_project/umv_control/install/umv_msgs/share/umv_msgs/environment/pythonpath.sh\n'}
[0.978856] (umv_msgs) StdoutLine: {'line': b'-- Up-to-date: /home/vdcl/Desktop/larr_project/umv_control/install/umv_msgs/share/umv_msgs/environment/pythonpath.dsv\n'}
[0.978954] (umv_msgs) StdoutLine: {'line': b'-- Up-to-date: /home/vdcl/Desktop/larr_project/umv_control/install/umv_msgs/local/lib/python3.10/dist-packages/umv_msgs-0.0.0-py3.10.egg-info\n'}
[0.979053] (umv_msgs) StdoutLine: {'line': b'-- Installing: /home/vdcl/Desktop/larr_project/umv_control/install/umv_msgs/local/lib/python3.10/dist-packages/umv_msgs-0.0.0-py3.10.egg-info/dependency_links.txt\n'}
[0.979190] (umv_msgs) StdoutLine: {'line': b'-- Installing: /home/vdcl/Desktop/larr_project/umv_control/install/umv_msgs/local/lib/python3.10/dist-packages/umv_msgs-0.0.0-py3.10.egg-info/SOURCES.txt\n'}
[0.979292] (umv_msgs) StdoutLine: {'line': b'-- Installing: /home/vdcl/Desktop/larr_project/umv_control/install/umv_msgs/local/lib/python3.10/dist-packages/umv_msgs-0.0.0-py3.10.egg-info/top_level.txt\n'}
[0.979394] (umv_msgs) StdoutLine: {'line': b'-- Installing: /home/vdcl/Desktop/larr_project/umv_control/install/umv_msgs/local/lib/python3.10/dist-packages/umv_msgs-0.0.0-py3.10.egg-info/PKG-INFO\n'}
[0.979489] (umv_msgs) StdoutLine: {'line': b'-- Up-to-date: /home/vdcl/Desktop/larr_project/umv_control/install/umv_msgs/local/lib/python3.10/dist-packages/umv_msgs\n'}
[0.980064] (umv_msgs) StdoutLine: {'line': b'-- Up-to-date: /home/vdcl/Desktop/larr_project/umv_control/install/umv_msgs/local/lib/python3.10/dist-packages/umv_msgs/msg\n'}
[0.980215] (umv_msgs) StdoutLine: {'line': b'-- Up-to-date: /home/vdcl/Desktop/larr_project/umv_control/install/umv_msgs/local/lib/python3.10/dist-packages/umv_msgs/msg/_acu_cmd.py\n'}
[0.980321] (umv_msgs) StdoutLine: {'line': b'-- Up-to-date: /home/vdcl/Desktop/larr_project/umv_control/install/umv_msgs/local/lib/python3.10/dist-packages/umv_msgs/msg/_local_ref_path_s.c\n'}
[0.980437] (umv_msgs) StdoutLine: {'line': b'-- Up-to-date: /home/vdcl/Desktop/larr_project/umv_control/install/umv_msgs/local/lib/python3.10/dist-packages/umv_msgs/msg/_local_ref_path.py\n'}
[0.980547] (umv_msgs) StdoutLine: {'line': b'-- Up-to-date: /home/vdcl/Desktop/larr_project/umv_control/install/umv_msgs/local/lib/python3.10/dist-packages/umv_msgs/msg/_acu_cmd_s.c\n'}
[0.980645] (umv_msgs) StdoutLine: {'line': b'-- Up-to-date: /home/vdcl/Desktop/larr_project/umv_control/install/umv_msgs/local/lib/python3.10/dist-packages/umv_msgs/msg/_obstacles.py\n'}
[0.980742] (umv_msgs) StdoutLine: {'line': b'-- Up-to-date: /home/vdcl/Desktop/larr_project/umv_control/install/umv_msgs/local/lib/python3.10/dist-packages/umv_msgs/msg/_global_path.py\n'}
[0.980855] (umv_msgs) StdoutLine: {'line': b'-- Up-to-date: /home/vdcl/Desktop/larr_project/umv_control/install/umv_msgs/local/lib/python3.10/dist-packages/umv_msgs/msg/_host_vehicle_filter.py\n'}
[0.980947] (umv_msgs) StdoutLine: {'line': b'-- Up-to-date: /home/vdcl/Desktop/larr_project/umv_control/install/umv_msgs/local/lib/python3.10/dist-packages/umv_msgs/msg/_obstacles_s.c\n'}
[0.981041] (umv_msgs) StdoutLine: {'line': b'-- Up-to-date: /home/vdcl/Desktop/larr_project/umv_control/install/umv_msgs/local/lib/python3.10/dist-packages/umv_msgs/msg/__init__.py\n'}
[0.981147] (umv_msgs) StdoutLine: {'line': b'-- Up-to-date: /home/vdcl/Desktop/larr_project/umv_control/install/umv_msgs/local/lib/python3.10/dist-packages/umv_msgs/msg/_host_vehicle_filter_s.c\n'}
[0.981262] (umv_msgs) StdoutLine: {'line': b'-- Up-to-date: /home/vdcl/Desktop/larr_project/umv_control/install/umv_msgs/local/lib/python3.10/dist-packages/umv_msgs/msg/_global_path_s.c\n'}
[0.981361] (umv_msgs) StdoutLine: {'line': b'-- Up-to-date: /home/vdcl/Desktop/larr_project/umv_control/install/umv_msgs/local/lib/python3.10/dist-packages/umv_msgs/_umv_msgs_s.ep.rosidl_typesupport_fastrtps_c.c\n'}
[0.981449] (umv_msgs) StdoutLine: {'line': b'-- Up-to-date: /home/vdcl/Desktop/larr_project/umv_control/install/umv_msgs/local/lib/python3.10/dist-packages/umv_msgs/umv_msgs_s__rosidl_typesupport_introspection_c.cpython-310-x86_64-linux-gnu.so\n'}
[0.981538] (umv_msgs) StdoutLine: {'line': b'-- Up-to-date: /home/vdcl/Desktop/larr_project/umv_control/install/umv_msgs/local/lib/python3.10/dist-packages/umv_msgs/_umv_msgs_s.ep.rosidl_typesupport_c.c\n'}
[0.981629] (umv_msgs) StdoutLine: {'line': b'-- Up-to-date: /home/vdcl/Desktop/larr_project/umv_control/install/umv_msgs/local/lib/python3.10/dist-packages/umv_msgs/umv_msgs_s__rosidl_typesupport_fastrtps_c.cpython-310-x86_64-linux-gnu.so\n'}
[0.981726] (umv_msgs) StdoutLine: {'line': b'-- Up-to-date: /home/vdcl/Desktop/larr_project/umv_control/install/umv_msgs/local/lib/python3.10/dist-packages/umv_msgs/libumv_msgs__rosidl_generator_py.so\n'}
[0.981818] (umv_msgs) StdoutLine: {'line': b'-- Up-to-date: /home/vdcl/Desktop/larr_project/umv_control/install/umv_msgs/local/lib/python3.10/dist-packages/umv_msgs/__init__.py\n'}
[0.981911] (umv_msgs) StdoutLine: {'line': b'-- Up-to-date: /home/vdcl/Desktop/larr_project/umv_control/install/umv_msgs/local/lib/python3.10/dist-packages/umv_msgs/umv_msgs_s__rosidl_typesupport_c.cpython-310-x86_64-linux-gnu.so\n'}
[0.982016] (umv_msgs) StdoutLine: {'line': b'-- Up-to-date: /home/vdcl/Desktop/larr_project/umv_control/install/umv_msgs/local/lib/python3.10/dist-packages/umv_msgs/_umv_msgs_s.ep.rosidl_typesupport_introspection_c.c\n'}
[1.000929] (-) TimerEvent: {}
[1.031125] (umv_msgs) StdoutLine: {'line': b"Listing '/home/vdcl/Desktop/larr_project/umv_control/install/umv_msgs/local/lib/python3.10/dist-packages/umv_msgs'...\n"}
[1.031330] (umv_msgs) StdoutLine: {'line': b"Listing '/home/vdcl/Desktop/larr_project/umv_control/install/umv_msgs/local/lib/python3.10/dist-packages/umv_msgs/msg'...\n"}
[1.038300] (umv_msgs) StdoutLine: {'line': b'-- Up-to-date: /home/vdcl/Desktop/larr_project/umv_control/install/umv_msgs/local/lib/python3.10/dist-packages/umv_msgs/umv_msgs_s__rosidl_typesupport_fastrtps_c.cpython-310-x86_64-linux-gnu.so\n'}
[1.038783] (umv_msgs) StdoutLine: {'line': b'-- Up-to-date: /home/vdcl/Desktop/larr_project/umv_control/install/umv_msgs/local/lib/python3.10/dist-packages/umv_msgs/umv_msgs_s__rosidl_typesupport_introspection_c.cpython-310-x86_64-linux-gnu.so\n'}
[1.039212] (umv_msgs) StdoutLine: {'line': b'-- Up-to-date: /home/vdcl/Desktop/larr_project/umv_control/install/umv_msgs/local/lib/python3.10/dist-packages/umv_msgs/umv_msgs_s__rosidl_typesupport_c.cpython-310-x86_64-linux-gnu.so\n'}
[1.039623] (umv_msgs) StdoutLine: {'line': b'-- Up-to-date: /home/vdcl/Desktop/larr_project/umv_control/install/umv_msgs/lib/libumv_msgs__rosidl_generator_py.so\n'}
[1.039842] (umv_msgs) StdoutLine: {'line': b'-- Up-to-date: /home/vdcl/Desktop/larr_project/umv_control/install/umv_msgs/share/umv_msgs/msg/LocalRefPath.idl\n'}
[1.040002] (umv_msgs) StdoutLine: {'line': b'-- Up-to-date: /home/vdcl/Desktop/larr_project/umv_control/install/umv_msgs/share/umv_msgs/msg/HostVehicleFilter.idl\n'}
[1.040207] (umv_msgs) StdoutLine: {'line': b'-- Up-to-date: /home/vdcl/Desktop/larr_project/umv_control/install/umv_msgs/share/umv_msgs/msg/AcuCmd.idl\n'}
[1.040403] (umv_msgs) StdoutLine: {'line': b'-- Up-to-date: /home/vdcl/Desktop/larr_project/umv_control/install/umv_msgs/share/umv_msgs/msg/GlobalPath.idl\n'}
[1.040561] (umv_msgs) StdoutLine: {'line': b'-- Up-to-date: /home/vdcl/Desktop/larr_project/umv_control/install/umv_msgs/share/umv_msgs/msg/Obstacles.idl\n'}
[1.040723] (umv_msgs) StdoutLine: {'line': b'-- Up-to-date: /home/vdcl/Desktop/larr_project/umv_control/install/umv_msgs/share/umv_msgs/msg/LocalRefPath.msg\n'}
[1.040881] (umv_msgs) StdoutLine: {'line': b'-- Up-to-date: /home/vdcl/Desktop/larr_project/umv_control/install/umv_msgs/share/umv_msgs/msg/HostVehicleFilter.msg\n'}
[1.041050] (umv_msgs) StdoutLine: {'line': b'-- Up-to-date: /home/vdcl/Desktop/larr_project/umv_control/install/umv_msgs/share/umv_msgs/msg/AcuCmd.msg\n'}
[1.041203] (umv_msgs) StdoutLine: {'line': b'-- Up-to-date: /home/vdcl/Desktop/larr_project/umv_control/install/umv_msgs/share/umv_msgs/msg/GlobalPath.msg\n'}
[1.041342] (umv_msgs) StdoutLine: {'line': b'-- Up-to-date: /home/vdcl/Desktop/larr_project/umv_control/install/umv_msgs/share/umv_msgs/msg/Obstacles.msg\n'}
[1.041464] (umv_msgs) StdoutLine: {'line': b'-- Up-to-date: /home/vdcl/Desktop/larr_project/umv_control/install/umv_msgs/share/ament_index/resource_index/package_run_dependencies/umv_msgs\n'}
[1.041582] (umv_msgs) StdoutLine: {'line': b'-- Up-to-date: /home/vdcl/Desktop/larr_project/umv_control/install/umv_msgs/share/ament_index/resource_index/parent_prefix_path/umv_msgs\n'}
[1.041688] (umv_msgs) StdoutLine: {'line': b'-- Up-to-date: /home/vdcl/Desktop/larr_project/umv_control/install/umv_msgs/share/umv_msgs/environment/ament_prefix_path.sh\n'}
[1.041800] (umv_msgs) StdoutLine: {'line': b'-- Up-to-date: /home/vdcl/Desktop/larr_project/umv_control/install/umv_msgs/share/umv_msgs/environment/ament_prefix_path.dsv\n'}
[1.041911] (umv_msgs) StdoutLine: {'line': b'-- Up-to-date: /home/vdcl/Desktop/larr_project/umv_control/install/umv_msgs/share/umv_msgs/environment/path.sh\n'}
[1.042022] (umv_msgs) StdoutLine: {'line': b'-- Up-to-date: /home/vdcl/Desktop/larr_project/umv_control/install/umv_msgs/share/umv_msgs/environment/path.dsv\n'}
[1.042158] (umv_msgs) StdoutLine: {'line': b'-- Up-to-date: /home/vdcl/Desktop/larr_project/umv_control/install/umv_msgs/share/umv_msgs/local_setup.bash\n'}
[1.042281] (umv_msgs) StdoutLine: {'line': b'-- Up-to-date: /home/vdcl/Desktop/larr_project/umv_control/install/umv_msgs/share/umv_msgs/local_setup.sh\n'}
[1.042657] (umv_msgs) StdoutLine: {'line': b'-- Up-to-date: /home/vdcl/Desktop/larr_project/umv_control/install/umv_msgs/share/umv_msgs/local_setup.zsh\n'}
[1.042797] (umv_msgs) StdoutLine: {'line': b'-- Up-to-date: /home/vdcl/Desktop/larr_project/umv_control/install/umv_msgs/share/umv_msgs/local_setup.dsv\n'}
[1.042899] (umv_msgs) StdoutLine: {'line': b'-- Installing: /home/vdcl/Desktop/larr_project/umv_control/install/umv_msgs/share/umv_msgs/package.dsv\n'}
[1.042998] (umv_msgs) StdoutLine: {'line': b'-- Up-to-date: /home/vdcl/Desktop/larr_project/umv_control/install/umv_msgs/share/ament_index/resource_index/packages/umv_msgs\n'}
[1.043112] (umv_msgs) StdoutLine: {'line': b'-- Up-to-date: /home/vdcl/Desktop/larr_project/umv_control/install/umv_msgs/share/umv_msgs/cmake/export_umv_msgs__rosidl_generator_cExport.cmake\n'}
[1.043219] (umv_msgs) StdoutLine: {'line': b'-- Up-to-date: /home/vdcl/Desktop/larr_project/umv_control/install/umv_msgs/share/umv_msgs/cmake/export_umv_msgs__rosidl_generator_cExport-noconfig.cmake\n'}
[1.043314] (umv_msgs) StdoutLine: {'line': b'-- Up-to-date: /home/vdcl/Desktop/larr_project/umv_control/install/umv_msgs/share/umv_msgs/cmake/export_umv_msgs__rosidl_typesupport_fastrtps_cExport.cmake\n'}
[1.043409] (umv_msgs) StdoutLine: {'line': b'-- Up-to-date: /home/vdcl/Desktop/larr_project/umv_control/install/umv_msgs/share/umv_msgs/cmake/export_umv_msgs__rosidl_typesupport_fastrtps_cExport-noconfig.cmake\n'}
[1.043510] (umv_msgs) StdoutLine: {'line': b'-- Up-to-date: /home/vdcl/Desktop/larr_project/umv_control/install/umv_msgs/share/umv_msgs/cmake/umv_msgs__rosidl_typesupport_introspection_cExport.cmake\n'}
[1.043614] (umv_msgs) StdoutLine: {'line': b'-- Up-to-date: /home/vdcl/Desktop/larr_project/umv_control/install/umv_msgs/share/umv_msgs/cmake/umv_msgs__rosidl_typesupport_introspection_cExport-noconfig.cmake\n'}
[1.043717] (umv_msgs) StdoutLine: {'line': b'-- Up-to-date: /home/vdcl/Desktop/larr_project/umv_control/install/umv_msgs/share/umv_msgs/cmake/umv_msgs__rosidl_typesupport_cExport.cmake\n'}
[1.043825] (umv_msgs) StdoutLine: {'line': b'-- Up-to-date: /home/vdcl/Desktop/larr_project/umv_control/install/umv_msgs/share/umv_msgs/cmake/umv_msgs__rosidl_typesupport_cExport-noconfig.cmake\n'}
[1.044182] (umv_msgs) StdoutLine: {'line': b'-- Up-to-date: /home/vdcl/Desktop/larr_project/umv_control/install/umv_msgs/share/umv_msgs/cmake/export_umv_msgs__rosidl_generator_cppExport.cmake\n'}
[1.044321] (umv_msgs) StdoutLine: {'line': b'-- Up-to-date: /home/vdcl/Desktop/larr_project/umv_control/install/umv_msgs/share/umv_msgs/cmake/export_umv_msgs__rosidl_typesupport_fastrtps_cppExport.cmake\n'}
[1.044431] (umv_msgs) StdoutLine: {'line': b'-- Up-to-date: /home/vdcl/Desktop/larr_project/umv_control/install/umv_msgs/share/umv_msgs/cmake/export_umv_msgs__rosidl_typesupport_fastrtps_cppExport-noconfig.cmake\n'}
[1.044532] (umv_msgs) StdoutLine: {'line': b'-- Up-to-date: /home/vdcl/Desktop/larr_project/umv_control/install/umv_msgs/share/umv_msgs/cmake/umv_msgs__rosidl_typesupport_introspection_cppExport.cmake\n'}
[1.044634] (umv_msgs) StdoutLine: {'line': b'-- Up-to-date: /home/vdcl/Desktop/larr_project/umv_control/install/umv_msgs/share/umv_msgs/cmake/umv_msgs__rosidl_typesupport_introspection_cppExport-noconfig.cmake\n'}
[1.044737] (umv_msgs) StdoutLine: {'line': b'-- Up-to-date: /home/vdcl/Desktop/larr_project/umv_control/install/umv_msgs/share/umv_msgs/cmake/umv_msgs__rosidl_typesupport_cppExport.cmake\n'}
[1.044834] (umv_msgs) StdoutLine: {'line': b'-- Up-to-date: /home/vdcl/Desktop/larr_project/umv_control/install/umv_msgs/share/umv_msgs/cmake/umv_msgs__rosidl_typesupport_cppExport-noconfig.cmake\n'}
[1.044957] (umv_msgs) StdoutLine: {'line': b'-- Up-to-date: /home/vdcl/Desktop/larr_project/umv_control/install/umv_msgs/share/umv_msgs/cmake/export_umv_msgs__rosidl_generator_pyExport.cmake\n'}
[1.045069] (umv_msgs) StdoutLine: {'line': b'-- Up-to-date: /home/vdcl/Desktop/larr_project/umv_control/install/umv_msgs/share/umv_msgs/cmake/export_umv_msgs__rosidl_generator_pyExport-noconfig.cmake\n'}
[1.045181] (umv_msgs) StdoutLine: {'line': b'-- Up-to-date: /home/vdcl/Desktop/larr_project/umv_control/install/umv_msgs/share/umv_msgs/cmake/rosidl_cmake-extras.cmake\n'}
[1.045290] (umv_msgs) StdoutLine: {'line': b'-- Up-to-date: /home/vdcl/Desktop/larr_project/umv_control/install/umv_msgs/share/umv_msgs/cmake/ament_cmake_export_dependencies-extras.cmake\n'}
[1.045393] (umv_msgs) StdoutLine: {'line': b'-- Up-to-date: /home/vdcl/Desktop/larr_project/umv_control/install/umv_msgs/share/umv_msgs/cmake/ament_cmake_export_include_directories-extras.cmake\n'}
[1.045500] (umv_msgs) StdoutLine: {'line': b'-- Up-to-date: /home/vdcl/Desktop/larr_project/umv_control/install/umv_msgs/share/umv_msgs/cmake/ament_cmake_export_libraries-extras.cmake\n'}
[1.045592] (umv_msgs) StdoutLine: {'line': b'-- Up-to-date: /home/vdcl/Desktop/larr_project/umv_control/install/umv_msgs/share/umv_msgs/cmake/ament_cmake_export_targets-extras.cmake\n'}
[1.045689] (umv_msgs) StdoutLine: {'line': b'-- Up-to-date: /home/vdcl/Desktop/larr_project/umv_control/install/umv_msgs/share/umv_msgs/cmake/rosidl_cmake_export_typesupport_targets-extras.cmake\n'}
[1.045778] (umv_msgs) StdoutLine: {'line': b'-- Up-to-date: /home/vdcl/Desktop/larr_project/umv_control/install/umv_msgs/share/umv_msgs/cmake/rosidl_cmake_export_typesupport_libraries-extras.cmake\n'}
[1.045943] (umv_msgs) StdoutLine: {'line': b'-- Up-to-date: /home/vdcl/Desktop/larr_project/umv_control/install/umv_msgs/share/umv_msgs/cmake/umv_msgsConfig.cmake\n'}
[1.046048] (umv_msgs) StdoutLine: {'line': b'-- Up-to-date: /home/vdcl/Desktop/larr_project/umv_control/install/umv_msgs/share/umv_msgs/cmake/umv_msgsConfig-version.cmake\n'}
[1.046161] (umv_msgs) StdoutLine: {'line': b'-- Up-to-date: /home/vdcl/Desktop/larr_project/umv_control/install/umv_msgs/share/umv_msgs/package.xml\n'}
[1.047637] (umv_msgs) CommandEnded: {'returncode': 0}
[1.101018] (-) TimerEvent: {}
[1.201311] (-) TimerEvent: {}
[1.280855] (umv_msgs) JobEnded: {'identifier': 'umv_msgs', 'rc': 0}
[1.281879] (global_path) JobStarted: {'identifier': 'global_path'}
[1.288662] (host_vehicle_filter) JobStarted: {'identifier': 'host_vehicle_filter'}
[1.296910] (lower_controller) JobStarted: {'identifier': 'lower_controller'}
[1.301501] (-) TimerEvent: {}
[1.306205] (mppi) JobStarted: {'identifier': 'mppi'}
[1.315504] (motion_planner) Command: {'cmd': ['/usr/bin/python3', '-W', 'ignore:setup.py install is deprecated', 'setup.py', 'egg_info', '--egg-base', '../../build/motion_planner', 'build', '--build-base', '/home/vdcl/Desktop/larr_project/umv_control/build/motion_planner/build', 'install', '--record', '/home/vdcl/Desktop/larr_project/umv_control/build/motion_planner/install.log', '--single-version-externally-managed', 'install_data'], 'cwd': '/home/vdcl/Desktop/larr_project/umv_control/src/motion_planner', 'env': {'LESSOPEN': '| /usr/bin/lesspipe %s', 'LANGUAGE': 'ko:en', 'USER': 'vdcl', 'LC_TIME': 'ko_KR.UTF-8', 'XDG_SESSION_TYPE': 'x11', 'SHLVL': '1', 'LD_LIBRARY_PATH': '/usr/local/cuda-12.2/lib64:/home/vdcl/Desktop/larr_project/umv_control/install/umv_msgs/lib:/home/vdcl/Desktop/larr_project/AirSim/ros2/install/airsim_ros_pkgs/lib:/home/vdcl/Desktop/larr_project/AirSim/ros2/install/airsim_interfaces/lib:/opt/ros/humble/opt/rviz_ogre_vendor/lib:/opt/ros/humble/lib/x86_64-linux-gnu:/opt/ros/humble/lib', 'HOME': '/home/vdcl', 'OLDPWD': '/home/vdcl/Desktop/larr_project', 'DESKTOP_SESSION': 'ubuntu', 'ROS_PYTHON_VERSION': '3', 'GNOME_SHELL_SESSION_MODE': 'ubuntu', 'GTK_MODULES': 'gail:atk-bridge', 'LC_MONETARY': 'ko_KR.UTF-8', 'SYSTEMD_EXEC_PID': '1339', 'DBUS_SESSION_BUS_ADDRESS': 'unix:path=/run/user/1000/bus', 'COLORTERM': 'truecolor', 'COLCON_PREFIX_PATH': '/home/vdcl/Desktop/larr_project/AirSim/ros2/install:/home/vdcl/Desktop/larr_project/umv_control/install', 'ROS_DISTRO': 'humble', 'GTK_IM_MODULE': 'ibus', 'LOGNAME': 'vdcl', '_': '/usr/bin/colcon', 'ROS_VERSION': '2', 'XDG_SESSION_CLASS': 'user', 'USERNAME': 'vdcl', 'TERM': 'xterm-256color', 'GNOME_DESKTOP_SESSION_ID': 'this-is-deprecated', 'ROS_LOCALHOST_ONLY': '0', 'WINDOWPATH': '2', 'PATH': '/usr/local/cuda-12.2/bin:/opt/ros/humble/bin:/home/vdcl/.local/bin:/usr/local/sbin:/usr/local/bin:/usr/sbin:/usr/bin:/sbin:/bin:/usr/games:/usr/local/games:/snap/bin:/snap/bin:/opt/ros/humble/include', 'SESSION_MANAGER': 'local/vdcl-desktop:@/tmp/.ICE-unix/1311,unix/vdcl-desktop:/tmp/.ICE-unix/1311', 'PAPERSIZE': 'a4', 'XDG_MENU_PREFIX': 'gnome-', 'LC_ADDRESS': 'ko_KR.UTF-8', 'GNOME_TERMINAL_SCREEN': '/org/gnome/Terminal/screen/ef77537f_3f98_4f1b_87e0_0c62d4836513', 'XDG_RUNTIME_DIR': '/run/user/1000', 'DISPLAY': ':0', 'LANG': 'ko_KR.UTF-8', 'XDG_CURRENT_DESKTOP': 'ubuntu:GNOME', 'LC_TELEPHONE': 'ko_KR.UTF-8', 'XMODIFIERS': '@im=ibus', 'XDG_SESSION_DESKTOP': 'ubuntu', 'XAUTHORITY': '/run/user/1000/gdm/Xauthority', 'LS_COLORS': 'rs=0:di=01;34:ln=01;36:mh=00:pi=40;33:so=01;35:do=01;35:bd=40;33;01:cd=40;33;01:or=40;31;01:mi=00:su=37;41:sg=30;43:ca=30;41:tw=30;42:ow=34;42:st=37;44:ex=01;32:*.tar=01;31:*.tgz=01;31:*.arc=01;31:*.arj=01;31:*.taz=01;31:*.lha=01;31:*.lz4=01;31:*.lzh=01;31:*.lzma=01;31:*.tlz=01;31:*.txz=01;31:*.tzo=01;31:*.t7z=01;31:*.zip=01;31:*.z=01;31:*.dz=01;31:*.gz=01;31:*.lrz=01;31:*.lz=01;31:*.lzo=01;31:*.xz=01;31:*.zst=01;31:*.tzst=01;31:*.bz2=01;31:*.bz=01;31:*.tbz=01;31:*.tbz2=01;31:*.tz=01;31:*.deb=01;31:*.rpm=01;31:*.jar=01;31:*.war=01;31:*.ear=01;31:*.sar=01;31:*.rar=01;31:*.alz=01;31:*.ace=01;31:*.zoo=01;31:*.cpio=01;31:*.7z=01;31:*.rz=01;31:*.cab=01;31:*.wim=01;31:*.swm=01;31:*.dwm=01;31:*.esd=01;31:*.jpg=01;35:*.jpeg=01;35:*.mjpg=01;35:*.mjpeg=01;35:*.gif=01;35:*.bmp=01;35:*.pbm=01;35:*.pgm=01;35:*.ppm=01;35:*.tga=01;35:*.xbm=01;35:*.xpm=01;35:*.tif=01;35:*.tiff=01;35:*.png=01;35:*.svg=01;35:*.svgz=01;35:*.mng=01;35:*.pcx=01;35:*.mov=01;35:*.mpg=01;35:*.mpeg=01;35:*.m2v=01;35:*.mkv=01;35:*.webm=01;35:*.webp=01;35:*.ogm=01;35:*.mp4=01;35:*.m4v=01;35:*.mp4v=01;35:*.vob=01;35:*.qt=01;35:*.nuv=01;35:*.wmv=01;35:*.asf=01;35:*.rm=01;35:*.rmvb=01;35:*.flc=01;35:*.avi=01;35:*.fli=01;35:*.flv=01;35:*.gl=01;35:*.dl=01;35:*.xcf=01;35:*.xwd=01;35:*.yuv=01;35:*.cgm=01;35:*.emf=01;35:*.ogv=01;35:*.ogx=01;35:*.aac=00;36:*.au=00;36:*.flac=00;36:*.m4a=00;36:*.mid=00;36:*.midi=00;36:*.mka=00;36:*.mp3=00;36:*.mpc=00;36:*.ogg=00;36:*.ra=00;36:*.wav=00;36:*.oga=00;36:*.opus=00;36:*.spx=00;36:*.xspf=00;36:', 'GNOME_TERMINAL_SERVICE': ':1.780', 'SSH_AGENT_LAUNCHER': 'gnome-keyring', 'SSH_AUTH_SOCK': '/run/user/1000/keyring/ssh', 'AMENT_PREFIX_PATH': '/home/vdcl/Desktop/larr_project/umv_control/install/utils:/home/vdcl/Desktop/larr_project/umv_control/install/mppi:/home/vdcl/Desktop/larr_project/umv_control/install/lower_controller:/home/vdcl/Desktop/larr_project/umv_control/install/host_vehicle_filter:/home/vdcl/Desktop/larr_project/umv_control/install/global_path:/home/vdcl/Desktop/larr_project/umv_control/install/umv_msgs:/home/vdcl/Desktop/larr_project/umv_control/install/motion_planner:/home/vdcl/Desktop/larr_project/AirSim/ros2/install/airsim_ros_pkgs:/home/vdcl/Desktop/larr_project/AirSim/ros2/install/airsim_interfaces:/opt/ros/humble', 'SHELL': '/bin/bash', 'LC_NAME': 'ko_KR.UTF-8', 'QT_ACCESSIBILITY': '1', 'GDMSESSION': 'ubuntu', 'LESSCLOSE': '/usr/bin/lesspipe %s %s', 'LC_MEASUREMENT': 'ko_KR.UTF-8', 'GPG_AGENT_INFO': '/run/user/1000/gnupg/S.gpg-agent:0:1', 'LC_IDENTIFICATION': 'ko_KR.UTF-8', 'QT_IM_MODULE': 'ibus', 'PWD': '/home/vdcl/Desktop/larr_project/umv_control/build/motion_planner', 'LC_ALL': 'en_US.UTF-8', 'XDG_CONFIG_DIRS': '/etc/xdg/xdg-ubuntu:/etc/xdg', 'XDG_DATA_DIRS': '/usr/share/ubuntu:/usr/share/gnome:/usr/local/share/:/usr/share/:/var/lib/snapd/desktop', 'PYTHONPATH': '/home/vdcl/Desktop/larr_project/umv_control/build/motion_planner/prefix_override:/home/vdcl/Desktop/larr_project/umv_control/install/motion_planner/lib/python3.10/site-packages:/home/vdcl/Desktop/larr_project/umv_control/install/utils/lib/python3.10/site-packages:/home/vdcl/Desktop/larr_project/umv_control/install/lower_controller/lib/python3.10/site-packages:/home/vdcl/Desktop/larr_project/umv_control/install/host_vehicle_filter/lib/python3.10/site-packages:/home/vdcl/Desktop/larr_project/umv_control/install/global_path/lib/python3.10/site-packages:/home/vdcl/Desktop/larr_project/umv_control/install/umv_msgs/local/lib/python3.10/dist-packages:/home/vdcl/Desktop/larr_project/umv_control/install/motion_planner/lib/python3.10/site-packages:/home/vdcl/Desktop/larr_project/AirSim/ros2/install/airsim_interfaces/local/lib/python3.10/dist-packages:/opt/ros/humble/lib/python3.10/site-packages:/opt/ros/humble/local/lib/python3.10/dist-packages', 'LC_NUMERIC': 'ko_KR.UTF-8', 'LC_PAPER': 'ko_KR.UTF-8', 'COLCON': '1', 'VTE_VERSION': '6800', 'CMAKE_PREFIX_PATH': '/home/vdcl/Desktop/larr_project/umv_control/install/mppi:/home/vdcl/Desktop/larr_project/umv_control/install/umv_msgs:/home/vdcl/Desktop/larr_project/AirSim/ros2/install/airsim_ros_pkgs:/home/vdcl/Desktop/larr_project/AirSim/ros2/install/airsim_interfaces'}, 'shell': False}
[1.401600] (-) TimerEvent: {}
[1.501962] (-) TimerEvent: {}
[1.603001] (-) TimerEvent: {}
[1.607021] (motion_planner) StdoutLine: {'line': b'running egg_info\n'}
[1.607632] (motion_planner) StdoutLine: {'line': b'writing ../../build/motion_planner/motion_planner.egg-info/PKG-INFO\n'}
[1.625750] (motion_planner) StdoutLine: {'line': b'writing dependency_links to ../../build/motion_planner/motion_planner.egg-info/dependency_links.txt\n'}
[1.635516] (motion_planner) StdoutLine: {'line': b'writing entry points to ../../build/motion_planner/motion_planner.egg-info/entry_points.txt\n'}
[1.686922] (motion_planner) StdoutLine: {'line': b'writing requirements to ../../build/motion_planner/motion_planner.egg-info/requires.txt\n'}
[1.700104] (motion_planner) StdoutLine: {'line': b'writing top-level names to ../../build/motion_planner/motion_planner.egg-info/top_level.txt\n'}
[1.703075] (-) TimerEvent: {}
[1.715762] (motion_planner) StdoutLine: {'line': b"reading manifest file '../../build/motion_planner/motion_planner.egg-info/SOURCES.txt'\n"}
[1.730864] (motion_planner) StdoutLine: {'line': b"adding license file 'LICENSE'\n"}
[1.732032] (motion_planner) StdoutLine: {'line': b"writing manifest file '../../build/motion_planner/motion_planner.egg-info/SOURCES.txt'\n"}
[1.736432] (motion_planner) StdoutLine: {'line': b'running build\n'}
[1.736660] (motion_planner) StdoutLine: {'line': b'running build_py\n'}
[1.737138] (motion_planner) StdoutLine: {'line': b'running install\n'}
[1.737570] (motion_planner) StdoutLine: {'line': b'running install_lib\n'}
[1.739400] (motion_planner) StdoutLine: {'line': b'running install_data\n'}
[1.739612] (motion_planner) StdoutLine: {'line': b'running install_egg_info\n'}
[1.741777] (motion_planner) StdoutLine: {'line': b"removing '/home/vdcl/Desktop/larr_project/umv_control/install/motion_planner/lib/python3.10/site-packages/motion_planner-0.0.0-py3.10.egg-info' (and everything under it)\n"}
[1.742222] (motion_planner) StdoutLine: {'line': b'Copying ../../build/motion_planner/motion_planner.egg-info to /home/vdcl/Desktop/larr_project/umv_control/install/motion_planner/lib/python3.10/site-packages/motion_planner-0.0.0-py3.10.egg-info\n'}
[1.743412] (motion_planner) StdoutLine: {'line': b'running install_scripts\n'}
[1.772455] (motion_planner) StdoutLine: {'line': b'Installing motion_planner_node script to /home/vdcl/Desktop/larr_project/umv_control/install/motion_planner/lib/motion_planner\n'}
[1.773907] (motion_planner) StdoutLine: {'line': b"writing list of installed files to '/home/vdcl/Desktop/larr_project/umv_control/build/motion_planner/install.log'\n"}
[1.803139] (-) TimerEvent: {}
[1.903391] (-) TimerEvent: {}
[2.003791] (-) TimerEvent: {}
[2.104054] (-) TimerEvent: {}
[2.204303] (-) TimerEvent: {}
[2.304803] (-) TimerEvent: {}
[2.305221] (mppi) JobProgress: {'identifier': 'mppi', 'progress': 'cmake'}
[2.306839] (mppi) JobProgress: {'identifier': 'mppi', 'progress': 'build'}
[2.307416] (mppi) Command: {'cmd': ['/usr/bin/cmake', '--build', '/home/vdcl/Desktop/larr_project/umv_control/build/mppi', '--', '-j8', '-l8'], 'cwd': '/home/vdcl/Desktop/larr_project/umv_control/build/mppi', 'env': OrderedDict([('LESSOPEN', '| /usr/bin/lesspipe %s'), ('LANGUAGE', 'ko:en'), ('USER', 'vdcl'), ('LC_TIME', 'ko_KR.UTF-8'), ('XDG_SESSION_TYPE', 'x11'), ('SHLVL', '1'), ('LD_LIBRARY_PATH', '/home/vdcl/Desktop/larr_project/umv_control/install/umv_msgs/lib:/usr/local/cuda-12.2/lib64:/home/vdcl/Desktop/larr_project/AirSim/ros2/install/airsim_ros_pkgs/lib:/home/vdcl/Desktop/larr_project/AirSim/ros2/install/airsim_interfaces/lib:/opt/ros/humble/opt/rviz_ogre_vendor/lib:/opt/ros/humble/lib/x86_64-linux-gnu:/opt/ros/humble/lib'), ('HOME', '/home/vdcl'), ('OLDPWD', '/home/vdcl/Desktop/larr_project'), ('DESKTOP_SESSION', 'ubuntu'), ('ROS_PYTHON_VERSION', '3'), ('GNOME_SHELL_SESSION_MODE', 'ubuntu'), ('GTK_MODULES', 'gail:atk-bridge'), ('LC_MONETARY', 'ko_KR.UTF-8'), ('SYSTEMD_EXEC_PID', '1339'), ('DBUS_SESSION_BUS_ADDRESS', 'unix:path=/run/user/1000/bus'), ('COLORTERM', 'truecolor'), ('COLCON_PREFIX_PATH', '/home/vdcl/Desktop/larr_project/AirSim/ros2/install:/home/vdcl/Desktop/larr_project/umv_control/install'), ('ROS_DISTRO', 'humble'), ('GTK_IM_MODULE', 'ibus'), ('LOGNAME', 'vdcl'), ('_', '/usr/bin/colcon'), ('ROS_VERSION', '2'), ('XDG_SESSION_CLASS', 'user'), ('USERNAME', 'vdcl'), ('TERM', 'xterm-256color'), ('GNOME_DESKTOP_SESSION_ID', 'this-is-deprecated'), ('ROS_LOCALHOST_ONLY', '0'), ('WINDOWPATH', '2'), ('PATH', '/usr/local/cuda-12.2/bin:/opt/ros/humble/bin:/home/vdcl/.local/bin:/usr/local/sbin:/usr/local/bin:/usr/sbin:/usr/bin:/sbin:/bin:/usr/games:/usr/local/games:/snap/bin:/snap/bin:/opt/ros/humble/include'), ('SESSION_MANAGER', 'local/vdcl-desktop:@/tmp/.ICE-unix/1311,unix/vdcl-desktop:/tmp/.ICE-unix/1311'), ('PAPERSIZE', 'a4'), ('XDG_MENU_PREFIX', 'gnome-'), ('LC_ADDRESS', 'ko_KR.UTF-8'), ('GNOME_TERMINAL_SCREEN', '/org/gnome/Terminal/screen/ef77537f_3f98_4f1b_87e0_0c62d4836513'), ('XDG_RUNTIME_DIR', '/run/user/1000'), ('DISPLAY', ':0'), ('LANG', 'ko_KR.UTF-8'), ('XDG_CURRENT_DESKTOP', 'ubuntu:GNOME'), ('LC_TELEPHONE', 'ko_KR.UTF-8'), ('XMODIFIERS', '@im=ibus'), ('XDG_SESSION_DESKTOP', 'ubuntu'), ('XAUTHORITY', '/run/user/1000/gdm/Xauthority'), ('LS_COLORS', 'rs=0:di=01;34:ln=01;36:mh=00:pi=40;33:so=01;35:do=01;35:bd=40;33;01:cd=40;33;01:or=40;31;01:mi=00:su=37;41:sg=30;43:ca=30;41:tw=30;42:ow=34;42:st=37;44:ex=01;32:*.tar=01;31:*.tgz=01;31:*.arc=01;31:*.arj=01;31:*.taz=01;31:*.lha=01;31:*.lz4=01;31:*.lzh=01;31:*.lzma=01;31:*.tlz=01;31:*.txz=01;31:*.tzo=01;31:*.t7z=01;31:*.zip=01;31:*.z=01;31:*.dz=01;31:*.gz=01;31:*.lrz=01;31:*.lz=01;31:*.lzo=01;31:*.xz=01;31:*.zst=01;31:*.tzst=01;31:*.bz2=01;31:*.bz=01;31:*.tbz=01;31:*.tbz2=01;31:*.tz=01;31:*.deb=01;31:*.rpm=01;31:*.jar=01;31:*.war=01;31:*.ear=01;31:*.sar=01;31:*.rar=01;31:*.alz=01;31:*.ace=01;31:*.zoo=01;31:*.cpio=01;31:*.7z=01;31:*.rz=01;31:*.cab=01;31:*.wim=01;31:*.swm=01;31:*.dwm=01;31:*.esd=01;31:*.jpg=01;35:*.jpeg=01;35:*.mjpg=01;35:*.mjpeg=01;35:*.gif=01;35:*.bmp=01;35:*.pbm=01;35:*.pgm=01;35:*.ppm=01;35:*.tga=01;35:*.xbm=01;35:*.xpm=01;35:*.tif=01;35:*.tiff=01;35:*.png=01;35:*.svg=01;35:*.svgz=01;35:*.mng=01;35:*.pcx=01;35:*.mov=01;35:*.mpg=01;35:*.mpeg=01;35:*.m2v=01;35:*.mkv=01;35:*.webm=01;35:*.webp=01;35:*.ogm=01;35:*.mp4=01;35:*.m4v=01;35:*.mp4v=01;35:*.vob=01;35:*.qt=01;35:*.nuv=01;35:*.wmv=01;35:*.asf=01;35:*.rm=01;35:*.rmvb=01;35:*.flc=01;35:*.avi=01;35:*.fli=01;35:*.flv=01;35:*.gl=01;35:*.dl=01;35:*.xcf=01;35:*.xwd=01;35:*.yuv=01;35:*.cgm=01;35:*.emf=01;35:*.ogv=01;35:*.ogx=01;35:*.aac=00;36:*.au=00;36:*.flac=00;36:*.m4a=00;36:*.mid=00;36:*.midi=00;36:*.mka=00;36:*.mp3=00;36:*.mpc=00;36:*.ogg=00;36:*.ra=00;36:*.wav=00;36:*.oga=00;36:*.opus=00;36:*.spx=00;36:*.xspf=00;36:'), ('GNOME_TERMINAL_SERVICE', ':1.780'), ('SSH_AGENT_LAUNCHER', 'gnome-keyring'), ('SSH_AUTH_SOCK', '/run/user/1000/keyring/ssh'), ('AMENT_PREFIX_PATH', '/home/vdcl/Desktop/larr_project/umv_control/install/utils:/home/vdcl/Desktop/larr_project/umv_control/install/mppi:/home/vdcl/Desktop/larr_project/umv_control/install/lower_controller:/home/vdcl/Desktop/larr_project/umv_control/install/host_vehicle_filter:/home/vdcl/Desktop/larr_project/umv_control/install/global_path:/home/vdcl/Desktop/larr_project/umv_control/install/umv_msgs:/home/vdcl/Desktop/larr_project/umv_control/install/motion_planner:/home/vdcl/Desktop/larr_project/AirSim/ros2/install/airsim_ros_pkgs:/home/vdcl/Desktop/larr_project/AirSim/ros2/install/airsim_interfaces:/opt/ros/humble'), ('SHELL', '/bin/bash'), ('LC_NAME', 'ko_KR.UTF-8'), ('QT_ACCESSIBILITY', '1'), ('GDMSESSION', 'ubuntu'), ('LESSCLOSE', '/usr/bin/lesspipe %s %s'), ('LC_MEASUREMENT', 'ko_KR.UTF-8'), ('GPG_AGENT_INFO', '/run/user/1000/gnupg/S.gpg-agent:0:1'), ('LC_IDENTIFICATION', 'ko_KR.UTF-8'), ('QT_IM_MODULE', 'ibus'), ('PWD', '/home/vdcl/Desktop/larr_project/umv_control/build/mppi'), ('LC_ALL', 'en_US.UTF-8'), ('XDG_CONFIG_DIRS', '/etc/xdg/xdg-ubuntu:/etc/xdg'), ('XDG_DATA_DIRS', '/usr/share/ubuntu:/usr/share/gnome:/usr/local/share/:/usr/share/:/var/lib/snapd/desktop'), ('PYTHONPATH', '/home/vdcl/Desktop/larr_project/umv_control/install/utils/lib/python3.10/site-packages:/home/vdcl/Desktop/larr_project/umv_control/install/lower_controller/lib/python3.10/site-packages:/home/vdcl/Desktop/larr_project/umv_control/install/host_vehicle_filter/lib/python3.10/site-packages:/home/vdcl/Desktop/larr_project/umv_control/install/global_path/lib/python3.10/site-packages:/home/vdcl/Desktop/larr_project/umv_control/install/umv_msgs/local/lib/python3.10/dist-packages:/home/vdcl/Desktop/larr_project/umv_control/install/motion_planner/lib/python3.10/site-packages:/home/vdcl/Desktop/larr_project/AirSim/ros2/install/airsim_interfaces/local/lib/python3.10/dist-packages:/opt/ros/humble/lib/python3.10/site-packages:/opt/ros/humble/local/lib/python3.10/dist-packages'), ('LC_NUMERIC', 'ko_KR.UTF-8'), ('LC_PAPER', 'ko_KR.UTF-8'), ('COLCON', '1'), ('VTE_VERSION', '6800'), ('CMAKE_PREFIX_PATH', '/home/vdcl/Desktop/larr_project/umv_control/install/umv_msgs:/home/vdcl/Desktop/larr_project/umv_control/install/mppi:/home/vdcl/Desktop/larr_project/AirSim/ros2/install/airsim_ros_pkgs:/home/vdcl/Desktop/larr_project/AirSim/ros2/install/airsim_interfaces:/home/vdcl/Desktop/larr_project/umv_control/install/utils:/home/vdcl/Desktop/larr_project/umv_control/install/lower_controller:/home/vdcl/Desktop/larr_project/umv_control/install/host_vehicle_filter:/home/vdcl/Desktop/larr_project/umv_control/install/global_path:/home/vdcl/Desktop/larr_project/umv_control/install/motion_planner:/opt/ros/humble')]), 'shell': False}
[2.310608] (utils) Command: {'cmd': ['/usr/bin/python3', '-W', 'ignore:setup.py install is deprecated', 'setup.py', 'egg_info', '--egg-base', '../../build/utils', 'build', '--build-base', '/home/vdcl/Desktop/larr_project/umv_control/build/utils/build', 'install', '--record', '/home/vdcl/Desktop/larr_project/umv_control/build/utils/install.log', '--single-version-externally-managed', 'install_data'], 'cwd': '/home/vdcl/Desktop/larr_project/umv_control/src/utils', 'env': {'LESSOPEN': '| /usr/bin/lesspipe %s', 'LANGUAGE': 'ko:en', 'USER': 'vdcl', 'LC_TIME': 'ko_KR.UTF-8', 'XDG_SESSION_TYPE': 'x11', 'SHLVL': '1', 'LD_LIBRARY_PATH': '/usr/local/cuda-12.2/lib64:/home/vdcl/Desktop/larr_project/umv_control/install/umv_msgs/lib:/home/vdcl/Desktop/larr_project/AirSim/ros2/install/airsim_ros_pkgs/lib:/home/vdcl/Desktop/larr_project/AirSim/ros2/install/airsim_interfaces/lib:/opt/ros/humble/opt/rviz_ogre_vendor/lib:/opt/ros/humble/lib/x86_64-linux-gnu:/opt/ros/humble/lib', 'HOME': '/home/vdcl', 'OLDPWD': '/home/vdcl/Desktop/larr_project', 'DESKTOP_SESSION': 'ubuntu', 'ROS_PYTHON_VERSION': '3', 'GNOME_SHELL_SESSION_MODE': 'ubuntu', 'GTK_MODULES': 'gail:atk-bridge', 'LC_MONETARY': 'ko_KR.UTF-8', 'SYSTEMD_EXEC_PID': '1339', 'DBUS_SESSION_BUS_ADDRESS': 'unix:path=/run/user/1000/bus', 'COLORTERM': 'truecolor', 'COLCON_PREFIX_PATH': '/home/vdcl/Desktop/larr_project/AirSim/ros2/install:/home/vdcl/Desktop/larr_project/umv_control/install', 'ROS_DISTRO': 'humble', 'GTK_IM_MODULE': 'ibus', 'LOGNAME': 'vdcl', '_': '/usr/bin/colcon', 'ROS_VERSION': '2', 'XDG_SESSION_CLASS': 'user', 'USERNAME': 'vdcl', 'TERM': 'xterm-256color', 'GNOME_DESKTOP_SESSION_ID': 'this-is-deprecated', 'ROS_LOCALHOST_ONLY': '0', 'WINDOWPATH': '2', 'PATH': '/usr/local/cuda-12.2/bin:/opt/ros/humble/bin:/home/vdcl/.local/bin:/usr/local/sbin:/usr/local/bin:/usr/sbin:/usr/bin:/sbin:/bin:/usr/games:/usr/local/games:/snap/bin:/snap/bin:/opt/ros/humble/include', 'SESSION_MANAGER': 'local/vdcl-desktop:@/tmp/.ICE-unix/1311,unix/vdcl-desktop:/tmp/.ICE-unix/1311', 'PAPERSIZE': 'a4', 'XDG_MENU_PREFIX': 'gnome-', 'LC_ADDRESS': 'ko_KR.UTF-8', 'GNOME_TERMINAL_SCREEN': '/org/gnome/Terminal/screen/ef77537f_3f98_4f1b_87e0_0c62d4836513', 'XDG_RUNTIME_DIR': '/run/user/1000', 'DISPLAY': ':0', 'LANG': 'ko_KR.UTF-8', 'XDG_CURRENT_DESKTOP': 'ubuntu:GNOME', 'LC_TELEPHONE': 'ko_KR.UTF-8', 'XMODIFIERS': '@im=ibus', 'XDG_SESSION_DESKTOP': 'ubuntu', 'XAUTHORITY': '/run/user/1000/gdm/Xauthority', 'LS_COLORS': 'rs=0:di=01;34:ln=01;36:mh=00:pi=40;33:so=01;35:do=01;35:bd=40;33;01:cd=40;33;01:or=40;31;01:mi=00:su=37;41:sg=30;43:ca=30;41:tw=30;42:ow=34;42:st=37;44:ex=01;32:*.tar=01;31:*.tgz=01;31:*.arc=01;31:*.arj=01;31:*.taz=01;31:*.lha=01;31:*.lz4=01;31:*.lzh=01;31:*.lzma=01;31:*.tlz=01;31:*.txz=01;31:*.tzo=01;31:*.t7z=01;31:*.zip=01;31:*.z=01;31:*.dz=01;31:*.gz=01;31:*.lrz=01;31:*.lz=01;31:*.lzo=01;31:*.xz=01;31:*.zst=01;31:*.tzst=01;31:*.bz2=01;31:*.bz=01;31:*.tbz=01;31:*.tbz2=01;31:*.tz=01;31:*.deb=01;31:*.rpm=01;31:*.jar=01;31:*.war=01;31:*.ear=01;31:*.sar=01;31:*.rar=01;31:*.alz=01;31:*.ace=01;31:*.zoo=01;31:*.cpio=01;31:*.7z=01;31:*.rz=01;31:*.cab=01;31:*.wim=01;31:*.swm=01;31:*.dwm=01;31:*.esd=01;31:*.jpg=01;35:*.jpeg=01;35:*.mjpg=01;35:*.mjpeg=01;35:*.gif=01;35:*.bmp=01;35:*.pbm=01;35:*.pgm=01;35:*.ppm=01;35:*.tga=01;35:*.xbm=01;35:*.xpm=01;35:*.tif=01;35:*.tiff=01;35:*.png=01;35:*.svg=01;35:*.svgz=01;35:*.mng=01;35:*.pcx=01;35:*.mov=01;35:*.mpg=01;35:*.mpeg=01;35:*.m2v=01;35:*.mkv=01;35:*.webm=01;35:*.webp=01;35:*.ogm=01;35:*.mp4=01;35:*.m4v=01;35:*.mp4v=01;35:*.vob=01;35:*.qt=01;35:*.nuv=01;35:*.wmv=01;35:*.asf=01;35:*.rm=01;35:*.rmvb=01;35:*.flc=01;35:*.avi=01;35:*.fli=01;35:*.flv=01;35:*.gl=01;35:*.dl=01;35:*.xcf=01;35:*.xwd=01;35:*.yuv=01;35:*.cgm=01;35:*.emf=01;35:*.ogv=01;35:*.ogx=01;35:*.aac=00;36:*.au=00;36:*.flac=00;36:*.m4a=00;36:*.mid=00;36:*.midi=00;36:*.mka=00;36:*.mp3=00;36:*.mpc=00;36:*.ogg=00;36:*.ra=00;36:*.wav=00;36:*.oga=00;36:*.opus=00;36:*.spx=00;36:*.xspf=00;36:', 'GNOME_TERMINAL_SERVICE': ':1.780', 'SSH_AGENT_LAUNCHER': 'gnome-keyring', 'SSH_AUTH_SOCK': '/run/user/1000/keyring/ssh', 'AMENT_PREFIX_PATH': '/home/vdcl/Desktop/larr_project/umv_control/install/utils:/home/vdcl/Desktop/larr_project/umv_control/install/mppi:/home/vdcl/Desktop/larr_project/umv_control/install/lower_controller:/home/vdcl/Desktop/larr_project/umv_control/install/host_vehicle_filter:/home/vdcl/Desktop/larr_project/umv_control/install/global_path:/home/vdcl/Desktop/larr_project/umv_control/install/umv_msgs:/home/vdcl/Desktop/larr_project/umv_control/install/motion_planner:/home/vdcl/Desktop/larr_project/AirSim/ros2/install/airsim_ros_pkgs:/home/vdcl/Desktop/larr_project/AirSim/ros2/install/airsim_interfaces:/opt/ros/humble', 'SHELL': '/bin/bash', 'LC_NAME': 'ko_KR.UTF-8', 'QT_ACCESSIBILITY': '1', 'GDMSESSION': 'ubuntu', 'LESSCLOSE': '/usr/bin/lesspipe %s %s', 'LC_MEASUREMENT': 'ko_KR.UTF-8', 'GPG_AGENT_INFO': '/run/user/1000/gnupg/S.gpg-agent:0:1', 'LC_IDENTIFICATION': 'ko_KR.UTF-8', 'QT_IM_MODULE': 'ibus', 'PWD': '/home/vdcl/Desktop/larr_project/umv_control/build/utils', 'LC_ALL': 'en_US.UTF-8', 'XDG_CONFIG_DIRS': '/etc/xdg/xdg-ubuntu:/etc/xdg', 'XDG_DATA_DIRS': '/usr/share/ubuntu:/usr/share/gnome:/usr/local/share/:/usr/share/:/var/lib/snapd/desktop', 'PYTHONPATH': '/home/vdcl/Desktop/larr_project/umv_control/build/utils/prefix_override:/home/vdcl/Desktop/larr_project/umv_control/install/utils/lib/python3.10/site-packages:/home/vdcl/Desktop/larr_project/umv_control/install/utils/lib/python3.10/site-packages:/home/vdcl/Desktop/larr_project/umv_control/install/lower_controller/lib/python3.10/site-packages:/home/vdcl/Desktop/larr_project/umv_control/install/host_vehicle_filter/lib/python3.10/site-packages:/home/vdcl/Desktop/larr_project/umv_control/install/global_path/lib/python3.10/site-packages:/home/vdcl/Desktop/larr_project/umv_control/install/umv_msgs/local/lib/python3.10/dist-packages:/home/vdcl/Desktop/larr_project/umv_control/install/motion_planner/lib/python3.10/site-packages:/home/vdcl/Desktop/larr_project/AirSim/ros2/install/airsim_interfaces/local/lib/python3.10/dist-packages:/opt/ros/humble/lib/python3.10/site-packages:/opt/ros/humble/local/lib/python3.10/dist-packages', 'LC_NUMERIC': 'ko_KR.UTF-8', 'LC_PAPER': 'ko_KR.UTF-8', 'COLCON': '1', 'VTE_VERSION': '6800', 'CMAKE_PREFIX_PATH': '/home/vdcl/Desktop/larr_project/umv_control/install/mppi:/home/vdcl/Desktop/larr_project/umv_control/install/umv_msgs:/home/vdcl/Desktop/larr_project/AirSim/ros2/install/airsim_ros_pkgs:/home/vdcl/Desktop/larr_project/AirSim/ros2/install/airsim_interfaces'}, 'shell': False}
[2.314663] (motion_planner) CommandEnded: {'returncode': 0}
[2.326102] (motion_planner) JobEnded: {'identifier': 'motion_planner', 'rc': 0}
[2.369168] (mppi) StdoutLine: {'line': b'\x1b[35m\x1b[1mConsolidate compiler generated dependencies of target mppi_manager\x1b[0m\n'}
[2.403130] (mppi) StdoutLine: {'line': b'[ 33%] \x1b[32mBuilding CXX object CMakeFiles/mppi_manager.dir/src/mppi.cpp.o\x1b[0m\n'}
[2.405437] (-) TimerEvent: {}
[2.505737] (-) TimerEvent: {}
[2.606210] (-) TimerEvent: {}
[2.707268] (-) TimerEvent: {}
[2.708856] (utils) StdoutLine: {'line': b'running egg_info\n'}
[2.710005] (utils) StdoutLine: {'line': b'writing ../../build/utils/utils.egg-info/PKG-INFO\n'}
[2.710220] (utils) StdoutLine: {'line': b'writing dependency_links to ../../build/utils/utils.egg-info/dependency_links.txt\n'}
[2.710346] (utils) StdoutLine: {'line': b'writing entry points to ../../build/utils/utils.egg-info/entry_points.txt\n'}
[2.710446] (utils) StdoutLine: {'line': b'writing requirements to ../../build/utils/utils.egg-info/requires.txt\n'}
[2.710603] (utils) StdoutLine: {'line': b'writing top-level names to ../../build/utils/utils.egg-info/top_level.txt\n'}
[2.712784] (utils) StdoutLine: {'line': b"reading manifest file '../../build/utils/utils.egg-info/SOURCES.txt'\n"}
[2.718737] (utils) StdoutLine: {'line': b"adding license file 'LICENSE'\n"}
[2.719233] (utils) StdoutLine: {'line': b"writing manifest file '../../build/utils/utils.egg-info/SOURCES.txt'\n"}
[2.719454] (utils) StdoutLine: {'line': b'running build\n'}
[2.719565] (utils) StdoutLine: {'line': b'running build_py\n'}
[2.720175] (utils) StdoutLine: {'line': b'running install\n'}
[2.720590] (utils) StdoutLine: {'line': b'running install_lib\n'}
[2.723065] (utils) StdoutLine: {'line': b'running install_data\n'}
[2.724125] (utils) StdoutLine: {'line': b'running install_egg_info\n'}
[2.725740] (utils) StdoutLine: {'line': b"removing '/home/vdcl/Desktop/larr_project/umv_control/install/utils/lib/python3.10/site-packages/utils-0.0.0-py3.10.egg-info' (and everything under it)\n"}
[2.726226] (utils) StdoutLine: {'line': b'Copying ../../build/utils/utils.egg-info to /home/vdcl/Desktop/larr_project/umv_control/install/utils/lib/python3.10/site-packages/utils-0.0.0-py3.10.egg-info\n'}
[2.727424] (utils) StdoutLine: {'line': b'running install_scripts\n'}
[2.759306] (utils) StdoutLine: {'line': b'Installing path_plotter_node script to /home/vdcl/Desktop/larr_project/umv_control/install/utils/lib/utils\n'}
[2.759519] (utils) StdoutLine: {'line': b'Installing virtual_target_node script to /home/vdcl/Desktop/larr_project/umv_control/install/utils/lib/utils\n'}
[2.759636] (utils) StdoutLine: {'line': b"writing list of installed files to '/home/vdcl/Desktop/larr_project/umv_control/build/utils/install.log'\n"}
[2.791174] (utils) CommandEnded: {'returncode': 0}
[2.797723] (utils) JobEnded: {'identifier': 'utils', 'rc': 0}
[2.807339] (-) TimerEvent: {}
[2.907579] (-) TimerEvent: {}
[2.973804] (host_vehicle_filter) Command: {'cmd': ['/usr/bin/python3', '-W', 'ignore:setup.py install is deprecated', 'setup.py', 'egg_info', '--egg-base', '../../build/host_vehicle_filter', 'build', '--build-base', '/home/vdcl/Desktop/larr_project/umv_control/build/host_vehicle_filter/build', 'install', '--record', '/home/vdcl/Desktop/larr_project/umv_control/build/host_vehicle_filter/install.log', '--single-version-externally-managed', 'install_data'], 'cwd': '/home/vdcl/Desktop/larr_project/umv_control/src/host_vehicle_filter', 'env': {'LESSOPEN': '| /usr/bin/lesspipe %s', 'LANGUAGE': 'ko:en', 'USER': 'vdcl', 'LC_TIME': 'ko_KR.UTF-8', 'XDG_SESSION_TYPE': 'x11', 'SHLVL': '1', 'LD_LIBRARY_PATH': '/home/vdcl/Desktop/larr_project/umv_control/install/umv_msgs/lib:/usr/local/cuda-12.2/lib64:/home/vdcl/Desktop/larr_project/AirSim/ros2/install/airsim_ros_pkgs/lib:/home/vdcl/Desktop/larr_project/AirSim/ros2/install/airsim_interfaces/lib:/opt/ros/humble/opt/rviz_ogre_vendor/lib:/opt/ros/humble/lib/x86_64-linux-gnu:/opt/ros/humble/lib', 'HOME': '/home/vdcl', 'OLDPWD': '/home/vdcl/Desktop/larr_project', 'DESKTOP_SESSION': 'ubuntu', 'ROS_PYTHON_VERSION': '3', 'GNOME_SHELL_SESSION_MODE': 'ubuntu', 'GTK_MODULES': 'gail:atk-bridge', 'LC_MONETARY': 'ko_KR.UTF-8', 'SYSTEMD_EXEC_PID': '1339', 'DBUS_SESSION_BUS_ADDRESS': 'unix:path=/run/user/1000/bus', 'COLORTERM': 'truecolor', 'COLCON_PREFIX_PATH': '/home/vdcl/Desktop/larr_project/AirSim/ros2/install:/home/vdcl/Desktop/larr_project/umv_control/install', 'ROS_DISTRO': 'humble', 'GTK_IM_MODULE': 'ibus', 'LOGNAME': 'vdcl', '_': '/usr/bin/colcon', 'ROS_VERSION': '2', 'XDG_SESSION_CLASS': 'user', 'USERNAME': 'vdcl', 'TERM': 'xterm-256color', 'GNOME_DESKTOP_SESSION_ID': 'this-is-deprecated', 'ROS_LOCALHOST_ONLY': '0', 'WINDOWPATH': '2', 'PATH': '/usr/local/cuda-12.2/bin:/opt/ros/humble/bin:/home/vdcl/.local/bin:/usr/local/sbin:/usr/local/bin:/usr/sbin:/usr/bin:/sbin:/bin:/usr/games:/usr/local/games:/snap/bin:/snap/bin:/opt/ros/humble/include', 'SESSION_MANAGER': 'local/vdcl-desktop:@/tmp/.ICE-unix/1311,unix/vdcl-desktop:/tmp/.ICE-unix/1311', 'PAPERSIZE': 'a4', 'XDG_MENU_PREFIX': 'gnome-', 'LC_ADDRESS': 'ko_KR.UTF-8', 'GNOME_TERMINAL_SCREEN': '/org/gnome/Terminal/screen/ef77537f_3f98_4f1b_87e0_0c62d4836513', 'XDG_RUNTIME_DIR': '/run/user/1000', 'DISPLAY': ':0', 'LANG': 'ko_KR.UTF-8', 'XDG_CURRENT_DESKTOP': 'ubuntu:GNOME', 'LC_TELEPHONE': 'ko_KR.UTF-8', 'XMODIFIERS': '@im=ibus', 'XDG_SESSION_DESKTOP': 'ubuntu', 'XAUTHORITY': '/run/user/1000/gdm/Xauthority', 'LS_COLORS': 'rs=0:di=01;34:ln=01;36:mh=00:pi=40;33:so=01;35:do=01;35:bd=40;33;01:cd=40;33;01:or=40;31;01:mi=00:su=37;41:sg=30;43:ca=30;41:tw=30;42:ow=34;42:st=37;44:ex=01;32:*.tar=01;31:*.tgz=01;31:*.arc=01;31:*.arj=01;31:*.taz=01;31:*.lha=01;31:*.lz4=01;31:*.lzh=01;31:*.lzma=01;31:*.tlz=01;31:*.txz=01;31:*.tzo=01;31:*.t7z=01;31:*.zip=01;31:*.z=01;31:*.dz=01;31:*.gz=01;31:*.lrz=01;31:*.lz=01;31:*.lzo=01;31:*.xz=01;31:*.zst=01;31:*.tzst=01;31:*.bz2=01;31:*.bz=01;31:*.tbz=01;31:*.tbz2=01;31:*.tz=01;31:*.deb=01;31:*.rpm=01;31:*.jar=01;31:*.war=01;31:*.ear=01;31:*.sar=01;31:*.rar=01;31:*.alz=01;31:*.ace=01;31:*.zoo=01;31:*.cpio=01;31:*.7z=01;31:*.rz=01;31:*.cab=01;31:*.wim=01;31:*.swm=01;31:*.dwm=01;31:*.esd=01;31:*.jpg=01;35:*.jpeg=01;35:*.mjpg=01;35:*.mjpeg=01;35:*.gif=01;35:*.bmp=01;35:*.pbm=01;35:*.pgm=01;35:*.ppm=01;35:*.tga=01;35:*.xbm=01;35:*.xpm=01;35:*.tif=01;35:*.tiff=01;35:*.png=01;35:*.svg=01;35:*.svgz=01;35:*.mng=01;35:*.pcx=01;35:*.mov=01;35:*.mpg=01;35:*.mpeg=01;35:*.m2v=01;35:*.mkv=01;35:*.webm=01;35:*.webp=01;35:*.ogm=01;35:*.mp4=01;35:*.m4v=01;35:*.mp4v=01;35:*.vob=01;35:*.qt=01;35:*.nuv=01;35:*.wmv=01;35:*.asf=01;35:*.rm=01;35:*.rmvb=01;35:*.flc=01;35:*.avi=01;35:*.fli=01;35:*.flv=01;35:*.gl=01;35:*.dl=01;35:*.xcf=01;35:*.xwd=01;35:*.yuv=01;35:*.cgm=01;35:*.emf=01;35:*.ogv=01;35:*.ogx=01;35:*.aac=00;36:*.au=00;36:*.flac=00;36:*.m4a=00;36:*.mid=00;36:*.midi=00;36:*.mka=00;36:*.mp3=00;36:*.mpc=00;36:*.ogg=00;36:*.ra=00;36:*.wav=00;36:*.oga=00;36:*.opus=00;36:*.spx=00;36:*.xspf=00;36:', 'GNOME_TERMINAL_SERVICE': ':1.780', 'SSH_AGENT_LAUNCHER': 'gnome-keyring', 'SSH_AUTH_SOCK': '/run/user/1000/keyring/ssh', 'AMENT_PREFIX_PATH': '/home/vdcl/Desktop/larr_project/umv_control/install/utils:/home/vdcl/Desktop/larr_project/umv_control/install/mppi:/home/vdcl/Desktop/larr_project/umv_control/install/lower_controller:/home/vdcl/Desktop/larr_project/umv_control/install/host_vehicle_filter:/home/vdcl/Desktop/larr_project/umv_control/install/global_path:/home/vdcl/Desktop/larr_project/umv_control/install/umv_msgs:/home/vdcl/Desktop/larr_project/umv_control/install/motion_planner:/home/vdcl/Desktop/larr_project/AirSim/ros2/install/airsim_ros_pkgs:/home/vdcl/Desktop/larr_project/AirSim/ros2/install/airsim_interfaces:/opt/ros/humble', 'SHELL': '/bin/bash', 'LC_NAME': 'ko_KR.UTF-8', 'QT_ACCESSIBILITY': '1', 'GDMSESSION': 'ubuntu', 'LESSCLOSE': '/usr/bin/lesspipe %s %s', 'LC_MEASUREMENT': 'ko_KR.UTF-8', 'GPG_AGENT_INFO': '/run/user/1000/gnupg/S.gpg-agent:0:1', 'LC_IDENTIFICATION': 'ko_KR.UTF-8', 'QT_IM_MODULE': 'ibus', 'PWD': '/home/vdcl/Desktop/larr_project/umv_control/build/host_vehicle_filter', 'LC_ALL': 'en_US.UTF-8', 'XDG_CONFIG_DIRS': '/etc/xdg/xdg-ubuntu:/etc/xdg', 'XDG_DATA_DIRS': '/usr/share/ubuntu:/usr/share/gnome:/usr/local/share/:/usr/share/:/var/lib/snapd/desktop', 'PYTHONPATH': '/home/vdcl/Desktop/larr_project/umv_control/build/host_vehicle_filter/prefix_override:/home/vdcl/Desktop/larr_project/umv_control/install/host_vehicle_filter/lib/python3.10/site-packages:/home/vdcl/Desktop/larr_project/umv_control/install/utils/lib/python3.10/site-packages:/home/vdcl/Desktop/larr_project/umv_control/install/lower_controller/lib/python3.10/site-packages:/home/vdcl/Desktop/larr_project/umv_control/install/host_vehicle_filter/lib/python3.10/site-packages:/home/vdcl/Desktop/larr_project/umv_control/install/global_path/lib/python3.10/site-packages:/home/vdcl/Desktop/larr_project/umv_control/install/umv_msgs/local/lib/python3.10/dist-packages:/home/vdcl/Desktop/larr_project/umv_control/install/motion_planner/lib/python3.10/site-packages:/home/vdcl/Desktop/larr_project/AirSim/ros2/install/airsim_interfaces/local/lib/python3.10/dist-packages:/opt/ros/humble/lib/python3.10/site-packages:/opt/ros/humble/local/lib/python3.10/dist-packages', 'LC_NUMERIC': 'ko_KR.UTF-8', 'LC_PAPER': 'ko_KR.UTF-8', 'COLCON': '1', 'VTE_VERSION': '6800', 'CMAKE_PREFIX_PATH': '/home/vdcl/Desktop/larr_project/umv_control/install/umv_msgs:/home/vdcl/Desktop/larr_project/umv_control/install/mppi:/home/vdcl/Desktop/larr_project/AirSim/ros2/install/airsim_ros_pkgs:/home/vdcl/Desktop/larr_project/AirSim/ros2/install/airsim_interfaces'}, 'shell': False}
[2.995472] (global_path) Command: {'cmd': ['/usr/bin/python3', '-W', 'ignore:setup.py install is deprecated', 'setup.py', 'egg_info', '--egg-base', '../../build/global_path', 'build', '--build-base', '/home/vdcl/Desktop/larr_project/umv_control/build/global_path/build', 'install', '--record', '/home/vdcl/Desktop/larr_project/umv_control/build/global_path/install.log', '--single-version-externally-managed', 'install_data'], 'cwd': '/home/vdcl/Desktop/larr_project/umv_control/src/global_path', 'env': {'LESSOPEN': '| /usr/bin/lesspipe %s', 'LANGUAGE': 'ko:en', 'USER': 'vdcl', 'LC_TIME': 'ko_KR.UTF-8', 'XDG_SESSION_TYPE': 'x11', 'SHLVL': '1', 'LD_LIBRARY_PATH': '/home/vdcl/Desktop/larr_project/umv_control/install/umv_msgs/lib:/usr/local/cuda-12.2/lib64:/home/vdcl/Desktop/larr_project/AirSim/ros2/install/airsim_ros_pkgs/lib:/home/vdcl/Desktop/larr_project/AirSim/ros2/install/airsim_interfaces/lib:/opt/ros/humble/opt/rviz_ogre_vendor/lib:/opt/ros/humble/lib/x86_64-linux-gnu:/opt/ros/humble/lib', 'HOME': '/home/vdcl', 'OLDPWD': '/home/vdcl/Desktop/larr_project', 'DESKTOP_SESSION': 'ubuntu', 'ROS_PYTHON_VERSION': '3', 'GNOME_SHELL_SESSION_MODE': 'ubuntu', 'GTK_MODULES': 'gail:atk-bridge', 'LC_MONETARY': 'ko_KR.UTF-8', 'SYSTEMD_EXEC_PID': '1339', 'DBUS_SESSION_BUS_ADDRESS': 'unix:path=/run/user/1000/bus', 'COLORTERM': 'truecolor', 'COLCON_PREFIX_PATH': '/home/vdcl/Desktop/larr_project/AirSim/ros2/install:/home/vdcl/Desktop/larr_project/umv_control/install', 'ROS_DISTRO': 'humble', 'GTK_IM_MODULE': 'ibus', 'LOGNAME': 'vdcl', '_': '/usr/bin/colcon', 'ROS_VERSION': '2', 'XDG_SESSION_CLASS': 'user', 'USERNAME': 'vdcl', 'TERM': 'xterm-256color', 'GNOME_DESKTOP_SESSION_ID': 'this-is-deprecated', 'ROS_LOCALHOST_ONLY': '0', 'WINDOWPATH': '2', 'PATH': '/usr/local/cuda-12.2/bin:/opt/ros/humble/bin:/home/vdcl/.local/bin:/usr/local/sbin:/usr/local/bin:/usr/sbin:/usr/bin:/sbin:/bin:/usr/games:/usr/local/games:/snap/bin:/snap/bin:/opt/ros/humble/include', 'SESSION_MANAGER': 'local/vdcl-desktop:@/tmp/.ICE-unix/1311,unix/vdcl-desktop:/tmp/.ICE-unix/1311', 'PAPERSIZE': 'a4', 'XDG_MENU_PREFIX': 'gnome-', 'LC_ADDRESS': 'ko_KR.UTF-8', 'GNOME_TERMINAL_SCREEN': '/org/gnome/Terminal/screen/ef77537f_3f98_4f1b_87e0_0c62d4836513', 'XDG_RUNTIME_DIR': '/run/user/1000', 'DISPLAY': ':0', 'LANG': 'ko_KR.UTF-8', 'XDG_CURRENT_DESKTOP': 'ubuntu:GNOME', 'LC_TELEPHONE': 'ko_KR.UTF-8', 'XMODIFIERS': '@im=ibus', 'XDG_SESSION_DESKTOP': 'ubuntu', 'XAUTHORITY': '/run/user/1000/gdm/Xauthority', 'LS_COLORS': 'rs=0:di=01;34:ln=01;36:mh=00:pi=40;33:so=01;35:do=01;35:bd=40;33;01:cd=40;33;01:or=40;31;01:mi=00:su=37;41:sg=30;43:ca=30;41:tw=30;42:ow=34;42:st=37;44:ex=01;32:*.tar=01;31:*.tgz=01;31:*.arc=01;31:*.arj=01;31:*.taz=01;31:*.lha=01;31:*.lz4=01;31:*.lzh=01;31:*.lzma=01;31:*.tlz=01;31:*.txz=01;31:*.tzo=01;31:*.t7z=01;31:*.zip=01;31:*.z=01;31:*.dz=01;31:*.gz=01;31:*.lrz=01;31:*.lz=01;31:*.lzo=01;31:*.xz=01;31:*.zst=01;31:*.tzst=01;31:*.bz2=01;31:*.bz=01;31:*.tbz=01;31:*.tbz2=01;31:*.tz=01;31:*.deb=01;31:*.rpm=01;31:*.jar=01;31:*.war=01;31:*.ear=01;31:*.sar=01;31:*.rar=01;31:*.alz=01;31:*.ace=01;31:*.zoo=01;31:*.cpio=01;31:*.7z=01;31:*.rz=01;31:*.cab=01;31:*.wim=01;31:*.swm=01;31:*.dwm=01;31:*.esd=01;31:*.jpg=01;35:*.jpeg=01;35:*.mjpg=01;35:*.mjpeg=01;35:*.gif=01;35:*.bmp=01;35:*.pbm=01;35:*.pgm=01;35:*.ppm=01;35:*.tga=01;35:*.xbm=01;35:*.xpm=01;35:*.tif=01;35:*.tiff=01;35:*.png=01;35:*.svg=01;35:*.svgz=01;35:*.mng=01;35:*.pcx=01;35:*.mov=01;35:*.mpg=01;35:*.mpeg=01;35:*.m2v=01;35:*.mkv=01;35:*.webm=01;35:*.webp=01;35:*.ogm=01;35:*.mp4=01;35:*.m4v=01;35:*.mp4v=01;35:*.vob=01;35:*.qt=01;35:*.nuv=01;35:*.wmv=01;35:*.asf=01;35:*.rm=01;35:*.rmvb=01;35:*.flc=01;35:*.avi=01;35:*.fli=01;35:*.flv=01;35:*.gl=01;35:*.dl=01;35:*.xcf=01;35:*.xwd=01;35:*.yuv=01;35:*.cgm=01;35:*.emf=01;35:*.ogv=01;35:*.ogx=01;35:*.aac=00;36:*.au=00;36:*.flac=00;36:*.m4a=00;36:*.mid=00;36:*.midi=00;36:*.mka=00;36:*.mp3=00;36:*.mpc=00;36:*.ogg=00;36:*.ra=00;36:*.wav=00;36:*.oga=00;36:*.opus=00;36:*.spx=00;36:*.xspf=00;36:', 'GNOME_TERMINAL_SERVICE': ':1.780', 'SSH_AGENT_LAUNCHER': 'gnome-keyring', 'SSH_AUTH_SOCK': '/run/user/1000/keyring/ssh', 'AMENT_PREFIX_PATH': '/home/vdcl/Desktop/larr_project/umv_control/install/utils:/home/vdcl/Desktop/larr_project/umv_control/install/mppi:/home/vdcl/Desktop/larr_project/umv_control/install/lower_controller:/home/vdcl/Desktop/larr_project/umv_control/install/host_vehicle_filter:/home/vdcl/Desktop/larr_project/umv_control/install/global_path:/home/vdcl/Desktop/larr_project/umv_control/install/umv_msgs:/home/vdcl/Desktop/larr_project/umv_control/install/motion_planner:/home/vdcl/Desktop/larr_project/AirSim/ros2/install/airsim_ros_pkgs:/home/vdcl/Desktop/larr_project/AirSim/ros2/install/airsim_interfaces:/opt/ros/humble', 'SHELL': '/bin/bash', 'LC_NAME': 'ko_KR.UTF-8', 'QT_ACCESSIBILITY': '1', 'GDMSESSION': 'ubuntu', 'LESSCLOSE': '/usr/bin/lesspipe %s %s', 'LC_MEASUREMENT': 'ko_KR.UTF-8', 'GPG_AGENT_INFO': '/run/user/1000/gnupg/S.gpg-agent:0:1', 'LC_IDENTIFICATION': 'ko_KR.UTF-8', 'QT_IM_MODULE': 'ibus', 'PWD': '/home/vdcl/Desktop/larr_project/umv_control/build/global_path', 'LC_ALL': 'en_US.UTF-8', 'XDG_CONFIG_DIRS': '/etc/xdg/xdg-ubuntu:/etc/xdg', 'XDG_DATA_DIRS': '/usr/share/ubuntu:/usr/share/gnome:/usr/local/share/:/usr/share/:/var/lib/snapd/desktop', 'PYTHONPATH': '/home/vdcl/Desktop/larr_project/umv_control/build/global_path/prefix_override:/home/vdcl/Desktop/larr_project/umv_control/install/global_path/lib/python3.10/site-packages:/home/vdcl/Desktop/larr_project/umv_control/install/utils/lib/python3.10/site-packages:/home/vdcl/Desktop/larr_project/umv_control/install/lower_controller/lib/python3.10/site-packages:/home/vdcl/Desktop/larr_project/umv_control/install/host_vehicle_filter/lib/python3.10/site-packages:/home/vdcl/Desktop/larr_project/umv_control/install/global_path/lib/python3.10/site-packages:/home/vdcl/Desktop/larr_project/umv_control/install/umv_msgs/local/lib/python3.10/dist-packages:/home/vdcl/Desktop/larr_project/umv_control/install/motion_planner/lib/python3.10/site-packages:/home/vdcl/Desktop/larr_project/AirSim/ros2/install/airsim_interfaces/local/lib/python3.10/dist-packages:/opt/ros/humble/lib/python3.10/site-packages:/opt/ros/humble/local/lib/python3.10/dist-packages', 'LC_NUMERIC': 'ko_KR.UTF-8', 'LC_PAPER': 'ko_KR.UTF-8', 'COLCON': '1', 'VTE_VERSION': '6800', 'CMAKE_PREFIX_PATH': '/home/vdcl/Desktop/larr_project/umv_control/install/umv_msgs:/home/vdcl/Desktop/larr_project/umv_control/install/mppi:/home/vdcl/Desktop/larr_project/AirSim/ros2/install/airsim_ros_pkgs:/home/vdcl/Desktop/larr_project/AirSim/ros2/install/airsim_interfaces'}, 'shell': False}
[3.007705] (-) TimerEvent: {}
[3.013302] (lower_controller) Command: {'cmd': ['/usr/bin/python3', '-W', 'ignore:setup.py install is deprecated', 'setup.py', 'egg_info', '--egg-base', '../../build/lower_controller', 'build', '--build-base', '/home/vdcl/Desktop/larr_project/umv_control/build/lower_controller/build', 'install', '--record', '/home/vdcl/Desktop/larr_project/umv_control/build/lower_controller/install.log', '--single-version-externally-managed', 'install_data'], 'cwd': '/home/vdcl/Desktop/larr_project/umv_control/src/lower_controller', 'env': {'LESSOPEN': '| /usr/bin/lesspipe %s', 'LANGUAGE': 'ko:en', 'USER': 'vdcl', 'LC_TIME': 'ko_KR.UTF-8', 'XDG_SESSION_TYPE': 'x11', 'SHLVL': '1', 'LD_LIBRARY_PATH': '/home/vdcl/Desktop/larr_project/umv_control/install/umv_msgs/lib:/usr/local/cuda-12.2/lib64:/home/vdcl/Desktop/larr_project/AirSim/ros2/install/airsim_ros_pkgs/lib:/home/vdcl/Desktop/larr_project/AirSim/ros2/install/airsim_interfaces/lib:/opt/ros/humble/opt/rviz_ogre_vendor/lib:/opt/ros/humble/lib/x86_64-linux-gnu:/opt/ros/humble/lib', 'HOME': '/home/vdcl', 'OLDPWD': '/home/vdcl/Desktop/larr_project', 'DESKTOP_SESSION': 'ubuntu', 'ROS_PYTHON_VERSION': '3', 'GNOME_SHELL_SESSION_MODE': 'ubuntu', 'GTK_MODULES': 'gail:atk-bridge', 'LC_MONETARY': 'ko_KR.UTF-8', 'SYSTEMD_EXEC_PID': '1339', 'DBUS_SESSION_BUS_ADDRESS': 'unix:path=/run/user/1000/bus', 'COLORTERM': 'truecolor', 'COLCON_PREFIX_PATH': '/home/vdcl/Desktop/larr_project/AirSim/ros2/install:/home/vdcl/Desktop/larr_project/umv_control/install', 'ROS_DISTRO': 'humble', 'GTK_IM_MODULE': 'ibus', 'LOGNAME': 'vdcl', '_': '/usr/bin/colcon', 'ROS_VERSION': '2', 'XDG_SESSION_CLASS': 'user', 'USERNAME': 'vdcl', 'TERM': 'xterm-256color', 'GNOME_DESKTOP_SESSION_ID': 'this-is-deprecated', 'ROS_LOCALHOST_ONLY': '0', 'WINDOWPATH': '2', 'PATH': '/usr/local/cuda-12.2/bin:/opt/ros/humble/bin:/home/vdcl/.local/bin:/usr/local/sbin:/usr/local/bin:/usr/sbin:/usr/bin:/sbin:/bin:/usr/games:/usr/local/games:/snap/bin:/snap/bin:/opt/ros/humble/include', 'SESSION_MANAGER': 'local/vdcl-desktop:@/tmp/.ICE-unix/1311,unix/vdcl-desktop:/tmp/.ICE-unix/1311', 'PAPERSIZE': 'a4', 'XDG_MENU_PREFIX': 'gnome-', 'LC_ADDRESS': 'ko_KR.UTF-8', 'GNOME_TERMINAL_SCREEN': '/org/gnome/Terminal/screen/ef77537f_3f98_4f1b_87e0_0c62d4836513', 'XDG_RUNTIME_DIR': '/run/user/1000', 'DISPLAY': ':0', 'LANG': 'ko_KR.UTF-8', 'XDG_CURRENT_DESKTOP': 'ubuntu:GNOME', 'LC_TELEPHONE': 'ko_KR.UTF-8', 'XMODIFIERS': '@im=ibus', 'XDG_SESSION_DESKTOP': 'ubuntu', 'XAUTHORITY': '/run/user/1000/gdm/Xauthority', 'LS_COLORS': 'rs=0:di=01;34:ln=01;36:mh=00:pi=40;33:so=01;35:do=01;35:bd=40;33;01:cd=40;33;01:or=40;31;01:mi=00:su=37;41:sg=30;43:ca=30;41:tw=30;42:ow=34;42:st=37;44:ex=01;32:*.tar=01;31:*.tgz=01;31:*.arc=01;31:*.arj=01;31:*.taz=01;31:*.lha=01;31:*.lz4=01;31:*.lzh=01;31:*.lzma=01;31:*.tlz=01;31:*.txz=01;31:*.tzo=01;31:*.t7z=01;31:*.zip=01;31:*.z=01;31:*.dz=01;31:*.gz=01;31:*.lrz=01;31:*.lz=01;31:*.lzo=01;31:*.xz=01;31:*.zst=01;31:*.tzst=01;31:*.bz2=01;31:*.bz=01;31:*.tbz=01;31:*.tbz2=01;31:*.tz=01;31:*.deb=01;31:*.rpm=01;31:*.jar=01;31:*.war=01;31:*.ear=01;31:*.sar=01;31:*.rar=01;31:*.alz=01;31:*.ace=01;31:*.zoo=01;31:*.cpio=01;31:*.7z=01;31:*.rz=01;31:*.cab=01;31:*.wim=01;31:*.swm=01;31:*.dwm=01;31:*.esd=01;31:*.jpg=01;35:*.jpeg=01;35:*.mjpg=01;35:*.mjpeg=01;35:*.gif=01;35:*.bmp=01;35:*.pbm=01;35:*.pgm=01;35:*.ppm=01;35:*.tga=01;35:*.xbm=01;35:*.xpm=01;35:*.tif=01;35:*.tiff=01;35:*.png=01;35:*.svg=01;35:*.svgz=01;35:*.mng=01;35:*.pcx=01;35:*.mov=01;35:*.mpg=01;35:*.mpeg=01;35:*.m2v=01;35:*.mkv=01;35:*.webm=01;35:*.webp=01;35:*.ogm=01;35:*.mp4=01;35:*.m4v=01;35:*.mp4v=01;35:*.vob=01;35:*.qt=01;35:*.nuv=01;35:*.wmv=01;35:*.asf=01;35:*.rm=01;35:*.rmvb=01;35:*.flc=01;35:*.avi=01;35:*.fli=01;35:*.flv=01;35:*.gl=01;35:*.dl=01;35:*.xcf=01;35:*.xwd=01;35:*.yuv=01;35:*.cgm=01;35:*.emf=01;35:*.ogv=01;35:*.ogx=01;35:*.aac=00;36:*.au=00;36:*.flac=00;36:*.m4a=00;36:*.mid=00;36:*.midi=00;36:*.mka=00;36:*.mp3=00;36:*.mpc=00;36:*.ogg=00;36:*.ra=00;36:*.wav=00;36:*.oga=00;36:*.opus=00;36:*.spx=00;36:*.xspf=00;36:', 'GNOME_TERMINAL_SERVICE': ':1.780', 'SSH_AGENT_LAUNCHER': 'gnome-keyring', 'SSH_AUTH_SOCK': '/run/user/1000/keyring/ssh', 'AMENT_PREFIX_PATH': '/home/vdcl/Desktop/larr_project/umv_control/install/utils:/home/vdcl/Desktop/larr_project/umv_control/install/mppi:/home/vdcl/Desktop/larr_project/umv_control/install/lower_controller:/home/vdcl/Desktop/larr_project/umv_control/install/host_vehicle_filter:/home/vdcl/Desktop/larr_project/umv_control/install/global_path:/home/vdcl/Desktop/larr_project/umv_control/install/umv_msgs:/home/vdcl/Desktop/larr_project/umv_control/install/motion_planner:/home/vdcl/Desktop/larr_project/AirSim/ros2/install/airsim_ros_pkgs:/home/vdcl/Desktop/larr_project/AirSim/ros2/install/airsim_interfaces:/opt/ros/humble', 'SHELL': '/bin/bash', 'LC_NAME': 'ko_KR.UTF-8', 'QT_ACCESSIBILITY': '1', 'GDMSESSION': 'ubuntu', 'LESSCLOSE': '/usr/bin/lesspipe %s %s', 'LC_MEASUREMENT': 'ko_KR.UTF-8', 'GPG_AGENT_INFO': '/run/user/1000/gnupg/S.gpg-agent:0:1', 'LC_IDENTIFICATION': 'ko_KR.UTF-8', 'QT_IM_MODULE': 'ibus', 'PWD': '/home/vdcl/Desktop/larr_project/umv_control/build/lower_controller', 'LC_ALL': 'en_US.UTF-8', 'XDG_CONFIG_DIRS': '/etc/xdg/xdg-ubuntu:/etc/xdg', 'XDG_DATA_DIRS': '/usr/share/ubuntu:/usr/share/gnome:/usr/local/share/:/usr/share/:/var/lib/snapd/desktop', 'PYTHONPATH': '/home/vdcl/Desktop/larr_project/umv_control/build/lower_controller/prefix_override:/home/vdcl/Desktop/larr_project/umv_control/install/lower_controller/lib/python3.10/site-packages:/home/vdcl/Desktop/larr_project/umv_control/install/utils/lib/python3.10/site-packages:/home/vdcl/Desktop/larr_project/umv_control/install/lower_controller/lib/python3.10/site-packages:/home/vdcl/Desktop/larr_project/umv_control/install/host_vehicle_filter/lib/python3.10/site-packages:/home/vdcl/Desktop/larr_project/umv_control/install/global_path/lib/python3.10/site-packages:/home/vdcl/Desktop/larr_project/umv_control/install/umv_msgs/local/lib/python3.10/dist-packages:/home/vdcl/Desktop/larr_project/umv_control/install/motion_planner/lib/python3.10/site-packages:/home/vdcl/Desktop/larr_project/AirSim/ros2/install/airsim_interfaces/local/lib/python3.10/dist-packages:/opt/ros/humble/lib/python3.10/site-packages:/opt/ros/humble/local/lib/python3.10/dist-packages', 'LC_NUMERIC': 'ko_KR.UTF-8', 'LC_PAPER': 'ko_KR.UTF-8', 'COLCON': '1', 'VTE_VERSION': '6800', 'CMAKE_PREFIX_PATH': '/home/vdcl/Desktop/larr_project/umv_control/install/umv_msgs:/home/vdcl/Desktop/larr_project/umv_control/install/mppi:/home/vdcl/Desktop/larr_project/AirSim/ros2/install/airsim_ros_pkgs:/home/vdcl/Desktop/larr_project/AirSim/ros2/install/airsim_interfaces'}, 'shell': False}
[3.107788] (-) TimerEvent: {}
[3.208110] (-) TimerEvent: {}
[3.308449] (-) TimerEvent: {}
[3.393000] (host_vehicle_filter) StdoutLine: {'line': b'running egg_info\n'}
[3.393874] (host_vehicle_filter) StdoutLine: {'line': b'writing ../../build/host_vehicle_filter/host_vehicle_filter.egg-info/PKG-INFO\n'}
[3.394158] (host_vehicle_filter) StdoutLine: {'line': b'writing dependency_links to ../../build/host_vehicle_filter/host_vehicle_filter.egg-info/dependency_links.txt\n'}
[3.394349] (host_vehicle_filter) StdoutLine: {'line': b'writing entry points to ../../build/host_vehicle_filter/host_vehicle_filter.egg-info/entry_points.txt\n'}
[3.394512] (host_vehicle_filter) StdoutLine: {'line': b'writing requirements to ../../build/host_vehicle_filter/host_vehicle_filter.egg-info/requires.txt\n'}
[3.394668] (host_vehicle_filter) StdoutLine: {'line': b'writing top-level names to ../../build/host_vehicle_filter/host_vehicle_filter.egg-info/top_level.txt\n'}
[3.397309] (host_vehicle_filter) StdoutLine: {'line': b"reading manifest file '../../build/host_vehicle_filter/host_vehicle_filter.egg-info/SOURCES.txt'\n"}
[3.399294] (host_vehicle_filter) StdoutLine: {'line': b"adding license file 'LICENSE'\n"}
[3.400654] (host_vehicle_filter) StdoutLine: {'line': b"writing manifest file '../../build/host_vehicle_filter/host_vehicle_filter.egg-info/SOURCES.txt'\n"}
[3.400847] (host_vehicle_filter) StdoutLine: {'line': b'running build\n'}
[3.400958] (host_vehicle_filter) StdoutLine: {'line': b'running build_py\n'}
[3.401273] (host_vehicle_filter) StdoutLine: {'line': b'running install\n'}
[3.401733] (host_vehicle_filter) StdoutLine: {'line': b'running install_lib\n'}
[3.403405] (host_vehicle_filter) StdoutLine: {'line': b'running install_data\n'}
[3.404159] (host_vehicle_filter) StdoutLine: {'line': b'running install_egg_info\n'}
[3.406020] (host_vehicle_filter) StdoutLine: {'line': b"removing '/home/vdcl/Desktop/larr_project/umv_control/install/host_vehicle_filter/lib/python3.10/site-packages/host_vehicle_filter-0.0.0-py3.10.egg-info' (and everything under it)\n"}
[3.406273] (global_path) StdoutLine: {'line': b'running egg_info\n'}
[3.406454] (host_vehicle_filter) StdoutLine: {'line': b'Copying ../../build/host_vehicle_filter/host_vehicle_filter.egg-info to /home/vdcl/Desktop/larr_project/umv_control/install/host_vehicle_filter/lib/python3.10/site-packages/host_vehicle_filter-0.0.0-py3.10.egg-info\n'}
[3.407125] (global_path) StdoutLine: {'line': b'writing ../../build/global_path/global_path.egg-info/PKG-INFO\n'}
[3.407451] (global_path) StdoutLine: {'line': b'writing dependency_links to ../../build/global_path/global_path.egg-info/dependency_links.txt\n'}
[3.407657] (host_vehicle_filter) StdoutLine: {'line': b'running install_scripts\n'}
[3.407791] (global_path) StdoutLine: {'line': b'writing entry points to ../../build/global_path/global_path.egg-info/entry_points.txt\n'}
[3.407946] (global_path) StdoutLine: {'line': b'writing requirements to ../../build/global_path/global_path.egg-info/requires.txt\n'}
[3.408047] (global_path) StdoutLine: {'line': b'writing top-level names to ../../build/global_path/global_path.egg-info/top_level.txt\n'}
[3.408508] (-) TimerEvent: {}
[3.410435] (global_path) StdoutLine: {'line': b"reading manifest file '../../build/global_path/global_path.egg-info/SOURCES.txt'\n"}
[3.411245] (global_path) StdoutLine: {'line': b"adding license file 'LICENSE'\n"}
[3.412182] (global_path) StdoutLine: {'line': b"writing manifest file '../../build/global_path/global_path.egg-info/SOURCES.txt'\n"}
[3.412398] (global_path) StdoutLine: {'line': b'running build\n'}
[3.412521] (global_path) StdoutLine: {'line': b'running build_py\n'}
[3.412995] (global_path) StdoutLine: {'line': b'running install\n'}
[3.413457] (global_path) StdoutLine: {'line': b'running install_lib\n'}
[3.415044] (global_path) StdoutLine: {'line': b'running install_data\n'}
[3.415234] (global_path) StdoutLine: {'line': b'running install_egg_info\n'}
[3.417416] (global_path) StdoutLine: {'line': b"removing '/home/vdcl/Desktop/larr_project/umv_control/install/global_path/lib/python3.10/site-packages/global_path-0.0.0-py3.10.egg-info' (and everything under it)\n"}
[3.417819] (global_path) StdoutLine: {'line': b'Copying ../../build/global_path/global_path.egg-info to /home/vdcl/Desktop/larr_project/umv_control/install/global_path/lib/python3.10/site-packages/global_path-0.0.0-py3.10.egg-info\n'}
[3.419020] (global_path) StdoutLine: {'line': b'running install_scripts\n'}
[3.433883] (lower_controller) StdoutLine: {'line': b'running egg_info\n'}
[3.434739] (lower_controller) StdoutLine: {'line': b'writing ../../build/lower_controller/lower_controller.egg-info/PKG-INFO\n'}
[3.435030] (lower_controller) StdoutLine: {'line': b'writing dependency_links to ../../build/lower_controller/lower_controller.egg-info/dependency_links.txt\n'}
[3.435286] (lower_controller) StdoutLine: {'line': b'writing entry points to ../../build/lower_controller/lower_controller.egg-info/entry_points.txt\n'}
[3.435459] (lower_controller) StdoutLine: {'line': b'writing requirements to ../../build/lower_controller/lower_controller.egg-info/requires.txt\n'}
[3.435623] (lower_controller) StdoutLine: {'line': b'writing top-level names to ../../build/lower_controller/lower_controller.egg-info/top_level.txt\n'}
[3.438353] (host_vehicle_filter) StdoutLine: {'line': b'Installing host_vehicle_filter_node script to /home/vdcl/Desktop/larr_project/umv_control/install/host_vehicle_filter/lib/host_vehicle_filter\n'}
[3.438550] (host_vehicle_filter) StdoutLine: {'line': b"writing list of installed files to '/home/vdcl/Desktop/larr_project/umv_control/build/host_vehicle_filter/install.log'\n"}
[3.438659] (lower_controller) StdoutLine: {'line': b"reading manifest file '../../build/lower_controller/lower_controller.egg-info/SOURCES.txt'\n"}
[3.445283] (lower_controller) StdoutLine: {'line': b"adding license file 'LICENSE'\n"}
[3.446416] (lower_controller) StdoutLine: {'line': b"writing manifest file '../../build/lower_controller/lower_controller.egg-info/SOURCES.txt'\n"}
[3.446663] (lower_controller) StdoutLine: {'line': b'running build\n'}
[3.446779] (lower_controller) StdoutLine: {'line': b'running build_py\n'}
[3.447488] (lower_controller) StdoutLine: {'line': b'running install\n'}
[3.447967] (lower_controller) StdoutLine: {'line': b'running install_lib\n'}
[3.449395] (global_path) StdoutLine: {'line': b'Installing global_path script to /home/vdcl/Desktop/larr_project/umv_control/install/global_path/lib/global_path\n'}
[3.449803] (lower_controller) StdoutLine: {'line': b'running install_data\n'}
[3.449980] (global_path) StdoutLine: {'line': b"writing list of installed files to '/home/vdcl/Desktop/larr_project/umv_control/build/global_path/install.log'\n"}
[3.450138] (lower_controller) StdoutLine: {'line': b'running install_egg_info\n'}
[3.453615] (lower_controller) StdoutLine: {'line': b"removing '/home/vdcl/Desktop/larr_project/umv_control/install/lower_controller/lib/python3.10/site-packages/lower_controller-0.0.0-py3.10.egg-info' (and everything under it)\n"}
[3.453844] (lower_controller) StdoutLine: {'line': b'Copying ../../build/lower_controller/lower_controller.egg-info to /home/vdcl/Desktop/larr_project/umv_control/install/lower_controller/lib/python3.10/site-packages/lower_controller-0.0.0-py3.10.egg-info\n'}
[3.455445] (lower_controller) StdoutLine: {'line': b'running install_scripts\n'}
[3.479992] (host_vehicle_filter) CommandEnded: {'returncode': 0}
[3.484436] (lower_controller) StdoutLine: {'line': b'Installing lower_controller_node script to /home/vdcl/Desktop/larr_project/umv_control/install/lower_controller/lib/lower_controller\n'}
[3.484801] (lower_controller) StdoutLine: {'line': b"writing list of installed files to '/home/vdcl/Desktop/larr_project/umv_control/build/lower_controller/install.log'\n"}
[3.508915] (-) TimerEvent: {}
[3.533428] (host_vehicle_filter) JobEnded: {'identifier': 'host_vehicle_filter', 'rc': 0}
[3.535665] (global_path) CommandEnded: {'returncode': 0}
[3.543813] (global_path) JobEnded: {'identifier': 'global_path', 'rc': 0}
[3.544968] (lower_controller) CommandEnded: {'returncode': 0}
[3.552150] (lower_controller) JobEnded: {'identifier': 'lower_controller', 'rc': 0}
[3.608997] (-) TimerEvent: {}
[3.710571] (-) TimerEvent: {}
[3.810819] (-) TimerEvent: {}
[3.911103] (-) TimerEvent: {}
[4.011459] (-) TimerEvent: {}
[4.111801] (-) TimerEvent: {}
[4.212101] (-) TimerEvent: {}
[4.312368] (-) TimerEvent: {}
[4.412803] (-) TimerEvent: {}
[4.513119] (-) TimerEvent: {}
[4.613381] (-) TimerEvent: {}
[4.713597] (-) TimerEvent: {}
[4.813876] (-) TimerEvent: {}
[4.914120] (-) TimerEvent: {}
[5.014349] (-) TimerEvent: {}
[5.114590] (-) TimerEvent: {}
[5.214829] (-) TimerEvent: {}
[5.315149] (-) TimerEvent: {}
[5.365595] (mppi) StderrLine: {'line': b'\x1b[01m\x1b[K/home/vdcl/Desktop/larr_project/umv_control/src/mppi/src/mppi.cpp:\x1b[m\x1b[K In member function \xe2\x80\x98\x1b[01m\x1b[Kvoid MppiClass::timer_cb()\x1b[m\x1b[K\xe2\x80\x99:\n'}
[5.365878] (mppi) StderrLine: {'line': b'\x1b[01m\x1b[K/home/vdcl/Desktop/larr_project/umv_control/src/mppi/src/mppi.cpp:293:15:\x1b[m\x1b[K \x1b[01;35m\x1b[Kwarning: \x1b[m\x1b[Kunused variable \xe2\x80\x98\x1b[01m\x1b[Key_\x1b[m\x1b[K\xe2\x80\x99 [\x1b[01;35m\x1b[K\x1b]8;;https://gcc.gnu.org/onlinedocs/gcc/Warning-Options.html#index-Wunused-variable\x07-Wunused-variable\x1b]8;;\x07\x1b[m\x1b[K]\n'}
[5.365991] (mppi) StderrLine: {'line': b'  293 |         float \x1b[01;35m\x1b[Key_\x1b[m\x1b[K = ey;\n'}
[5.366117] (mppi) StderrLine: {'line': b'      |               \x1b[01;35m\x1b[K^~~\x1b[m\x1b[K\n'}
[5.366240] (mppi) StderrLine: {'line': b'\x1b[01m\x1b[K/home/vdcl/Desktop/larr_project/umv_control/src/mppi/src/mppi.cpp:294:15:\x1b[m\x1b[K \x1b[01;35m\x1b[Kwarning: \x1b[m\x1b[Kunused variable \xe2\x80\x98\x1b[01m\x1b[Kego_yaw_\x1b[m\x1b[K\xe2\x80\x99 [\x1b[01;35m\x1b[K\x1b]8;;https://gcc.gnu.org/onlinedocs/gcc/Warning-Options.html#index-Wunused-variable\x07-Wunused-variable\x1b]8;;\x07\x1b[m\x1b[K]\n'}
[5.366372] (mppi) StderrLine: {'line': b'  294 |         float \x1b[01;35m\x1b[Kego_yaw_\x1b[m\x1b[K = ego_yaw;\n'}
[5.366466] (mppi) StderrLine: {'line': b'      |               \x1b[01;35m\x1b[K^~~~~~~~\x1b[m\x1b[K\n'}
[5.370351] (mppi) StderrLine: {'line': b'\x1b[01m\x1b[K/home/vdcl/Desktop/larr_project/umv_control/src/mppi/src/mppi.cpp:\x1b[m\x1b[K In member function \xe2\x80\x98\x1b[01m\x1b[Kvoid MppiClass::virtual_target_cb(umv_msgs::msg::Obstacles_<std::allocator<void> >::SharedPtr)\x1b[m\x1b[K\xe2\x80\x99:\n'}
[5.370486] (mppi) StderrLine: {'line': b'\x1b[01m\x1b[K/home/vdcl/Desktop/larr_project/umv_control/src/mppi/src/mppi.cpp:423:23:\x1b[m\x1b[K \x1b[01;35m\x1b[Kwarning: \x1b[m\x1b[Kunused variable \xe2\x80\x98\x1b[01m\x1b[Kax\x1b[m\x1b[K\xe2\x80\x99 [\x1b[01;35m\x1b[K\x1b]8;;https://gcc.gnu.org/onlinedocs/gcc/Warning-Options.html#index-Wunused-variable\x07-Wunused-variable\x1b]8;;\x07\x1b[m\x1b[K]\n'}
[5.370601] (mppi) StderrLine: {'line': b'  423 |                 float \x1b[01;35m\x1b[Kax\x1b[m\x1b[K = a_values[kk];\n'}
[5.370697] (mppi) StderrLine: {'line': b'      |                       \x1b[01;35m\x1b[K^~\x1b[m\x1b[K\n'}
[5.370790] (mppi) StderrLine: {'line': b'\x1b[01m\x1b[K/home/vdcl/Desktop/larr_project/umv_control/src/mppi/src/mppi.cpp:407:13:\x1b[m\x1b[K \x1b[01;35m\x1b[Kwarning: \x1b[m\x1b[Kunused variable \xe2\x80\x98\x1b[01m\x1b[Kcheck\x1b[m\x1b[K\xe2\x80\x99 [\x1b[01;35m\x1b[K\x1b]8;;https://gcc.gnu.org/onlinedocs/gcc/Warning-Options.html#index-Wunused-variable\x07-Wunused-variable\x1b]8;;\x07\x1b[m\x1b[K]\n'}
[5.370887] (mppi) StderrLine: {'line': b'  407 |         int \x1b[01;35m\x1b[Kcheck\x1b[m\x1b[K = 0;\n'}
[5.370981] (mppi) StderrLine: {'line': b'      |             \x1b[01;35m\x1b[K^~~~~\x1b[m\x1b[K\n'}
[5.415226] (-) TimerEvent: {}
[5.515463] (-) TimerEvent: {}
[5.615710] (-) TimerEvent: {}
[5.715982] (-) TimerEvent: {}
[5.816257] (-) TimerEvent: {}
[5.916568] (-) TimerEvent: {}
[6.016827] (-) TimerEvent: {}
[6.117117] (-) TimerEvent: {}
[6.217402] (-) TimerEvent: {}
[6.317656] (-) TimerEvent: {}
[6.417963] (-) TimerEvent: {}
[6.518236] (-) TimerEvent: {}
[6.618516] (-) TimerEvent: {}
[6.718763] (-) TimerEvent: {}
[6.819073] (-) TimerEvent: {}
[6.919329] (-) TimerEvent: {}
[7.019639] (-) TimerEvent: {}
[7.119918] (-) TimerEvent: {}
[7.220153] (-) TimerEvent: {}
[7.320390] (-) TimerEvent: {}
[7.420641] (-) TimerEvent: {}
[7.520961] (-) TimerEvent: {}
[7.621298] (-) TimerEvent: {}
[7.721712] (-) TimerEvent: {}
[7.822133] (-) TimerEvent: {}
[7.922420] (-) TimerEvent: {}
[8.022685] (-) TimerEvent: {}
[8.122923] (-) TimerEvent: {}
[8.223129] (-) TimerEvent: {}
[8.323378] (-) TimerEvent: {}
[8.423664] (-) TimerEvent: {}
[8.523928] (-) TimerEvent: {}
[8.624165] (-) TimerEvent: {}
[8.724399] (-) TimerEvent: {}
[8.824648] (-) TimerEvent: {}
[8.924916] (-) TimerEvent: {}
[9.025119] (-) TimerEvent: {}
[9.125444] (-) TimerEvent: {}
[9.225724] (-) TimerEvent: {}
[9.325993] (-) TimerEvent: {}
[9.426303] (-) TimerEvent: {}
[9.526579] (-) TimerEvent: {}
[9.626845] (-) TimerEvent: {}
[9.727171] (-) TimerEvent: {}
[9.827466] (-) TimerEvent: {}
[9.927755] (-) TimerEvent: {}
[10.028032] (-) TimerEvent: {}
[10.128332] (-) TimerEvent: {}
[10.228676] (-) TimerEvent: {}
[10.328959] (-) TimerEvent: {}
[10.429247] (-) TimerEvent: {}
[10.529543] (-) TimerEvent: {}
[10.629790] (-) TimerEvent: {}
[10.730062] (-) TimerEvent: {}
[10.830359] (-) TimerEvent: {}
[10.930608] (-) TimerEvent: {}
[11.031010] (-) TimerEvent: {}
[11.131309] (-) TimerEvent: {}
[11.231793] (-) TimerEvent: {}
[11.332091] (-) TimerEvent: {}
[11.432368] (-) TimerEvent: {}
[11.532655] (-) TimerEvent: {}
[11.632930] (-) TimerEvent: {}
[11.733197] (-) TimerEvent: {}
[11.833418] (-) TimerEvent: {}
[11.933646] (-) TimerEvent: {}
[12.033886] (-) TimerEvent: {}
[12.134145] (-) TimerEvent: {}
[12.234403] (-) TimerEvent: {}
[12.334646] (-) TimerEvent: {}
[12.434950] (-) TimerEvent: {}
[12.535362] (-) TimerEvent: {}
[12.635634] (-) TimerEvent: {}
[12.735928] (-) TimerEvent: {}
[12.836153] (-) TimerEvent: {}
[12.936376] (-) TimerEvent: {}
[13.036630] (-) TimerEvent: {}
[13.136918] (-) TimerEvent: {}
[13.237140] (-) TimerEvent: {}
[13.337617] (-) TimerEvent: {}
[13.437905] (-) TimerEvent: {}
[13.538167] (-) TimerEvent: {}
[13.638479] (-) TimerEvent: {}
[13.738782] (-) TimerEvent: {}
[13.839024] (-) TimerEvent: {}
[13.939266] (-) TimerEvent: {}
[14.039522] (-) TimerEvent: {}
[14.140271] (-) TimerEvent: {}
[14.240504] (-) TimerEvent: {}
[14.340751] (-) TimerEvent: {}
[14.441021] (-) TimerEvent: {}
[14.541320] (-) TimerEvent: {}
[14.641682] (-) TimerEvent: {}
[14.741981] (-) TimerEvent: {}
[14.842251] (-) TimerEvent: {}
[14.942514] (-) TimerEvent: {}
[15.042757] (-) TimerEvent: {}
[15.143057] (-) TimerEvent: {}
[15.243328] (-) TimerEvent: {}
[15.343571] (-) TimerEvent: {}
[15.443826] (-) TimerEvent: {}
[15.544037] (-) TimerEvent: {}
[15.644316] (-) TimerEvent: {}
[15.744595] (-) TimerEvent: {}
[15.844892] (-) TimerEvent: {}
[15.945161] (-) TimerEvent: {}
[16.045436] (-) TimerEvent: {}
[16.145757] (-) TimerEvent: {}
[16.246067] (-) TimerEvent: {}
[16.346358] (-) TimerEvent: {}
[16.446616] (-) TimerEvent: {}
[16.546951] (-) TimerEvent: {}
[16.647182] (-) TimerEvent: {}
[16.747500] (-) TimerEvent: {}
[16.848149] (-) TimerEvent: {}
[16.948691] (-) TimerEvent: {}
[17.048941] (-) TimerEvent: {}
[17.149125] (-) TimerEvent: {}
[17.249417] (-) TimerEvent: {}
[17.349683] (-) TimerEvent: {}
[17.450053] (-) TimerEvent: {}
[17.550420] (-) TimerEvent: {}
[17.651215] (-) TimerEvent: {}
[17.751894] (-) TimerEvent: {}
[17.852456] (-) TimerEvent: {}
[17.952765] (-) TimerEvent: {}
[18.053052] (-) TimerEvent: {}
[18.153333] (-) TimerEvent: {}
[18.253567] (-) TimerEvent: {}
[18.353811] (-) TimerEvent: {}
[18.454106] (-) TimerEvent: {}
[18.554388] (-) TimerEvent: {}
[18.654599] (-) TimerEvent: {}
[18.754891] (-) TimerEvent: {}
[18.855137] (-) TimerEvent: {}
[18.955406] (-) TimerEvent: {}
[19.055666] (-) TimerEvent: {}
[19.075041] (mppi) StdoutLine: {'line': b'[ 66%] \x1b[32m\x1b[1mLinking CXX executable mppi_manager\x1b[0m\n'}
[19.155749] (-) TimerEvent: {}
[19.256012] (-) TimerEvent: {}
[19.356340] (-) TimerEvent: {}
[19.456693] (-) TimerEvent: {}
[19.556999] (-) TimerEvent: {}
[19.657291] (-) TimerEvent: {}
[19.757591] (-) TimerEvent: {}
[19.857918] (-) TimerEvent: {}
[19.958243] (-) TimerEvent: {}
[20.018524] (mppi) StdoutLine: {'line': b'[100%] Built target mppi_manager\n'}
[20.030925] (mppi) CommandEnded: {'returncode': 0}
[20.058337] (-) TimerEvent: {}
[20.065359] (mppi) JobProgress: {'identifier': 'mppi', 'progress': 'install'}
[20.065757] (mppi) Command: {'cmd': ['/usr/bin/cmake', '--install', '/home/vdcl/Desktop/larr_project/umv_control/build/mppi'], 'cwd': '/home/vdcl/Desktop/larr_project/umv_control/build/mppi', 'env': OrderedDict([('LESSOPEN', '| /usr/bin/lesspipe %s'), ('LANGUAGE', 'ko:en'), ('USER', 'vdcl'), ('LC_TIME', 'ko_KR.UTF-8'), ('XDG_SESSION_TYPE', 'x11'), ('SHLVL', '1'), ('LD_LIBRARY_PATH', '/home/vdcl/Desktop/larr_project/umv_control/install/umv_msgs/lib:/usr/local/cuda-12.2/lib64:/home/vdcl/Desktop/larr_project/AirSim/ros2/install/airsim_ros_pkgs/lib:/home/vdcl/Desktop/larr_project/AirSim/ros2/install/airsim_interfaces/lib:/opt/ros/humble/opt/rviz_ogre_vendor/lib:/opt/ros/humble/lib/x86_64-linux-gnu:/opt/ros/humble/lib'), ('HOME', '/home/vdcl'), ('OLDPWD', '/home/vdcl/Desktop/larr_project'), ('DESKTOP_SESSION', 'ubuntu'), ('ROS_PYTHON_VERSION', '3'), ('GNOME_SHELL_SESSION_MODE', 'ubuntu'), ('GTK_MODULES', 'gail:atk-bridge'), ('LC_MONETARY', 'ko_KR.UTF-8'), ('SYSTEMD_EXEC_PID', '1339'), ('DBUS_SESSION_BUS_ADDRESS', 'unix:path=/run/user/1000/bus'), ('COLORTERM', 'truecolor'), ('COLCON_PREFIX_PATH', '/home/vdcl/Desktop/larr_project/AirSim/ros2/install:/home/vdcl/Desktop/larr_project/umv_control/install'), ('ROS_DISTRO', 'humble'), ('GTK_IM_MODULE', 'ibus'), ('LOGNAME', 'vdcl'), ('_', '/usr/bin/colcon'), ('ROS_VERSION', '2'), ('XDG_SESSION_CLASS', 'user'), ('USERNAME', 'vdcl'), ('TERM', 'xterm-256color'), ('GNOME_DESKTOP_SESSION_ID', 'this-is-deprecated'), ('ROS_LOCALHOST_ONLY', '0'), ('WINDOWPATH', '2'), ('PATH', '/usr/local/cuda-12.2/bin:/opt/ros/humble/bin:/home/vdcl/.local/bin:/usr/local/sbin:/usr/local/bin:/usr/sbin:/usr/bin:/sbin:/bin:/usr/games:/usr/local/games:/snap/bin:/snap/bin:/opt/ros/humble/include'), ('SESSION_MANAGER', 'local/vdcl-desktop:@/tmp/.ICE-unix/1311,unix/vdcl-desktop:/tmp/.ICE-unix/1311'), ('PAPERSIZE', 'a4'), ('XDG_MENU_PREFIX', 'gnome-'), ('LC_ADDRESS', 'ko_KR.UTF-8'), ('GNOME_TERMINAL_SCREEN', '/org/gnome/Terminal/screen/ef77537f_3f98_4f1b_87e0_0c62d4836513'), ('XDG_RUNTIME_DIR', '/run/user/1000'), ('DISPLAY', ':0'), ('LANG', 'ko_KR.UTF-8'), ('XDG_CURRENT_DESKTOP', 'ubuntu:GNOME'), ('LC_TELEPHONE', 'ko_KR.UTF-8'), ('XMODIFIERS', '@im=ibus'), ('XDG_SESSION_DESKTOP', 'ubuntu'), ('XAUTHORITY', '/run/user/1000/gdm/Xauthority'), ('LS_COLORS', 'rs=0:di=01;34:ln=01;36:mh=00:pi=40;33:so=01;35:do=01;35:bd=40;33;01:cd=40;33;01:or=40;31;01:mi=00:su=37;41:sg=30;43:ca=30;41:tw=30;42:ow=34;42:st=37;44:ex=01;32:*.tar=01;31:*.tgz=01;31:*.arc=01;31:*.arj=01;31:*.taz=01;31:*.lha=01;31:*.lz4=01;31:*.lzh=01;31:*.lzma=01;31:*.tlz=01;31:*.txz=01;31:*.tzo=01;31:*.t7z=01;31:*.zip=01;31:*.z=01;31:*.dz=01;31:*.gz=01;31:*.lrz=01;31:*.lz=01;31:*.lzo=01;31:*.xz=01;31:*.zst=01;31:*.tzst=01;31:*.bz2=01;31:*.bz=01;31:*.tbz=01;31:*.tbz2=01;31:*.tz=01;31:*.deb=01;31:*.rpm=01;31:*.jar=01;31:*.war=01;31:*.ear=01;31:*.sar=01;31:*.rar=01;31:*.alz=01;31:*.ace=01;31:*.zoo=01;31:*.cpio=01;31:*.7z=01;31:*.rz=01;31:*.cab=01;31:*.wim=01;31:*.swm=01;31:*.dwm=01;31:*.esd=01;31:*.jpg=01;35:*.jpeg=01;35:*.mjpg=01;35:*.mjpeg=01;35:*.gif=01;35:*.bmp=01;35:*.pbm=01;35:*.pgm=01;35:*.ppm=01;35:*.tga=01;35:*.xbm=01;35:*.xpm=01;35:*.tif=01;35:*.tiff=01;35:*.png=01;35:*.svg=01;35:*.svgz=01;35:*.mng=01;35:*.pcx=01;35:*.mov=01;35:*.mpg=01;35:*.mpeg=01;35:*.m2v=01;35:*.mkv=01;35:*.webm=01;35:*.webp=01;35:*.ogm=01;35:*.mp4=01;35:*.m4v=01;35:*.mp4v=01;35:*.vob=01;35:*.qt=01;35:*.nuv=01;35:*.wmv=01;35:*.asf=01;35:*.rm=01;35:*.rmvb=01;35:*.flc=01;35:*.avi=01;35:*.fli=01;35:*.flv=01;35:*.gl=01;35:*.dl=01;35:*.xcf=01;35:*.xwd=01;35:*.yuv=01;35:*.cgm=01;35:*.emf=01;35:*.ogv=01;35:*.ogx=01;35:*.aac=00;36:*.au=00;36:*.flac=00;36:*.m4a=00;36:*.mid=00;36:*.midi=00;36:*.mka=00;36:*.mp3=00;36:*.mpc=00;36:*.ogg=00;36:*.ra=00;36:*.wav=00;36:*.oga=00;36:*.opus=00;36:*.spx=00;36:*.xspf=00;36:'), ('GNOME_TERMINAL_SERVICE', ':1.780'), ('SSH_AGENT_LAUNCHER', 'gnome-keyring'), ('SSH_AUTH_SOCK', '/run/user/1000/keyring/ssh'), ('AMENT_PREFIX_PATH', '/home/vdcl/Desktop/larr_project/umv_control/install/utils:/home/vdcl/Desktop/larr_project/umv_control/install/mppi:/home/vdcl/Desktop/larr_project/umv_control/install/lower_controller:/home/vdcl/Desktop/larr_project/umv_control/install/host_vehicle_filter:/home/vdcl/Desktop/larr_project/umv_control/install/global_path:/home/vdcl/Desktop/larr_project/umv_control/install/umv_msgs:/home/vdcl/Desktop/larr_project/umv_control/install/motion_planner:/home/vdcl/Desktop/larr_project/AirSim/ros2/install/airsim_ros_pkgs:/home/vdcl/Desktop/larr_project/AirSim/ros2/install/airsim_interfaces:/opt/ros/humble'), ('SHELL', '/bin/bash'), ('LC_NAME', 'ko_KR.UTF-8'), ('QT_ACCESSIBILITY', '1'), ('GDMSESSION', 'ubuntu'), ('LESSCLOSE', '/usr/bin/lesspipe %s %s'), ('LC_MEASUREMENT', 'ko_KR.UTF-8'), ('GPG_AGENT_INFO', '/run/user/1000/gnupg/S.gpg-agent:0:1'), ('LC_IDENTIFICATION', 'ko_KR.UTF-8'), ('QT_IM_MODULE', 'ibus'), ('PWD', '/home/vdcl/Desktop/larr_project/umv_control/build/mppi'), ('LC_ALL', 'en_US.UTF-8'), ('XDG_CONFIG_DIRS', '/etc/xdg/xdg-ubuntu:/etc/xdg'), ('XDG_DATA_DIRS', '/usr/share/ubuntu:/usr/share/gnome:/usr/local/share/:/usr/share/:/var/lib/snapd/desktop'), ('PYTHONPATH', '/home/vdcl/Desktop/larr_project/umv_control/install/utils/lib/python3.10/site-packages:/home/vdcl/Desktop/larr_project/umv_control/install/lower_controller/lib/python3.10/site-packages:/home/vdcl/Desktop/larr_project/umv_control/install/host_vehicle_filter/lib/python3.10/site-packages:/home/vdcl/Desktop/larr_project/umv_control/install/global_path/lib/python3.10/site-packages:/home/vdcl/Desktop/larr_project/umv_control/install/umv_msgs/local/lib/python3.10/dist-packages:/home/vdcl/Desktop/larr_project/umv_control/install/motion_planner/lib/python3.10/site-packages:/home/vdcl/Desktop/larr_project/AirSim/ros2/install/airsim_interfaces/local/lib/python3.10/dist-packages:/opt/ros/humble/lib/python3.10/site-packages:/opt/ros/humble/local/lib/python3.10/dist-packages'), ('LC_NUMERIC', 'ko_KR.UTF-8'), ('LC_PAPER', 'ko_KR.UTF-8'), ('COLCON', '1'), ('VTE_VERSION', '6800'), ('CMAKE_PREFIX_PATH', '/home/vdcl/Desktop/larr_project/umv_control/install/umv_msgs:/home/vdcl/Desktop/larr_project/umv_control/install/mppi:/home/vdcl/Desktop/larr_project/AirSim/ros2/install/airsim_ros_pkgs:/home/vdcl/Desktop/larr_project/AirSim/ros2/install/airsim_interfaces:/home/vdcl/Desktop/larr_project/umv_control/install/utils:/home/vdcl/Desktop/larr_project/umv_control/install/lower_controller:/home/vdcl/Desktop/larr_project/umv_control/install/host_vehicle_filter:/home/vdcl/Desktop/larr_project/umv_control/install/global_path:/home/vdcl/Desktop/larr_project/umv_control/install/motion_planner:/opt/ros/humble')]), 'shell': False}
[20.074353] (mppi) StdoutLine: {'line': b'-- Install configuration: ""\n'}
[20.074702] (mppi) StdoutLine: {'line': b'-- Up-to-date: /home/vdcl/Desktop/larr_project/umv_control/install/mppi/share/ament_index/resource_index/package_run_dependencies/mppi\n'}
[20.074858] (mppi) StdoutLine: {'line': b'-- Up-to-date: /home/vdcl/Desktop/larr_project/umv_control/install/mppi/share/ament_index/resource_index/parent_prefix_path/mppi\n'}
[20.074996] (mppi) StdoutLine: {'line': b'-- Up-to-date: /home/vdcl/Desktop/larr_project/umv_control/install/mppi/share/mppi/environment/ament_prefix_path.sh\n'}
[20.075113] (mppi) StdoutLine: {'line': b'-- Up-to-date: /home/vdcl/Desktop/larr_project/umv_control/install/mppi/share/mppi/environment/ament_prefix_path.dsv\n'}
[20.075205] (mppi) StdoutLine: {'line': b'-- Up-to-date: /home/vdcl/Desktop/larr_project/umv_control/install/mppi/share/mppi/environment/path.sh\n'}
[20.075294] (mppi) StdoutLine: {'line': b'-- Up-to-date: /home/vdcl/Desktop/larr_project/umv_control/install/mppi/share/mppi/environment/path.dsv\n'}
[20.075422] (mppi) StdoutLine: {'line': b'-- Up-to-date: /home/vdcl/Desktop/larr_project/umv_control/install/mppi/share/mppi/local_setup.bash\n'}
[20.075527] (mppi) StdoutLine: {'line': b'-- Up-to-date: /home/vdcl/Desktop/larr_project/umv_control/install/mppi/share/mppi/local_setup.sh\n'}
[20.075616] (mppi) StdoutLine: {'line': b'-- Up-to-date: /home/vdcl/Desktop/larr_project/umv_control/install/mppi/share/mppi/local_setup.zsh\n'}
[20.075704] (mppi) StdoutLine: {'line': b'-- Up-to-date: /home/vdcl/Desktop/larr_project/umv_control/install/mppi/share/mppi/local_setup.dsv\n'}
[20.075792] (mppi) StdoutLine: {'line': b'-- Installing: /home/vdcl/Desktop/larr_project/umv_control/install/mppi/share/mppi/package.dsv\n'}
[20.075881] (mppi) StdoutLine: {'line': b'-- Up-to-date: /home/vdcl/Desktop/larr_project/umv_control/install/mppi/share/ament_index/resource_index/packages/mppi\n'}
[20.075969] (mppi) StdoutLine: {'line': b'-- Up-to-date: /home/vdcl/Desktop/larr_project/umv_control/install/mppi/share/mppi/cmake/mppiConfig.cmake\n'}
[20.076057] (mppi) StdoutLine: {'line': b'-- Up-to-date: /home/vdcl/Desktop/larr_project/umv_control/install/mppi/share/mppi/cmake/mppiConfig-version.cmake\n'}
[20.076154] (mppi) StdoutLine: {'line': b'-- Up-to-date: /home/vdcl/Desktop/larr_project/umv_control/install/mppi/share/mppi/package.xml\n'}
[20.077140] (mppi) CommandEnded: {'returncode': 0}
[20.124964] (mppi) JobEnded: {'identifier': 'mppi', 'rc': 0}
[20.125760] (-) EventReactorShutdown: {}
