[0.000000] (-) TimerEvent: {}
[0.000813] (motion_planner) JobQueued: {'identifier': 'motion_planner', 'dependencies': OrderedDict()}
[0.001145] (umv_msgs) JobQueued: {'identifier': 'umv_msgs', 'dependencies': OrderedDict()}
[0.001171] (utils) JobQueued: {'identifier': 'utils', 'dependencies': OrderedDict()}
[0.001189] (global_path) JobQueued: {'identifier': 'global_path', 'dependencies': OrderedDict([('umv_msgs', '/home/vdcl/Desktop/larr_project/umv_control/install/umv_msgs')])}
[0.001209] (host_vehicle_filter) JobQueued: {'identifier': 'host_vehicle_filter', 'dependencies': OrderedDict([('umv_msgs', '/home/vdcl/Desktop/larr_project/umv_control/install/umv_msgs')])}
[0.001228] (lower_controller) JobQueued: {'identifier': 'lower_controller', 'dependencies': OrderedDict([('umv_msgs', '/home/vdcl/Desktop/larr_project/umv_control/install/umv_msgs')])}
[0.001246] (mppi) JobQueued: {'identifier': 'mppi', 'dependencies': OrderedDict([('umv_msgs', '/home/vdcl/Desktop/larr_project/umv_control/install/umv_msgs')])}
[0.001265] (umv_msgs) JobStarted: {'identifier': 'umv_msgs'}
[0.014220] (motion_planner) JobStarted: {'identifier': 'motion_planner'}
[0.027674] (utils) JobStarted: {'identifier': 'utils'}
[0.042902] (umv_msgs) JobProgress: {'identifier': 'umv_msgs', 'progress': 'cmake'}
[0.044742] (umv_msgs) JobProgress: {'identifier': 'umv_msgs', 'progress': 'build'}
[0.046331] (umv_msgs) Command: {'cmd': ['/usr/bin/cmake', '--build', '/home/vdcl/Desktop/larr_project/umv_control/build/umv_msgs', '--', '-j8', '-l8'], 'cwd': '/home/vdcl/Desktop/larr_project/umv_control/build/umv_msgs', 'env': OrderedDict([('LESSOPEN', '| /usr/bin/lesspipe %s'), ('LANGUAGE', 'ko:en'), ('USER', 'vdcl'), ('LC_TIME', 'ko_KR.UTF-8'), ('XDG_SESSION_TYPE', 'x11'), ('SHLVL', '1'), ('LD_LIBRARY_PATH', '/usr/local/cuda-12.2/lib64:/usr/local/cuda-12.2/lib64:/home/vdcl/Desktop/larr_project/umv_control/install/umv_msgs/lib:/home/vdcl/Desktop/larr_project/AirSim/ros2/install/airsim_ros_pkgs/lib:/home/vdcl/Desktop/larr_project/AirSim/ros2/install/airsim_interfaces/lib:/opt/ros/humble/opt/rviz_ogre_vendor/lib:/opt/ros/humble/lib/x86_64-linux-gnu:/opt/ros/humble/lib'), ('HOME', '/home/vdcl'), ('OLDPWD', '/home/vdcl/Desktop/larr_project/umv_control/src'), ('DESKTOP_SESSION', 'ubuntu'), ('ROS_PYTHON_VERSION', '3'), ('GNOME_SHELL_SESSION_MODE', 'ubuntu'), ('GTK_MODULES', 'gail:atk-bridge'), ('LC_MONETARY', 'ko_KR.UTF-8'), ('SYSTEMD_EXEC_PID', '1361'), ('DBUS_SESSION_BUS_ADDRESS', 'unix:path=/run/user/1000/bus'), ('COLORTERM', 'truecolor'), ('COLCON_PREFIX_PATH', '/home/vdcl/Desktop/larr_project/AirSim/ros2/install:/home/vdcl/Desktop/larr_project/umv_control/install'), ('ROS_DISTRO', 'humble'), ('GTK_IM_MODULE', 'ibus'), ('LOGNAME', 'vdcl'), ('_', '/usr/bin/colcon'), ('ROS_VERSION', '2'), ('XDG_SESSION_CLASS', 'user'), ('USERNAME', 'vdcl'), ('TERM', 'xterm-256color'), ('GNOME_DESKTOP_SESSION_ID', 'this-is-deprecated'), ('ROS_LOCALHOST_ONLY', '0'), ('WINDOWPATH', '2'), ('PATH', '/usr/local/cuda-12.2/bin:/usr/local/cuda-12.2/bin:/opt/ros/humble/bin:/home/vdcl/.local/bin:/usr/local/sbin:/usr/local/bin:/usr/sbin:/usr/bin:/sbin:/bin:/usr/games:/usr/local/games:/snap/bin:/snap/bin:/opt/ros/humble/include:/opt/ros/humble/include'), ('SESSION_MANAGER', 'local/vdcl-desktop:@/tmp/.ICE-unix/1333,unix/vdcl-desktop:/tmp/.ICE-unix/1333'), ('PAPERSIZE', 'a4'), ('XDG_MENU_PREFIX', 'gnome-'), ('LC_ADDRESS', 'ko_KR.UTF-8'), ('GNOME_TERMINAL_SCREEN', '/org/gnome/Terminal/screen/244b1995_d174_49d6_9f76_ef76ebb72537'), ('XDG_RUNTIME_DIR', '/run/user/1000'), ('DISPLAY', ':0'), ('LANG', 'ko_KR.UTF-8'), ('XDG_CURRENT_DESKTOP', 'ubuntu:GNOME'), ('LC_TELEPHONE', 'ko_KR.UTF-8'), ('XMODIFIERS', '@im=ibus'), ('XDG_SESSION_DESKTOP', 'ubuntu'), ('XAUTHORITY', '/run/user/1000/gdm/Xauthority'), ('LS_COLORS', 'rs=0:di=01;34:ln=01;36:mh=00:pi=40;33:so=01;35:do=01;35:bd=40;33;01:cd=40;33;01:or=40;31;01:mi=00:su=37;41:sg=30;43:ca=30;41:tw=30;42:ow=34;42:st=37;44:ex=01;32:*.tar=01;31:*.tgz=01;31:*.arc=01;31:*.arj=01;31:*.taz=01;31:*.lha=01;31:*.lz4=01;31:*.lzh=01;31:*.lzma=01;31:*.tlz=01;31:*.txz=01;31:*.tzo=01;31:*.t7z=01;31:*.zip=01;31:*.z=01;31:*.dz=01;31:*.gz=01;31:*.lrz=01;31:*.lz=01;31:*.lzo=01;31:*.xz=01;31:*.zst=01;31:*.tzst=01;31:*.bz2=01;31:*.bz=01;31:*.tbz=01;31:*.tbz2=01;31:*.tz=01;31:*.deb=01;31:*.rpm=01;31:*.jar=01;31:*.war=01;31:*.ear=01;31:*.sar=01;31:*.rar=01;31:*.alz=01;31:*.ace=01;31:*.zoo=01;31:*.cpio=01;31:*.7z=01;31:*.rz=01;31:*.cab=01;31:*.wim=01;31:*.swm=01;31:*.dwm=01;31:*.esd=01;31:*.jpg=01;35:*.jpeg=01;35:*.mjpg=01;35:*.mjpeg=01;35:*.gif=01;35:*.bmp=01;35:*.pbm=01;35:*.pgm=01;35:*.ppm=01;35:*.tga=01;35:*.xbm=01;35:*.xpm=01;35:*.tif=01;35:*.tiff=01;35:*.png=01;35:*.svg=01;35:*.svgz=01;35:*.mng=01;35:*.pcx=01;35:*.mov=01;35:*.mpg=01;35:*.mpeg=01;35:*.m2v=01;35:*.mkv=01;35:*.webm=01;35:*.webp=01;35:*.ogm=01;35:*.mp4=01;35:*.m4v=01;35:*.mp4v=01;35:*.vob=01;35:*.qt=01;35:*.nuv=01;35:*.wmv=01;35:*.asf=01;35:*.rm=01;35:*.rmvb=01;35:*.flc=01;35:*.avi=01;35:*.fli=01;35:*.flv=01;35:*.gl=01;35:*.dl=01;35:*.xcf=01;35:*.xwd=01;35:*.yuv=01;35:*.cgm=01;35:*.emf=01;35:*.ogv=01;35:*.ogx=01;35:*.aac=00;36:*.au=00;36:*.flac=00;36:*.m4a=00;36:*.mid=00;36:*.midi=00;36:*.mka=00;36:*.mp3=00;36:*.mpc=00;36:*.ogg=00;36:*.ra=00;36:*.wav=00;36:*.oga=00;36:*.opus=00;36:*.spx=00;36:*.xspf=00;36:'), ('GNOME_TERMINAL_SERVICE', ':1.4978'), ('SSH_AGENT_LAUNCHER', 'gnome-keyring'), ('SSH_AUTH_SOCK', '/run/user/1000/keyring/ssh'), ('AMENT_PREFIX_PATH', '/home/vdcl/Desktop/larr_project/umv_control/install/utils:/home/vdcl/Desktop/larr_project/umv_control/install/mppi:/home/vdcl/Desktop/larr_project/umv_control/install/lower_controller:/home/vdcl/Desktop/larr_project/umv_control/install/host_vehicle_filter:/home/vdcl/Desktop/larr_project/umv_control/install/global_path:/home/vdcl/Desktop/larr_project/umv_control/install/umv_msgs:/home/vdcl/Desktop/larr_project/umv_control/install/motion_planner:/home/vdcl/Desktop/larr_project/AirSim/ros2/install/airsim_ros_pkgs:/home/vdcl/Desktop/larr_project/AirSim/ros2/install/airsim_interfaces:/opt/ros/humble'), ('SHELL', '/bin/bash'), ('LC_NAME', 'ko_KR.UTF-8'), ('QT_ACCESSIBILITY', '1'), ('GDMSESSION', 'ubuntu'), ('LESSCLOSE', '/usr/bin/lesspipe %s %s'), ('LC_MEASUREMENT', 'ko_KR.UTF-8'), ('GPG_AGENT_INFO', '/run/user/1000/gnupg/S.gpg-agent:0:1'), ('LC_IDENTIFICATION', 'ko_KR.UTF-8'), ('QT_IM_MODULE', 'ibus'), ('PWD', '/home/vdcl/Desktop/larr_project/umv_control/build/umv_msgs'), ('LC_ALL', 'en_US.UTF-8'), ('XDG_CONFIG_DIRS', '/etc/xdg/xdg-ubuntu:/etc/xdg'), ('XDG_DATA_DIRS', '/usr/share/ubuntu:/usr/share/gnome:/usr/local/share/:/usr/share/:/var/lib/snapd/desktop'), ('PYTHONPATH', '/home/vdcl/Desktop/larr_project/umv_control/install/utils/lib/python3.10/site-packages:/home/vdcl/Desktop/larr_project/umv_control/install/lower_controller/lib/python3.10/site-packages:/home/vdcl/Desktop/larr_project/umv_control/install/host_vehicle_filter/lib/python3.10/site-packages:/home/vdcl/Desktop/larr_project/umv_control/install/global_path/lib/python3.10/site-packages:/home/vdcl/Desktop/larr_project/umv_control/install/umv_msgs/local/lib/python3.10/dist-packages:/home/vdcl/Desktop/larr_project/umv_control/install/motion_planner/lib/python3.10/site-packages:/home/vdcl/Desktop/larr_project/AirSim/ros2/install/airsim_interfaces/local/lib/python3.10/dist-packages:/opt/ros/humble/lib/python3.10/site-packages:/opt/ros/humble/local/lib/python3.10/dist-packages'), ('LC_NUMERIC', 'ko_KR.UTF-8'), ('LC_PAPER', 'ko_KR.UTF-8'), ('COLCON', '1'), ('VTE_VERSION', '6800'), ('CMAKE_PREFIX_PATH', '/home/vdcl/Desktop/larr_project/umv_control/install/mppi:/home/vdcl/Desktop/larr_project/umv_control/install/umv_msgs:/home/vdcl/Desktop/larr_project/AirSim/ros2/install/airsim_ros_pkgs:/home/vdcl/Desktop/larr_project/AirSim/ros2/install/airsim_interfaces:/home/vdcl/Desktop/larr_project/umv_control/install/utils:/home/vdcl/Desktop/larr_project/umv_control/install/lower_controller:/home/vdcl/Desktop/larr_project/umv_control/install/host_vehicle_filter:/home/vdcl/Desktop/larr_project/umv_control/install/global_path:/home/vdcl/Desktop/larr_project/umv_control/install/motion_planner:/opt/ros/humble')]), 'shell': False}
[0.099329] (-) TimerEvent: {}
[0.200441] (-) TimerEvent: {}
[0.302373] (-) TimerEvent: {}
[0.403399] (-) TimerEvent: {}
[0.504689] (-) TimerEvent: {}
[0.605779] (-) TimerEvent: {}
[0.709062] (umv_msgs) StdoutLine: {'line': b'\x1b[35m\x1b[1mConsolidate compiler generated dependencies of target umv_msgs__rosidl_generator_c\x1b[0m\n'}
[0.709394] (-) TimerEvent: {}
[0.710440] (umv_msgs) StdoutLine: {'line': b'[  1%] Built target umv_msgs__cpp\n'}
[0.710691] (umv_msgs) StdoutLine: {'line': b'[  1%] Built target ament_cmake_python_copy_umv_msgs\n'}
[0.710867] (umv_msgs) StdoutLine: {'line': b'[ 12%] Built target umv_msgs__rosidl_generator_c\n'}
[0.711043] (umv_msgs) StdoutLine: {'line': b'\x1b[35m\x1b[1mConsolidate compiler generated dependencies of target umv_msgs__rosidl_typesupport_cpp\x1b[0m\n'}
[0.711207] (umv_msgs) StdoutLine: {'line': b'\x1b[35m\x1b[1mConsolidate compiler generated dependencies of target umv_msgs__rosidl_typesupport_fastrtps_cpp\x1b[0m\n'}
[0.711367] (umv_msgs) StdoutLine: {'line': b'\x1b[35m\x1b[1mConsolidate compiler generated dependencies of target umv_msgs__rosidl_typesupport_introspection_c\x1b[0m\n'}
[0.711825] (umv_msgs) StdoutLine: {'line': b'\x1b[35m\x1b[1mConsolidate compiler generated dependencies of target umv_msgs__rosidl_typesupport_c\x1b[0m\n'}
[0.712012] (umv_msgs) StdoutLine: {'line': b'\x1b[35m\x1b[1mConsolidate compiler generated dependencies of target umv_msgs__rosidl_typesupport_fastrtps_c\x1b[0m\n'}
[0.712175] (umv_msgs) StdoutLine: {'line': b'\x1b[35m\x1b[1mConsolidate compiler generated dependencies of target umv_msgs__rosidl_typesupport_introspection_cpp\x1b[0m\n'}
[0.712336] (umv_msgs) StdoutLine: {'line': b'[ 23%] Built target umv_msgs__rosidl_typesupport_introspection_c\n'}
[0.712513] (umv_msgs) StdoutLine: {'line': b'[ 34%] Built target umv_msgs__rosidl_typesupport_fastrtps_c\n'}
[0.712678] (umv_msgs) StdoutLine: {'line': b'[ 46%] Built target umv_msgs__rosidl_typesupport_c\n'}
[0.712832] (umv_msgs) StdoutLine: {'line': b'[ 68%] Built target umv_msgs__rosidl_typesupport_fastrtps_cpp\n'}
[0.712971] (umv_msgs) StdoutLine: {'line': b'[ 68%] Built target umv_msgs__rosidl_typesupport_cpp\n'}
[0.713134] (umv_msgs) StdoutLine: {'line': b'[ 79%] Built target umv_msgs__rosidl_typesupport_introspection_cpp\n'}
[0.713294] (umv_msgs) StdoutLine: {'line': b'[ 79%] Built target umv_msgs\n'}
[0.713806] (umv_msgs) StdoutLine: {'line': b'[ 80%] Built target umv_msgs__py\n'}
[0.717834] (umv_msgs) StdoutLine: {'line': b'\x1b[35m\x1b[1mConsolidate compiler generated dependencies of target umv_msgs__rosidl_generator_py\x1b[0m\n'}
[0.718182] (umv_msgs) StdoutLine: {'line': b'[ 90%] Built target umv_msgs__rosidl_generator_py\n'}
[0.719047] (umv_msgs) StdoutLine: {'line': b'\x1b[35m\x1b[1mConsolidate compiler generated dependencies of target umv_msgs__rosidl_typesupport_fastrtps_c__pyext\x1b[0m\n'}
[0.719270] (umv_msgs) StdoutLine: {'line': b'\x1b[35m\x1b[1mConsolidate compiler generated dependencies of target umv_msgs__rosidl_typesupport_introspection_c__pyext\x1b[0m\n'}
[0.719466] (umv_msgs) StdoutLine: {'line': b'\x1b[35m\x1b[1mConsolidate compiler generated dependencies of target umv_msgs__rosidl_typesupport_c__pyext\x1b[0m\n'}
[0.719648] (umv_msgs) StdoutLine: {'line': b'[ 93%] Built target umv_msgs__rosidl_typesupport_introspection_c__pyext\n'}
[0.719815] (umv_msgs) StdoutLine: {'line': b'[ 96%] Built target umv_msgs__rosidl_typesupport_c__pyext\n'}
[0.719979] (umv_msgs) StdoutLine: {'line': b'[100%] Built target umv_msgs__rosidl_typesupport_fastrtps_c__pyext\n'}
[0.813269] (-) TimerEvent: {}
[0.883126] (umv_msgs) StdoutLine: {'line': b'running egg_info\n'}
[0.883384] (umv_msgs) StdoutLine: {'line': b'writing umv_msgs.egg-info/PKG-INFO\n'}
[0.883585] (umv_msgs) StdoutLine: {'line': b'writing dependency_links to umv_msgs.egg-info/dependency_links.txt\n'}
[0.883753] (umv_msgs) StdoutLine: {'line': b'writing top-level names to umv_msgs.egg-info/top_level.txt\n'}
[0.884324] (umv_msgs) StdoutLine: {'line': b"reading manifest file 'umv_msgs.egg-info/SOURCES.txt'\n"}
[0.885351] (umv_msgs) StdoutLine: {'line': b"writing manifest file 'umv_msgs.egg-info/SOURCES.txt'\n"}
[0.913274] (-) TimerEvent: {}
[0.934749] (umv_msgs) StdoutLine: {'line': b'[100%] Built target ament_cmake_python_build_umv_msgs_egg\n'}
[1.013382] (-) TimerEvent: {}
[1.113865] (-) TimerEvent: {}
[1.215293] (-) TimerEvent: {}
[1.311664] (umv_msgs) CommandEnded: {'returncode': 0}
[1.317465] (-) TimerEvent: {}
[1.417778] (-) TimerEvent: {}
[1.518360] (-) TimerEvent: {}
[1.619058] (-) TimerEvent: {}
[1.700056] (umv_msgs) JobProgress: {'identifier': 'umv_msgs', 'progress': 'install'}
[1.718177] (umv_msgs) Command: {'cmd': ['/usr/bin/cmake', '--install', '/home/vdcl/Desktop/larr_project/umv_control/build/umv_msgs'], 'cwd': '/home/vdcl/Desktop/larr_project/umv_control/build/umv_msgs', 'env': OrderedDict([('LESSOPEN', '| /usr/bin/lesspipe %s'), ('LANGUAGE', 'ko:en'), ('USER', 'vdcl'), ('LC_TIME', 'ko_KR.UTF-8'), ('XDG_SESSION_TYPE', 'x11'), ('SHLVL', '1'), ('LD_LIBRARY_PATH', '/usr/local/cuda-12.2/lib64:/usr/local/cuda-12.2/lib64:/home/vdcl/Desktop/larr_project/umv_control/install/umv_msgs/lib:/home/vdcl/Desktop/larr_project/AirSim/ros2/install/airsim_ros_pkgs/lib:/home/vdcl/Desktop/larr_project/AirSim/ros2/install/airsim_interfaces/lib:/opt/ros/humble/opt/rviz_ogre_vendor/lib:/opt/ros/humble/lib/x86_64-linux-gnu:/opt/ros/humble/lib'), ('HOME', '/home/vdcl'), ('OLDPWD', '/home/vdcl/Desktop/larr_project/umv_control/src'), ('DESKTOP_SESSION', 'ubuntu'), ('ROS_PYTHON_VERSION', '3'), ('GNOME_SHELL_SESSION_MODE', 'ubuntu'), ('GTK_MODULES', 'gail:atk-bridge'), ('LC_MONETARY', 'ko_KR.UTF-8'), ('SYSTEMD_EXEC_PID', '1361'), ('DBUS_SESSION_BUS_ADDRESS', 'unix:path=/run/user/1000/bus'), ('COLORTERM', 'truecolor'), ('COLCON_PREFIX_PATH', '/home/vdcl/Desktop/larr_project/AirSim/ros2/install:/home/vdcl/Desktop/larr_project/umv_control/install'), ('ROS_DISTRO', 'humble'), ('GTK_IM_MODULE', 'ibus'), ('LOGNAME', 'vdcl'), ('_', '/usr/bin/colcon'), ('ROS_VERSION', '2'), ('XDG_SESSION_CLASS', 'user'), ('USERNAME', 'vdcl'), ('TERM', 'xterm-256color'), ('GNOME_DESKTOP_SESSION_ID', 'this-is-deprecated'), ('ROS_LOCALHOST_ONLY', '0'), ('WINDOWPATH', '2'), ('PATH', '/usr/local/cuda-12.2/bin:/usr/local/cuda-12.2/bin:/opt/ros/humble/bin:/home/vdcl/.local/bin:/usr/local/sbin:/usr/local/bin:/usr/sbin:/usr/bin:/sbin:/bin:/usr/games:/usr/local/games:/snap/bin:/snap/bin:/opt/ros/humble/include:/opt/ros/humble/include'), ('SESSION_MANAGER', 'local/vdcl-desktop:@/tmp/.ICE-unix/1333,unix/vdcl-desktop:/tmp/.ICE-unix/1333'), ('PAPERSIZE', 'a4'), ('XDG_MENU_PREFIX', 'gnome-'), ('LC_ADDRESS', 'ko_KR.UTF-8'), ('GNOME_TERMINAL_SCREEN', '/org/gnome/Terminal/screen/244b1995_d174_49d6_9f76_ef76ebb72537'), ('XDG_RUNTIME_DIR', '/run/user/1000'), ('DISPLAY', ':0'), ('LANG', 'ko_KR.UTF-8'), ('XDG_CURRENT_DESKTOP', 'ubuntu:GNOME'), ('LC_TELEPHONE', 'ko_KR.UTF-8'), ('XMODIFIERS', '@im=ibus'), ('XDG_SESSION_DESKTOP', 'ubuntu'), ('XAUTHORITY', '/run/user/1000/gdm/Xauthority'), ('LS_COLORS', 'rs=0:di=01;34:ln=01;36:mh=00:pi=40;33:so=01;35:do=01;35:bd=40;33;01:cd=40;33;01:or=40;31;01:mi=00:su=37;41:sg=30;43:ca=30;41:tw=30;42:ow=34;42:st=37;44:ex=01;32:*.tar=01;31:*.tgz=01;31:*.arc=01;31:*.arj=01;31:*.taz=01;31:*.lha=01;31:*.lz4=01;31:*.lzh=01;31:*.lzma=01;31:*.tlz=01;31:*.txz=01;31:*.tzo=01;31:*.t7z=01;31:*.zip=01;31:*.z=01;31:*.dz=01;31:*.gz=01;31:*.lrz=01;31:*.lz=01;31:*.lzo=01;31:*.xz=01;31:*.zst=01;31:*.tzst=01;31:*.bz2=01;31:*.bz=01;31:*.tbz=01;31:*.tbz2=01;31:*.tz=01;31:*.deb=01;31:*.rpm=01;31:*.jar=01;31:*.war=01;31:*.ear=01;31:*.sar=01;31:*.rar=01;31:*.alz=01;31:*.ace=01;31:*.zoo=01;31:*.cpio=01;31:*.7z=01;31:*.rz=01;31:*.cab=01;31:*.wim=01;31:*.swm=01;31:*.dwm=01;31:*.esd=01;31:*.jpg=01;35:*.jpeg=01;35:*.mjpg=01;35:*.mjpeg=01;35:*.gif=01;35:*.bmp=01;35:*.pbm=01;35:*.pgm=01;35:*.ppm=01;35:*.tga=01;35:*.xbm=01;35:*.xpm=01;35:*.tif=01;35:*.tiff=01;35:*.png=01;35:*.svg=01;35:*.svgz=01;35:*.mng=01;35:*.pcx=01;35:*.mov=01;35:*.mpg=01;35:*.mpeg=01;35:*.m2v=01;35:*.mkv=01;35:*.webm=01;35:*.webp=01;35:*.ogm=01;35:*.mp4=01;35:*.m4v=01;35:*.mp4v=01;35:*.vob=01;35:*.qt=01;35:*.nuv=01;35:*.wmv=01;35:*.asf=01;35:*.rm=01;35:*.rmvb=01;35:*.flc=01;35:*.avi=01;35:*.fli=01;35:*.flv=01;35:*.gl=01;35:*.dl=01;35:*.xcf=01;35:*.xwd=01;35:*.yuv=01;35:*.cgm=01;35:*.emf=01;35:*.ogv=01;35:*.ogx=01;35:*.aac=00;36:*.au=00;36:*.flac=00;36:*.m4a=00;36:*.mid=00;36:*.midi=00;36:*.mka=00;36:*.mp3=00;36:*.mpc=00;36:*.ogg=00;36:*.ra=00;36:*.wav=00;36:*.oga=00;36:*.opus=00;36:*.spx=00;36:*.xspf=00;36:'), ('GNOME_TERMINAL_SERVICE', ':1.4978'), ('SSH_AGENT_LAUNCHER', 'gnome-keyring'), ('SSH_AUTH_SOCK', '/run/user/1000/keyring/ssh'), ('AMENT_PREFIX_PATH', '/home/vdcl/Desktop/larr_project/umv_control/install/utils:/home/vdcl/Desktop/larr_project/umv_control/install/mppi:/home/vdcl/Desktop/larr_project/umv_control/install/lower_controller:/home/vdcl/Desktop/larr_project/umv_control/install/host_vehicle_filter:/home/vdcl/Desktop/larr_project/umv_control/install/global_path:/home/vdcl/Desktop/larr_project/umv_control/install/umv_msgs:/home/vdcl/Desktop/larr_project/umv_control/install/motion_planner:/home/vdcl/Desktop/larr_project/AirSim/ros2/install/airsim_ros_pkgs:/home/vdcl/Desktop/larr_project/AirSim/ros2/install/airsim_interfaces:/opt/ros/humble'), ('SHELL', '/bin/bash'), ('LC_NAME', 'ko_KR.UTF-8'), ('QT_ACCESSIBILITY', '1'), ('GDMSESSION', 'ubuntu'), ('LESSCLOSE', '/usr/bin/lesspipe %s %s'), ('LC_MEASUREMENT', 'ko_KR.UTF-8'), ('GPG_AGENT_INFO', '/run/user/1000/gnupg/S.gpg-agent:0:1'), ('LC_IDENTIFICATION', 'ko_KR.UTF-8'), ('QT_IM_MODULE', 'ibus'), ('PWD', '/home/vdcl/Desktop/larr_project/umv_control/build/umv_msgs'), ('LC_ALL', 'en_US.UTF-8'), ('XDG_CONFIG_DIRS', '/etc/xdg/xdg-ubuntu:/etc/xdg'), ('XDG_DATA_DIRS', '/usr/share/ubuntu:/usr/share/gnome:/usr/local/share/:/usr/share/:/var/lib/snapd/desktop'), ('PYTHONPATH', '/home/vdcl/Desktop/larr_project/umv_control/install/utils/lib/python3.10/site-packages:/home/vdcl/Desktop/larr_project/umv_control/install/lower_controller/lib/python3.10/site-packages:/home/vdcl/Desktop/larr_project/umv_control/install/host_vehicle_filter/lib/python3.10/site-packages:/home/vdcl/Desktop/larr_project/umv_control/install/global_path/lib/python3.10/site-packages:/home/vdcl/Desktop/larr_project/umv_control/install/umv_msgs/local/lib/python3.10/dist-packages:/home/vdcl/Desktop/larr_project/umv_control/install/motion_planner/lib/python3.10/site-packages:/home/vdcl/Desktop/larr_project/AirSim/ros2/install/airsim_interfaces/local/lib/python3.10/dist-packages:/opt/ros/humble/lib/python3.10/site-packages:/opt/ros/humble/local/lib/python3.10/dist-packages'), ('LC_NUMERIC', 'ko_KR.UTF-8'), ('LC_PAPER', 'ko_KR.UTF-8'), ('COLCON', '1'), ('VTE_VERSION', '6800'), ('CMAKE_PREFIX_PATH', '/home/vdcl/Desktop/larr_project/umv_control/install/mppi:/home/vdcl/Desktop/larr_project/umv_control/install/umv_msgs:/home/vdcl/Desktop/larr_project/AirSim/ros2/install/airsim_ros_pkgs:/home/vdcl/Desktop/larr_project/AirSim/ros2/install/airsim_interfaces:/home/vdcl/Desktop/larr_project/umv_control/install/utils:/home/vdcl/Desktop/larr_project/umv_control/install/lower_controller:/home/vdcl/Desktop/larr_project/umv_control/install/host_vehicle_filter:/home/vdcl/Desktop/larr_project/umv_control/install/global_path:/home/vdcl/Desktop/larr_project/umv_control/install/motion_planner:/opt/ros/humble')]), 'shell': False}
[1.719160] (-) TimerEvent: {}
[1.734266] (umv_msgs) StdoutLine: {'line': b'-- Install configuration: ""\n'}
[1.734596] (umv_msgs) StdoutLine: {'line': b'-- Up-to-date: /home/vdcl/Desktop/larr_project/umv_control/install/umv_msgs/share/ament_index/resource_index/rosidl_interfaces/umv_msgs\n'}
[1.734718] (umv_msgs) StdoutLine: {'line': b'-- Up-to-date: /home/vdcl/Desktop/larr_project/umv_control/install/umv_msgs/include/umv_msgs/umv_msgs\n'}
[1.734823] (umv_msgs) StdoutLine: {'line': b'-- Up-to-date: /home/vdcl/Desktop/larr_project/umv_control/install/umv_msgs/include/umv_msgs/umv_msgs/msg\n'}
[1.734925] (umv_msgs) StdoutLine: {'line': b'-- Up-to-date: /home/vdcl/Desktop/larr_project/umv_control/install/umv_msgs/include/umv_msgs/umv_msgs/msg/rosidl_generator_c__visibility_control.h\n'}
[1.735024] (umv_msgs) StdoutLine: {'line': b'-- Up-to-date: /home/vdcl/Desktop/larr_project/umv_control/install/umv_msgs/include/umv_msgs/umv_msgs/msg/global_path.h\n'}
[1.735292] (umv_msgs) StdoutLine: {'line': b'-- Up-to-date: /home/vdcl/Desktop/larr_project/umv_control/install/umv_msgs/include/umv_msgs/umv_msgs/msg/acu_cmd.h\n'}
[1.735563] (umv_msgs) StdoutLine: {'line': b'-- Up-to-date: /home/vdcl/Desktop/larr_project/umv_control/install/umv_msgs/include/umv_msgs/umv_msgs/msg/host_vehicle_filter.h\n'}
[1.735678] (umv_msgs) StdoutLine: {'line': b'-- Up-to-date: /home/vdcl/Desktop/larr_project/umv_control/install/umv_msgs/include/umv_msgs/umv_msgs/msg/obstacles.h\n'}
[1.735796] (umv_msgs) StdoutLine: {'line': b'-- Up-to-date: /home/vdcl/Desktop/larr_project/umv_control/install/umv_msgs/include/umv_msgs/umv_msgs/msg/local_ref_path.h\n'}
[1.735907] (umv_msgs) StdoutLine: {'line': b'-- Up-to-date: /home/vdcl/Desktop/larr_project/umv_control/install/umv_msgs/include/umv_msgs/umv_msgs/msg/detail\n'}
[1.735994] (umv_msgs) StdoutLine: {'line': b'-- Up-to-date: /home/vdcl/Desktop/larr_project/umv_control/install/umv_msgs/include/umv_msgs/umv_msgs/msg/detail/global_path__struct.h\n'}
[1.736075] (umv_msgs) StdoutLine: {'line': b'-- Up-to-date: /home/vdcl/Desktop/larr_project/umv_control/install/umv_msgs/include/umv_msgs/umv_msgs/msg/detail/acu_cmd__functions.c\n'}
[1.736154] (umv_msgs) StdoutLine: {'line': b'-- Up-to-date: /home/vdcl/Desktop/larr_project/umv_control/install/umv_msgs/include/umv_msgs/umv_msgs/msg/detail/obstacles__functions.c\n'}
[1.736256] (umv_msgs) StdoutLine: {'line': b'-- Up-to-date: /home/vdcl/Desktop/larr_project/umv_control/install/umv_msgs/include/umv_msgs/umv_msgs/msg/detail/local_ref_path__type_support.h\n'}
[1.736393] (umv_msgs) StdoutLine: {'line': b'-- Up-to-date: /home/vdcl/Desktop/larr_project/umv_control/install/umv_msgs/include/umv_msgs/umv_msgs/msg/detail/host_vehicle_filter__type_support.h\n'}
[1.736530] (umv_msgs) StdoutLine: {'line': b'-- Up-to-date: /home/vdcl/Desktop/larr_project/umv_control/install/umv_msgs/include/umv_msgs/umv_msgs/msg/detail/host_vehicle_filter__struct.h\n'}
[1.736640] (umv_msgs) StdoutLine: {'line': b'-- Up-to-date: /home/vdcl/Desktop/larr_project/umv_control/install/umv_msgs/include/umv_msgs/umv_msgs/msg/detail/local_ref_path__functions.c\n'}
[1.736721] (umv_msgs) StdoutLine: {'line': b'-- Up-to-date: /home/vdcl/Desktop/larr_project/umv_control/install/umv_msgs/include/umv_msgs/umv_msgs/msg/detail/acu_cmd__struct.h\n'}
[1.736799] (umv_msgs) StdoutLine: {'line': b'-- Up-to-date: /home/vdcl/Desktop/larr_project/umv_control/install/umv_msgs/include/umv_msgs/umv_msgs/msg/detail/acu_cmd__functions.h\n'}
[1.736878] (umv_msgs) StdoutLine: {'line': b'-- Up-to-date: /home/vdcl/Desktop/larr_project/umv_control/install/umv_msgs/include/umv_msgs/umv_msgs/msg/detail/host_vehicle_filter__functions.c\n'}
[1.736993] (umv_msgs) StdoutLine: {'line': b'-- Up-to-date: /home/vdcl/Desktop/larr_project/umv_control/install/umv_msgs/include/umv_msgs/umv_msgs/msg/detail/acu_cmd__type_support.h\n'}
[1.737085] (umv_msgs) StdoutLine: {'line': b'-- Up-to-date: /home/vdcl/Desktop/larr_project/umv_control/install/umv_msgs/include/umv_msgs/umv_msgs/msg/detail/host_vehicle_filter__functions.h\n'}
[1.737177] (umv_msgs) StdoutLine: {'line': b'-- Up-to-date: /home/vdcl/Desktop/larr_project/umv_control/install/umv_msgs/include/umv_msgs/umv_msgs/msg/detail/global_path__functions.c\n'}
[1.737270] (umv_msgs) StdoutLine: {'line': b'-- Up-to-date: /home/vdcl/Desktop/larr_project/umv_control/install/umv_msgs/include/umv_msgs/umv_msgs/msg/detail/obstacles__struct.h\n'}
[1.738710] (umv_msgs) StdoutLine: {'line': b'-- Up-to-date: /home/vdcl/Desktop/larr_project/umv_control/install/umv_msgs/include/umv_msgs/umv_msgs/msg/detail/local_ref_path__struct.h\n'}
[1.739473] (umv_msgs) StdoutLine: {'line': b'-- Up-to-date: /home/vdcl/Desktop/larr_project/umv_control/install/umv_msgs/include/umv_msgs/umv_msgs/msg/detail/obstacles__functions.h\n'}
[1.746110] (umv_msgs) StdoutLine: {'line': b'-- Up-to-date: /home/vdcl/Desktop/larr_project/umv_control/install/umv_msgs/include/umv_msgs/umv_msgs/msg/detail/global_path__type_support.h\n'}
[1.746310] (umv_msgs) StdoutLine: {'line': b'-- Up-to-date: /home/vdcl/Desktop/larr_project/umv_control/install/umv_msgs/include/umv_msgs/umv_msgs/msg/detail/obstacles__type_support.h\n'}
[1.746455] (umv_msgs) StdoutLine: {'line': b'-- Up-to-date: /home/vdcl/Desktop/larr_project/umv_control/install/umv_msgs/include/umv_msgs/umv_msgs/msg/detail/local_ref_path__functions.h\n'}
[1.746634] (umv_msgs) StdoutLine: {'line': b'-- Up-to-date: /home/vdcl/Desktop/larr_project/umv_control/install/umv_msgs/include/umv_msgs/umv_msgs/msg/detail/global_path__functions.h\n'}
[1.746790] (umv_msgs) StdoutLine: {'line': b'-- Up-to-date: /home/vdcl/Desktop/larr_project/umv_control/install/umv_msgs/share/umv_msgs/environment/library_path.sh\n'}
[1.746943] (umv_msgs) StdoutLine: {'line': b'-- Up-to-date: /home/vdcl/Desktop/larr_project/umv_control/install/umv_msgs/share/umv_msgs/environment/library_path.dsv\n'}
[1.747090] (umv_msgs) StdoutLine: {'line': b'-- Up-to-date: /home/vdcl/Desktop/larr_project/umv_control/install/umv_msgs/lib/libumv_msgs__rosidl_generator_c.so\n'}
[1.747245] (umv_msgs) StdoutLine: {'line': b'-- Up-to-date: /home/vdcl/Desktop/larr_project/umv_control/install/umv_msgs/include/umv_msgs/umv_msgs\n'}
[1.747393] (umv_msgs) StdoutLine: {'line': b'-- Up-to-date: /home/vdcl/Desktop/larr_project/umv_control/install/umv_msgs/include/umv_msgs/umv_msgs/msg\n'}
[1.747559] (umv_msgs) StdoutLine: {'line': b'-- Up-to-date: /home/vdcl/Desktop/larr_project/umv_control/install/umv_msgs/include/umv_msgs/umv_msgs/msg/rosidl_typesupport_fastrtps_c__visibility_control.h\n'}
[1.747714] (umv_msgs) StdoutLine: {'line': b'-- Up-to-date: /home/vdcl/Desktop/larr_project/umv_control/install/umv_msgs/include/umv_msgs/umv_msgs/msg/detail\n'}
[1.747862] (umv_msgs) StdoutLine: {'line': b'-- Up-to-date: /home/vdcl/Desktop/larr_project/umv_control/install/umv_msgs/include/umv_msgs/umv_msgs/msg/detail/global_path__rosidl_typesupport_fastrtps_c.h\n'}
[1.748013] (umv_msgs) StdoutLine: {'line': b'-- Up-to-date: /home/vdcl/Desktop/larr_project/umv_control/install/umv_msgs/include/umv_msgs/umv_msgs/msg/detail/local_ref_path__rosidl_typesupport_fastrtps_c.h\n'}
[1.748164] (umv_msgs) StdoutLine: {'line': b'-- Up-to-date: /home/vdcl/Desktop/larr_project/umv_control/install/umv_msgs/include/umv_msgs/umv_msgs/msg/detail/obstacles__rosidl_typesupport_fastrtps_c.h\n'}
[1.748313] (umv_msgs) StdoutLine: {'line': b'-- Up-to-date: /home/vdcl/Desktop/larr_project/umv_control/install/umv_msgs/include/umv_msgs/umv_msgs/msg/detail/host_vehicle_filter__rosidl_typesupport_fastrtps_c.h\n'}
[1.756828] (umv_msgs) StdoutLine: {'line': b'-- Up-to-date: /home/vdcl/Desktop/larr_project/umv_control/install/umv_msgs/include/umv_msgs/umv_msgs/msg/detail/acu_cmd__rosidl_typesupport_fastrtps_c.h\n'}
[1.756966] (umv_msgs) StdoutLine: {'line': b'-- Up-to-date: /home/vdcl/Desktop/larr_project/umv_control/install/umv_msgs/lib/libumv_msgs__rosidl_typesupport_fastrtps_c.so\n'}
[1.757070] (umv_msgs) StdoutLine: {'line': b'-- Up-to-date: /home/vdcl/Desktop/larr_project/umv_control/install/umv_msgs/include/umv_msgs/umv_msgs\n'}
[1.757172] (umv_msgs) StdoutLine: {'line': b'-- Up-to-date: /home/vdcl/Desktop/larr_project/umv_control/install/umv_msgs/include/umv_msgs/umv_msgs/msg\n'}
[1.757292] (umv_msgs) StdoutLine: {'line': b'-- Up-to-date: /home/vdcl/Desktop/larr_project/umv_control/install/umv_msgs/include/umv_msgs/umv_msgs/msg/rosidl_typesupport_introspection_c__visibility_control.h\n'}
[1.757391] (umv_msgs) StdoutLine: {'line': b'-- Up-to-date: /home/vdcl/Desktop/larr_project/umv_control/install/umv_msgs/include/umv_msgs/umv_msgs/msg/detail\n'}
[1.757504] (umv_msgs) StdoutLine: {'line': b'-- Up-to-date: /home/vdcl/Desktop/larr_project/umv_control/install/umv_msgs/include/umv_msgs/umv_msgs/msg/detail/global_path__type_support.c\n'}
[1.757618] (umv_msgs) StdoutLine: {'line': b'-- Up-to-date: /home/vdcl/Desktop/larr_project/umv_control/install/umv_msgs/include/umv_msgs/umv_msgs/msg/detail/acu_cmd__type_support.c\n'}
[1.762704] (umv_msgs) StdoutLine: {'line': b'-- Up-to-date: /home/vdcl/Desktop/larr_project/umv_control/install/umv_msgs/include/umv_msgs/umv_msgs/msg/detail/host_vehicle_filter__rosidl_typesupport_introspection_c.h\n'}
[1.762918] (umv_msgs) StdoutLine: {'line': b'-- Up-to-date: /home/vdcl/Desktop/larr_project/umv_control/install/umv_msgs/include/umv_msgs/umv_msgs/msg/detail/local_ref_path__type_support.c\n'}
[1.763077] (umv_msgs) StdoutLine: {'line': b'-- Up-to-date: /home/vdcl/Desktop/larr_project/umv_control/install/umv_msgs/include/umv_msgs/umv_msgs/msg/detail/obstacles__type_support.c\n'}
[1.763231] (umv_msgs) StdoutLine: {'line': b'-- Up-to-date: /home/vdcl/Desktop/larr_project/umv_control/install/umv_msgs/include/umv_msgs/umv_msgs/msg/detail/local_ref_path__rosidl_typesupport_introspection_c.h\n'}
[1.763382] (umv_msgs) StdoutLine: {'line': b'-- Up-to-date: /home/vdcl/Desktop/larr_project/umv_control/install/umv_msgs/include/umv_msgs/umv_msgs/msg/detail/global_path__rosidl_typesupport_introspection_c.h\n'}
[1.763552] (umv_msgs) StdoutLine: {'line': b'-- Up-to-date: /home/vdcl/Desktop/larr_project/umv_control/install/umv_msgs/include/umv_msgs/umv_msgs/msg/detail/acu_cmd__rosidl_typesupport_introspection_c.h\n'}
[1.763721] (umv_msgs) StdoutLine: {'line': b'-- Up-to-date: /home/vdcl/Desktop/larr_project/umv_control/install/umv_msgs/include/umv_msgs/umv_msgs/msg/detail/obstacles__rosidl_typesupport_introspection_c.h\n'}
[1.763871] (umv_msgs) StdoutLine: {'line': b'-- Up-to-date: /home/vdcl/Desktop/larr_project/umv_control/install/umv_msgs/include/umv_msgs/umv_msgs/msg/detail/host_vehicle_filter__type_support.c\n'}
[1.764021] (umv_msgs) StdoutLine: {'line': b'-- Up-to-date: /home/vdcl/Desktop/larr_project/umv_control/install/umv_msgs/lib/libumv_msgs__rosidl_typesupport_introspection_c.so\n'}
[1.764171] (umv_msgs) StdoutLine: {'line': b'-- Up-to-date: /home/vdcl/Desktop/larr_project/umv_control/install/umv_msgs/lib/libumv_msgs__rosidl_typesupport_c.so\n'}
[1.764320] (umv_msgs) StdoutLine: {'line': b'-- Up-to-date: /home/vdcl/Desktop/larr_project/umv_control/install/umv_msgs/include/umv_msgs/umv_msgs\n'}
[1.767841] (umv_msgs) StdoutLine: {'line': b'-- Up-to-date: /home/vdcl/Desktop/larr_project/umv_control/install/umv_msgs/include/umv_msgs/umv_msgs/msg\n'}
[1.768048] (umv_msgs) StdoutLine: {'line': b'-- Up-to-date: /home/vdcl/Desktop/larr_project/umv_control/install/umv_msgs/include/umv_msgs/umv_msgs/msg/host_vehicle_filter.hpp\n'}
[1.768205] (umv_msgs) StdoutLine: {'line': b'-- Up-to-date: /home/vdcl/Desktop/larr_project/umv_control/install/umv_msgs/include/umv_msgs/umv_msgs/msg/global_path.hpp\n'}
[1.768356] (umv_msgs) StdoutLine: {'line': b'-- Up-to-date: /home/vdcl/Desktop/larr_project/umv_control/install/umv_msgs/include/umv_msgs/umv_msgs/msg/obstacles.hpp\n'}
[1.768522] (umv_msgs) StdoutLine: {'line': b'-- Up-to-date: /home/vdcl/Desktop/larr_project/umv_control/install/umv_msgs/include/umv_msgs/umv_msgs/msg/local_ref_path.hpp\n'}
[1.768674] (umv_msgs) StdoutLine: {'line': b'-- Up-to-date: /home/vdcl/Desktop/larr_project/umv_control/install/umv_msgs/include/umv_msgs/umv_msgs/msg/acu_cmd.hpp\n'}
[1.768823] (umv_msgs) StdoutLine: {'line': b'-- Up-to-date: /home/vdcl/Desktop/larr_project/umv_control/install/umv_msgs/include/umv_msgs/umv_msgs/msg/detail\n'}
[1.768971] (umv_msgs) StdoutLine: {'line': b'-- Up-to-date: /home/vdcl/Desktop/larr_project/umv_control/install/umv_msgs/include/umv_msgs/umv_msgs/msg/detail/local_ref_path__traits.hpp\n'}
[1.769119] (umv_msgs) StdoutLine: {'line': b'-- Up-to-date: /home/vdcl/Desktop/larr_project/umv_control/install/umv_msgs/include/umv_msgs/umv_msgs/msg/detail/global_path__builder.hpp\n'}
[1.769269] (umv_msgs) StdoutLine: {'line': b'-- Up-to-date: /home/vdcl/Desktop/larr_project/umv_control/install/umv_msgs/include/umv_msgs/umv_msgs/msg/detail/acu_cmd__traits.hpp\n'}
[1.769421] (umv_msgs) StdoutLine: {'line': b'-- Up-to-date: /home/vdcl/Desktop/larr_project/umv_control/install/umv_msgs/include/umv_msgs/umv_msgs/msg/detail/local_ref_path__builder.hpp\n'}
[1.769585] (umv_msgs) StdoutLine: {'line': b'-- Up-to-date: /home/vdcl/Desktop/larr_project/umv_control/install/umv_msgs/include/umv_msgs/umv_msgs/msg/detail/acu_cmd__builder.hpp\n'}
[1.769751] (umv_msgs) StdoutLine: {'line': b'-- Up-to-date: /home/vdcl/Desktop/larr_project/umv_control/install/umv_msgs/include/umv_msgs/umv_msgs/msg/detail/host_vehicle_filter__builder.hpp\n'}
[1.769902] (umv_msgs) StdoutLine: {'line': b'-- Up-to-date: /home/vdcl/Desktop/larr_project/umv_control/install/umv_msgs/include/umv_msgs/umv_msgs/msg/detail/obstacles__builder.hpp\n'}
[1.770020] (umv_msgs) StdoutLine: {'line': b'-- Up-to-date: /home/vdcl/Desktop/larr_project/umv_control/install/umv_msgs/include/umv_msgs/umv_msgs/msg/detail/acu_cmd__struct.hpp\n'}
[1.770191] (umv_msgs) StdoutLine: {'line': b'-- Up-to-date: /home/vdcl/Desktop/larr_project/umv_control/install/umv_msgs/include/umv_msgs/umv_msgs/msg/detail/local_ref_path__struct.hpp\n'}
[1.770344] (umv_msgs) StdoutLine: {'line': b'-- Up-to-date: /home/vdcl/Desktop/larr_project/umv_control/install/umv_msgs/include/umv_msgs/umv_msgs/msg/detail/global_path__traits.hpp\n'}
[1.770472] (umv_msgs) StdoutLine: {'line': b'-- Up-to-date: /home/vdcl/Desktop/larr_project/umv_control/install/umv_msgs/include/umv_msgs/umv_msgs/msg/detail/host_vehicle_filter__struct.hpp\n'}
[1.770640] (umv_msgs) StdoutLine: {'line': b'-- Up-to-date: /home/vdcl/Desktop/larr_project/umv_control/install/umv_msgs/include/umv_msgs/umv_msgs/msg/detail/host_vehicle_filter__traits.hpp\n'}
[1.770790] (umv_msgs) StdoutLine: {'line': b'-- Up-to-date: /home/vdcl/Desktop/larr_project/umv_control/install/umv_msgs/include/umv_msgs/umv_msgs/msg/detail/global_path__struct.hpp\n'}
[1.770940] (umv_msgs) StdoutLine: {'line': b'-- Up-to-date: /home/vdcl/Desktop/larr_project/umv_control/install/umv_msgs/include/umv_msgs/umv_msgs/msg/detail/obstacles__traits.hpp\n'}
[1.771090] (umv_msgs) StdoutLine: {'line': b'-- Up-to-date: /home/vdcl/Desktop/larr_project/umv_control/install/umv_msgs/include/umv_msgs/umv_msgs/msg/detail/obstacles__struct.hpp\n'}
[1.771240] (umv_msgs) StdoutLine: {'line': b'-- Up-to-date: /home/vdcl/Desktop/larr_project/umv_control/install/umv_msgs/include/umv_msgs/umv_msgs\n'}
[1.771389] (umv_msgs) StdoutLine: {'line': b'-- Up-to-date: /home/vdcl/Desktop/larr_project/umv_control/install/umv_msgs/include/umv_msgs/umv_msgs/msg\n'}
[1.771713] (umv_msgs) StdoutLine: {'line': b'-- Up-to-date: /home/vdcl/Desktop/larr_project/umv_control/install/umv_msgs/include/umv_msgs/umv_msgs/msg/detail\n'}
[1.771887] (umv_msgs) StdoutLine: {'line': b'-- Up-to-date: /home/vdcl/Desktop/larr_project/umv_control/install/umv_msgs/include/umv_msgs/umv_msgs/msg/detail/host_vehicle_filter__rosidl_typesupport_fastrtps_cpp.hpp\n'}
[1.772041] (umv_msgs) StdoutLine: {'line': b'-- Up-to-date: /home/vdcl/Desktop/larr_project/umv_control/install/umv_msgs/include/umv_msgs/umv_msgs/msg/detail/obstacles__rosidl_typesupport_fastrtps_cpp.hpp\n'}
[1.772193] (umv_msgs) StdoutLine: {'line': b'-- Up-to-date: /home/vdcl/Desktop/larr_project/umv_control/install/umv_msgs/include/umv_msgs/umv_msgs/msg/detail/acu_cmd__rosidl_typesupport_fastrtps_cpp.hpp\n'}
[1.772342] (umv_msgs) StdoutLine: {'line': b'-- Up-to-date: /home/vdcl/Desktop/larr_project/umv_control/install/umv_msgs/include/umv_msgs/umv_msgs/msg/detail/global_path__rosidl_typesupport_fastrtps_cpp.hpp\n'}
[1.772506] (umv_msgs) StdoutLine: {'line': b'-- Up-to-date: /home/vdcl/Desktop/larr_project/umv_control/install/umv_msgs/include/umv_msgs/umv_msgs/msg/detail/local_ref_path__rosidl_typesupport_fastrtps_cpp.hpp\n'}
[1.772653] (umv_msgs) StdoutLine: {'line': b'-- Up-to-date: /home/vdcl/Desktop/larr_project/umv_control/install/umv_msgs/include/umv_msgs/umv_msgs/msg/detail/dds_fastrtps\n'}
[1.772747] (umv_msgs) StdoutLine: {'line': b'-- Up-to-date: /home/vdcl/Desktop/larr_project/umv_control/install/umv_msgs/include/umv_msgs/umv_msgs/msg/rosidl_typesupport_fastrtps_cpp__visibility_control.h\n'}
[1.772841] (umv_msgs) StdoutLine: {'line': b'-- Up-to-date: /home/vdcl/Desktop/larr_project/umv_control/install/umv_msgs/lib/libumv_msgs__rosidl_typesupport_fastrtps_cpp.so\n'}
[1.772933] (umv_msgs) StdoutLine: {'line': b'-- Up-to-date: /home/vdcl/Desktop/larr_project/umv_control/install/umv_msgs/include/umv_msgs/umv_msgs\n'}
[1.773043] (umv_msgs) StdoutLine: {'line': b'-- Up-to-date: /home/vdcl/Desktop/larr_project/umv_control/install/umv_msgs/include/umv_msgs/umv_msgs/msg\n'}
[1.773142] (umv_msgs) StdoutLine: {'line': b'-- Up-to-date: /home/vdcl/Desktop/larr_project/umv_control/install/umv_msgs/include/umv_msgs/umv_msgs/msg/detail\n'}
[1.773239] (umv_msgs) StdoutLine: {'line': b'-- Up-to-date: /home/vdcl/Desktop/larr_project/umv_control/install/umv_msgs/include/umv_msgs/umv_msgs/msg/detail/acu_cmd__rosidl_typesupport_introspection_cpp.hpp\n'}
[1.773341] (umv_msgs) StdoutLine: {'line': b'-- Up-to-date: /home/vdcl/Desktop/larr_project/umv_control/install/umv_msgs/include/umv_msgs/umv_msgs/msg/detail/local_ref_path__rosidl_typesupport_introspection_cpp.hpp\n'}
[1.773450] (umv_msgs) StdoutLine: {'line': b'-- Up-to-date: /home/vdcl/Desktop/larr_project/umv_control/install/umv_msgs/include/umv_msgs/umv_msgs/msg/detail/acu_cmd__type_support.cpp\n'}
[1.773565] (umv_msgs) StdoutLine: {'line': b'-- Up-to-date: /home/vdcl/Desktop/larr_project/umv_control/install/umv_msgs/include/umv_msgs/umv_msgs/msg/detail/local_ref_path__type_support.cpp\n'}
[1.773696] (umv_msgs) StdoutLine: {'line': b'-- Up-to-date: /home/vdcl/Desktop/larr_project/umv_control/install/umv_msgs/include/umv_msgs/umv_msgs/msg/detail/host_vehicle_filter__type_support.cpp\n'}
[1.773849] (umv_msgs) StdoutLine: {'line': b'-- Up-to-date: /home/vdcl/Desktop/larr_project/umv_control/install/umv_msgs/include/umv_msgs/umv_msgs/msg/detail/global_path__rosidl_typesupport_introspection_cpp.hpp\n'}
[1.773997] (umv_msgs) StdoutLine: {'line': b'-- Up-to-date: /home/vdcl/Desktop/larr_project/umv_control/install/umv_msgs/include/umv_msgs/umv_msgs/msg/detail/host_vehicle_filter__rosidl_typesupport_introspection_cpp.hpp\n'}
[1.774147] (umv_msgs) StdoutLine: {'line': b'-- Up-to-date: /home/vdcl/Desktop/larr_project/umv_control/install/umv_msgs/include/umv_msgs/umv_msgs/msg/detail/obstacles__type_support.cpp\n'}
[1.774318] (umv_msgs) StdoutLine: {'line': b'-- Up-to-date: /home/vdcl/Desktop/larr_project/umv_control/install/umv_msgs/include/umv_msgs/umv_msgs/msg/detail/obstacles__rosidl_typesupport_introspection_cpp.hpp\n'}
[1.774479] (umv_msgs) StdoutLine: {'line': b'-- Up-to-date: /home/vdcl/Desktop/larr_project/umv_control/install/umv_msgs/include/umv_msgs/umv_msgs/msg/detail/global_path__type_support.cpp\n'}
[1.774636] (umv_msgs) StdoutLine: {'line': b'-- Up-to-date: /home/vdcl/Desktop/larr_project/umv_control/install/umv_msgs/lib/libumv_msgs__rosidl_typesupport_introspection_cpp.so\n'}
[1.774786] (umv_msgs) StdoutLine: {'line': b'-- Up-to-date: /home/vdcl/Desktop/larr_project/umv_control/install/umv_msgs/lib/libumv_msgs__rosidl_typesupport_cpp.so\n'}
[1.774936] (umv_msgs) StdoutLine: {'line': b'-- Up-to-date: /home/vdcl/Desktop/larr_project/umv_control/install/umv_msgs/share/umv_msgs/environment/pythonpath.sh\n'}
[1.775085] (umv_msgs) StdoutLine: {'line': b'-- Up-to-date: /home/vdcl/Desktop/larr_project/umv_control/install/umv_msgs/share/umv_msgs/environment/pythonpath.dsv\n'}
[1.775232] (umv_msgs) StdoutLine: {'line': b'-- Up-to-date: /home/vdcl/Desktop/larr_project/umv_control/install/umv_msgs/local/lib/python3.10/dist-packages/umv_msgs-0.0.0-py3.10.egg-info\n'}
[1.775380] (umv_msgs) StdoutLine: {'line': b'-- Installing: /home/vdcl/Desktop/larr_project/umv_control/install/umv_msgs/local/lib/python3.10/dist-packages/umv_msgs-0.0.0-py3.10.egg-info/dependency_links.txt\n'}
[1.775573] (umv_msgs) StdoutLine: {'line': b'-- Installing: /home/vdcl/Desktop/larr_project/umv_control/install/umv_msgs/local/lib/python3.10/dist-packages/umv_msgs-0.0.0-py3.10.egg-info/SOURCES.txt\n'}
[1.775729] (umv_msgs) StdoutLine: {'line': b'-- Installing: /home/vdcl/Desktop/larr_project/umv_control/install/umv_msgs/local/lib/python3.10/dist-packages/umv_msgs-0.0.0-py3.10.egg-info/top_level.txt\n'}
[1.775878] (umv_msgs) StdoutLine: {'line': b'-- Installing: /home/vdcl/Desktop/larr_project/umv_control/install/umv_msgs/local/lib/python3.10/dist-packages/umv_msgs-0.0.0-py3.10.egg-info/PKG-INFO\n'}
[1.776041] (umv_msgs) StdoutLine: {'line': b'-- Up-to-date: /home/vdcl/Desktop/larr_project/umv_control/install/umv_msgs/local/lib/python3.10/dist-packages/umv_msgs\n'}
[1.776190] (umv_msgs) StdoutLine: {'line': b'-- Up-to-date: /home/vdcl/Desktop/larr_project/umv_control/install/umv_msgs/local/lib/python3.10/dist-packages/umv_msgs/msg\n'}
[1.776338] (umv_msgs) StdoutLine: {'line': b'-- Up-to-date: /home/vdcl/Desktop/larr_project/umv_control/install/umv_msgs/local/lib/python3.10/dist-packages/umv_msgs/msg/_acu_cmd.py\n'}
[1.776494] (umv_msgs) StdoutLine: {'line': b'-- Up-to-date: /home/vdcl/Desktop/larr_project/umv_control/install/umv_msgs/local/lib/python3.10/dist-packages/umv_msgs/msg/_local_ref_path_s.c\n'}
[1.776644] (umv_msgs) StdoutLine: {'line': b'-- Up-to-date: /home/vdcl/Desktop/larr_project/umv_control/install/umv_msgs/local/lib/python3.10/dist-packages/umv_msgs/msg/_local_ref_path.py\n'}
[1.776794] (umv_msgs) StdoutLine: {'line': b'-- Up-to-date: /home/vdcl/Desktop/larr_project/umv_control/install/umv_msgs/local/lib/python3.10/dist-packages/umv_msgs/msg/_acu_cmd_s.c\n'}
[1.776937] (umv_msgs) StdoutLine: {'line': b'-- Up-to-date: /home/vdcl/Desktop/larr_project/umv_control/install/umv_msgs/local/lib/python3.10/dist-packages/umv_msgs/msg/_obstacles.py\n'}
[1.777089] (umv_msgs) StdoutLine: {'line': b'-- Up-to-date: /home/vdcl/Desktop/larr_project/umv_control/install/umv_msgs/local/lib/python3.10/dist-packages/umv_msgs/msg/_global_path.py\n'}
[1.777237] (umv_msgs) StdoutLine: {'line': b'-- Up-to-date: /home/vdcl/Desktop/larr_project/umv_control/install/umv_msgs/local/lib/python3.10/dist-packages/umv_msgs/msg/_host_vehicle_filter.py\n'}
[1.777387] (umv_msgs) StdoutLine: {'line': b'-- Up-to-date: /home/vdcl/Desktop/larr_project/umv_control/install/umv_msgs/local/lib/python3.10/dist-packages/umv_msgs/msg/_obstacles_s.c\n'}
[1.777551] (umv_msgs) StdoutLine: {'line': b'-- Up-to-date: /home/vdcl/Desktop/larr_project/umv_control/install/umv_msgs/local/lib/python3.10/dist-packages/umv_msgs/msg/__init__.py\n'}
[1.777703] (umv_msgs) StdoutLine: {'line': b'-- Up-to-date: /home/vdcl/Desktop/larr_project/umv_control/install/umv_msgs/local/lib/python3.10/dist-packages/umv_msgs/msg/_host_vehicle_filter_s.c\n'}
[1.777852] (umv_msgs) StdoutLine: {'line': b'-- Up-to-date: /home/vdcl/Desktop/larr_project/umv_control/install/umv_msgs/local/lib/python3.10/dist-packages/umv_msgs/msg/_global_path_s.c\n'}
[1.777999] (umv_msgs) StdoutLine: {'line': b'-- Up-to-date: /home/vdcl/Desktop/larr_project/umv_control/install/umv_msgs/local/lib/python3.10/dist-packages/umv_msgs/_umv_msgs_s.ep.rosidl_typesupport_fastrtps_c.c\n'}
[1.778148] (umv_msgs) StdoutLine: {'line': b'-- Up-to-date: /home/vdcl/Desktop/larr_project/umv_control/install/umv_msgs/local/lib/python3.10/dist-packages/umv_msgs/umv_msgs_s__rosidl_typesupport_introspection_c.cpython-310-x86_64-linux-gnu.so\n'}
[1.778297] (umv_msgs) StdoutLine: {'line': b'-- Up-to-date: /home/vdcl/Desktop/larr_project/umv_control/install/umv_msgs/local/lib/python3.10/dist-packages/umv_msgs/_umv_msgs_s.ep.rosidl_typesupport_c.c\n'}
[1.778450] (umv_msgs) StdoutLine: {'line': b'-- Up-to-date: /home/vdcl/Desktop/larr_project/umv_control/install/umv_msgs/local/lib/python3.10/dist-packages/umv_msgs/umv_msgs_s__rosidl_typesupport_fastrtps_c.cpython-310-x86_64-linux-gnu.so\n'}
[1.778634] (umv_msgs) StdoutLine: {'line': b'-- Up-to-date: /home/vdcl/Desktop/larr_project/umv_control/install/umv_msgs/local/lib/python3.10/dist-packages/umv_msgs/libumv_msgs__rosidl_generator_py.so\n'}
[1.778783] (umv_msgs) StdoutLine: {'line': b'-- Up-to-date: /home/vdcl/Desktop/larr_project/umv_control/install/umv_msgs/local/lib/python3.10/dist-packages/umv_msgs/__init__.py\n'}
[1.778933] (umv_msgs) StdoutLine: {'line': b'-- Up-to-date: /home/vdcl/Desktop/larr_project/umv_control/install/umv_msgs/local/lib/python3.10/dist-packages/umv_msgs/umv_msgs_s__rosidl_typesupport_c.cpython-310-x86_64-linux-gnu.so\n'}
[1.779081] (umv_msgs) StdoutLine: {'line': b'-- Up-to-date: /home/vdcl/Desktop/larr_project/umv_control/install/umv_msgs/local/lib/python3.10/dist-packages/umv_msgs/_umv_msgs_s.ep.rosidl_typesupport_introspection_c.c\n'}
[1.815741] (umv_msgs) StdoutLine: {'line': b"Listing '/home/vdcl/Desktop/larr_project/umv_control/install/umv_msgs/local/lib/python3.10/dist-packages/umv_msgs'...\n"}
[1.815948] (umv_msgs) StdoutLine: {'line': b"Listing '/home/vdcl/Desktop/larr_project/umv_control/install/umv_msgs/local/lib/python3.10/dist-packages/umv_msgs/msg'...\n"}
[1.819258] (-) TimerEvent: {}
[1.821503] (umv_msgs) StdoutLine: {'line': b'-- Up-to-date: /home/vdcl/Desktop/larr_project/umv_control/install/umv_msgs/local/lib/python3.10/dist-packages/umv_msgs/umv_msgs_s__rosidl_typesupport_fastrtps_c.cpython-310-x86_64-linux-gnu.so\n'}
[1.822409] (umv_msgs) StdoutLine: {'line': b'-- Up-to-date: /home/vdcl/Desktop/larr_project/umv_control/install/umv_msgs/local/lib/python3.10/dist-packages/umv_msgs/umv_msgs_s__rosidl_typesupport_introspection_c.cpython-310-x86_64-linux-gnu.so\n'}
[1.823275] (umv_msgs) StdoutLine: {'line': b'-- Up-to-date: /home/vdcl/Desktop/larr_project/umv_control/install/umv_msgs/local/lib/python3.10/dist-packages/umv_msgs/umv_msgs_s__rosidl_typesupport_c.cpython-310-x86_64-linux-gnu.so\n'}
[1.824138] (umv_msgs) StdoutLine: {'line': b'-- Up-to-date: /home/vdcl/Desktop/larr_project/umv_control/install/umv_msgs/lib/libumv_msgs__rosidl_generator_py.so\n'}
[1.824810] (umv_msgs) StdoutLine: {'line': b'-- Up-to-date: /home/vdcl/Desktop/larr_project/umv_control/install/umv_msgs/share/umv_msgs/msg/LocalRefPath.idl\n'}
[1.825164] (umv_msgs) StdoutLine: {'line': b'-- Up-to-date: /home/vdcl/Desktop/larr_project/umv_control/install/umv_msgs/share/umv_msgs/msg/HostVehicleFilter.idl\n'}
[1.825488] (umv_msgs) StdoutLine: {'line': b'-- Up-to-date: /home/vdcl/Desktop/larr_project/umv_control/install/umv_msgs/share/umv_msgs/msg/AcuCmd.idl\n'}
[1.825893] (umv_msgs) StdoutLine: {'line': b'-- Up-to-date: /home/vdcl/Desktop/larr_project/umv_control/install/umv_msgs/share/umv_msgs/msg/GlobalPath.idl\n'}
[1.826090] (umv_msgs) StdoutLine: {'line': b'-- Up-to-date: /home/vdcl/Desktop/larr_project/umv_control/install/umv_msgs/share/umv_msgs/msg/Obstacles.idl\n'}
[1.826957] (umv_msgs) StdoutLine: {'line': b'-- Up-to-date: /home/vdcl/Desktop/larr_project/umv_control/install/umv_msgs/share/umv_msgs/msg/LocalRefPath.msg\n'}
[1.827198] (umv_msgs) StdoutLine: {'line': b'-- Up-to-date: /home/vdcl/Desktop/larr_project/umv_control/install/umv_msgs/share/umv_msgs/msg/HostVehicleFilter.msg\n'}
[1.827341] (umv_msgs) StdoutLine: {'line': b'-- Up-to-date: /home/vdcl/Desktop/larr_project/umv_control/install/umv_msgs/share/umv_msgs/msg/AcuCmd.msg\n'}
[1.828988] (umv_msgs) StdoutLine: {'line': b'-- Up-to-date: /home/vdcl/Desktop/larr_project/umv_control/install/umv_msgs/share/umv_msgs/msg/GlobalPath.msg\n'}
[1.829214] (umv_msgs) StdoutLine: {'line': b'-- Up-to-date: /home/vdcl/Desktop/larr_project/umv_control/install/umv_msgs/share/umv_msgs/msg/Obstacles.msg\n'}
[1.830646] (umv_msgs) StdoutLine: {'line': b'-- Up-to-date: /home/vdcl/Desktop/larr_project/umv_control/install/umv_msgs/share/ament_index/resource_index/package_run_dependencies/umv_msgs\n'}
[1.830784] (umv_msgs) StdoutLine: {'line': b'-- Up-to-date: /home/vdcl/Desktop/larr_project/umv_control/install/umv_msgs/share/ament_index/resource_index/parent_prefix_path/umv_msgs\n'}
[1.830886] (umv_msgs) StdoutLine: {'line': b'-- Up-to-date: /home/vdcl/Desktop/larr_project/umv_control/install/umv_msgs/share/umv_msgs/environment/ament_prefix_path.sh\n'}
[1.830981] (umv_msgs) StdoutLine: {'line': b'-- Up-to-date: /home/vdcl/Desktop/larr_project/umv_control/install/umv_msgs/share/umv_msgs/environment/ament_prefix_path.dsv\n'}
[1.831079] (umv_msgs) StdoutLine: {'line': b'-- Up-to-date: /home/vdcl/Desktop/larr_project/umv_control/install/umv_msgs/share/umv_msgs/environment/path.sh\n'}
[1.831174] (umv_msgs) StdoutLine: {'line': b'-- Up-to-date: /home/vdcl/Desktop/larr_project/umv_control/install/umv_msgs/share/umv_msgs/environment/path.dsv\n'}
[1.831269] (umv_msgs) StdoutLine: {'line': b'-- Up-to-date: /home/vdcl/Desktop/larr_project/umv_control/install/umv_msgs/share/umv_msgs/local_setup.bash\n'}
[1.831379] (umv_msgs) StdoutLine: {'line': b'-- Up-to-date: /home/vdcl/Desktop/larr_project/umv_control/install/umv_msgs/share/umv_msgs/local_setup.sh\n'}
[1.831513] (umv_msgs) StdoutLine: {'line': b'-- Up-to-date: /home/vdcl/Desktop/larr_project/umv_control/install/umv_msgs/share/umv_msgs/local_setup.zsh\n'}
[1.831615] (umv_msgs) StdoutLine: {'line': b'-- Up-to-date: /home/vdcl/Desktop/larr_project/umv_control/install/umv_msgs/share/umv_msgs/local_setup.dsv\n'}
[1.831713] (umv_msgs) StdoutLine: {'line': b'-- Installing: /home/vdcl/Desktop/larr_project/umv_control/install/umv_msgs/share/umv_msgs/package.dsv\n'}
[1.831808] (umv_msgs) StdoutLine: {'line': b'-- Up-to-date: /home/vdcl/Desktop/larr_project/umv_control/install/umv_msgs/share/ament_index/resource_index/packages/umv_msgs\n'}
[1.831923] (umv_msgs) StdoutLine: {'line': b'-- Up-to-date: /home/vdcl/Desktop/larr_project/umv_control/install/umv_msgs/share/umv_msgs/cmake/export_umv_msgs__rosidl_generator_cExport.cmake\n'}
[1.835609] (umv_msgs) StdoutLine: {'line': b'-- Up-to-date: /home/vdcl/Desktop/larr_project/umv_control/install/umv_msgs/share/umv_msgs/cmake/export_umv_msgs__rosidl_generator_cExport-noconfig.cmake\n'}
[1.835759] (umv_msgs) StdoutLine: {'line': b'-- Up-to-date: /home/vdcl/Desktop/larr_project/umv_control/install/umv_msgs/share/umv_msgs/cmake/export_umv_msgs__rosidl_typesupport_fastrtps_cExport.cmake\n'}
[1.835872] (umv_msgs) StdoutLine: {'line': b'-- Up-to-date: /home/vdcl/Desktop/larr_project/umv_control/install/umv_msgs/share/umv_msgs/cmake/export_umv_msgs__rosidl_typesupport_fastrtps_cExport-noconfig.cmake\n'}
[1.835997] (umv_msgs) StdoutLine: {'line': b'-- Up-to-date: /home/vdcl/Desktop/larr_project/umv_control/install/umv_msgs/share/umv_msgs/cmake/umv_msgs__rosidl_typesupport_introspection_cExport.cmake\n'}
[1.836105] (umv_msgs) StdoutLine: {'line': b'-- Up-to-date: /home/vdcl/Desktop/larr_project/umv_control/install/umv_msgs/share/umv_msgs/cmake/umv_msgs__rosidl_typesupport_introspection_cExport-noconfig.cmake\n'}
[1.836209] (umv_msgs) StdoutLine: {'line': b'-- Up-to-date: /home/vdcl/Desktop/larr_project/umv_control/install/umv_msgs/share/umv_msgs/cmake/umv_msgs__rosidl_typesupport_cExport.cmake\n'}
[1.836315] (umv_msgs) StdoutLine: {'line': b'-- Up-to-date: /home/vdcl/Desktop/larr_project/umv_control/install/umv_msgs/share/umv_msgs/cmake/umv_msgs__rosidl_typesupport_cExport-noconfig.cmake\n'}
[1.836428] (umv_msgs) StdoutLine: {'line': b'-- Up-to-date: /home/vdcl/Desktop/larr_project/umv_control/install/umv_msgs/share/umv_msgs/cmake/export_umv_msgs__rosidl_generator_cppExport.cmake\n'}
[1.836554] (umv_msgs) StdoutLine: {'line': b'-- Up-to-date: /home/vdcl/Desktop/larr_project/umv_control/install/umv_msgs/share/umv_msgs/cmake/export_umv_msgs__rosidl_typesupport_fastrtps_cppExport.cmake\n'}
[1.836841] (umv_msgs) StdoutLine: {'line': b'-- Up-to-date: /home/vdcl/Desktop/larr_project/umv_control/install/umv_msgs/share/umv_msgs/cmake/export_umv_msgs__rosidl_typesupport_fastrtps_cppExport-noconfig.cmake\n'}
[1.836984] (umv_msgs) StdoutLine: {'line': b'-- Up-to-date: /home/vdcl/Desktop/larr_project/umv_control/install/umv_msgs/share/umv_msgs/cmake/umv_msgs__rosidl_typesupport_introspection_cppExport.cmake\n'}
[1.837104] (umv_msgs) StdoutLine: {'line': b'-- Up-to-date: /home/vdcl/Desktop/larr_project/umv_control/install/umv_msgs/share/umv_msgs/cmake/umv_msgs__rosidl_typesupport_introspection_cppExport-noconfig.cmake\n'}
[1.837223] (umv_msgs) StdoutLine: {'line': b'-- Up-to-date: /home/vdcl/Desktop/larr_project/umv_control/install/umv_msgs/share/umv_msgs/cmake/umv_msgs__rosidl_typesupport_cppExport.cmake\n'}
[1.837329] (umv_msgs) StdoutLine: {'line': b'-- Up-to-date: /home/vdcl/Desktop/larr_project/umv_control/install/umv_msgs/share/umv_msgs/cmake/umv_msgs__rosidl_typesupport_cppExport-noconfig.cmake\n'}
[1.838251] (umv_msgs) StdoutLine: {'line': b'-- Up-to-date: /home/vdcl/Desktop/larr_project/umv_control/install/umv_msgs/share/umv_msgs/cmake/export_umv_msgs__rosidl_generator_pyExport.cmake\n'}
[1.838403] (umv_msgs) StdoutLine: {'line': b'-- Up-to-date: /home/vdcl/Desktop/larr_project/umv_control/install/umv_msgs/share/umv_msgs/cmake/export_umv_msgs__rosidl_generator_pyExport-noconfig.cmake\n'}
[1.838530] (umv_msgs) StdoutLine: {'line': b'-- Up-to-date: /home/vdcl/Desktop/larr_project/umv_control/install/umv_msgs/share/umv_msgs/cmake/rosidl_cmake-extras.cmake\n'}
[1.838630] (umv_msgs) StdoutLine: {'line': b'-- Up-to-date: /home/vdcl/Desktop/larr_project/umv_control/install/umv_msgs/share/umv_msgs/cmake/ament_cmake_export_dependencies-extras.cmake\n'}
[1.838723] (umv_msgs) StdoutLine: {'line': b'-- Up-to-date: /home/vdcl/Desktop/larr_project/umv_control/install/umv_msgs/share/umv_msgs/cmake/ament_cmake_export_include_directories-extras.cmake\n'}
[1.838814] (umv_msgs) StdoutLine: {'line': b'-- Up-to-date: /home/vdcl/Desktop/larr_project/umv_control/install/umv_msgs/share/umv_msgs/cmake/ament_cmake_export_libraries-extras.cmake\n'}
[1.838906] (umv_msgs) StdoutLine: {'line': b'-- Up-to-date: /home/vdcl/Desktop/larr_project/umv_control/install/umv_msgs/share/umv_msgs/cmake/ament_cmake_export_targets-extras.cmake\n'}
[1.838997] (umv_msgs) StdoutLine: {'line': b'-- Up-to-date: /home/vdcl/Desktop/larr_project/umv_control/install/umv_msgs/share/umv_msgs/cmake/rosidl_cmake_export_typesupport_targets-extras.cmake\n'}
[1.839089] (umv_msgs) StdoutLine: {'line': b'-- Up-to-date: /home/vdcl/Desktop/larr_project/umv_control/install/umv_msgs/share/umv_msgs/cmake/rosidl_cmake_export_typesupport_libraries-extras.cmake\n'}
[1.839176] (umv_msgs) StdoutLine: {'line': b'-- Up-to-date: /home/vdcl/Desktop/larr_project/umv_control/install/umv_msgs/share/umv_msgs/cmake/umv_msgsConfig.cmake\n'}
[1.839270] (umv_msgs) StdoutLine: {'line': b'-- Up-to-date: /home/vdcl/Desktop/larr_project/umv_control/install/umv_msgs/share/umv_msgs/cmake/umv_msgsConfig-version.cmake\n'}
[1.839358] (umv_msgs) StdoutLine: {'line': b'-- Up-to-date: /home/vdcl/Desktop/larr_project/umv_control/install/umv_msgs/share/umv_msgs/package.xml\n'}
[1.842482] (umv_msgs) CommandEnded: {'returncode': 0}
[1.919334] (-) TimerEvent: {}
[2.019938] (-) TimerEvent: {}
[2.120500] (-) TimerEvent: {}
[2.136944] (motion_planner) Command: {'cmd': ['/usr/bin/python3', '-W', 'ignore:setup.py install is deprecated', 'setup.py', 'egg_info', '--egg-base', '../../build/motion_planner', 'build', '--build-base', '/home/vdcl/Desktop/larr_project/umv_control/build/motion_planner/build', 'install', '--record', '/home/vdcl/Desktop/larr_project/umv_control/build/motion_planner/install.log', '--single-version-externally-managed', 'install_data'], 'cwd': '/home/vdcl/Desktop/larr_project/umv_control/src/motion_planner', 'env': {'LESSOPEN': '| /usr/bin/lesspipe %s', 'LANGUAGE': 'ko:en', 'USER': 'vdcl', 'LC_TIME': 'ko_KR.UTF-8', 'XDG_SESSION_TYPE': 'x11', 'SHLVL': '1', 'LD_LIBRARY_PATH': '/usr/local/cuda-12.2/lib64:/usr/local/cuda-12.2/lib64:/home/vdcl/Desktop/larr_project/umv_control/install/umv_msgs/lib:/home/vdcl/Desktop/larr_project/AirSim/ros2/install/airsim_ros_pkgs/lib:/home/vdcl/Desktop/larr_project/AirSim/ros2/install/airsim_interfaces/lib:/opt/ros/humble/opt/rviz_ogre_vendor/lib:/opt/ros/humble/lib/x86_64-linux-gnu:/opt/ros/humble/lib', 'HOME': '/home/vdcl', 'OLDPWD': '/home/vdcl/Desktop/larr_project/umv_control/src', 'DESKTOP_SESSION': 'ubuntu', 'ROS_PYTHON_VERSION': '3', 'GNOME_SHELL_SESSION_MODE': 'ubuntu', 'GTK_MODULES': 'gail:atk-bridge', 'LC_MONETARY': 'ko_KR.UTF-8', 'SYSTEMD_EXEC_PID': '1361', 'DBUS_SESSION_BUS_ADDRESS': 'unix:path=/run/user/1000/bus', 'COLORTERM': 'truecolor', 'COLCON_PREFIX_PATH': '/home/vdcl/Desktop/larr_project/AirSim/ros2/install:/home/vdcl/Desktop/larr_project/umv_control/install', 'ROS_DISTRO': 'humble', 'GTK_IM_MODULE': 'ibus', 'LOGNAME': 'vdcl', '_': '/usr/bin/colcon', 'ROS_VERSION': '2', 'XDG_SESSION_CLASS': 'user', 'USERNAME': 'vdcl', 'TERM': 'xterm-256color', 'GNOME_DESKTOP_SESSION_ID': 'this-is-deprecated', 'ROS_LOCALHOST_ONLY': '0', 'WINDOWPATH': '2', 'PATH': '/usr/local/cuda-12.2/bin:/usr/local/cuda-12.2/bin:/opt/ros/humble/bin:/home/vdcl/.local/bin:/usr/local/sbin:/usr/local/bin:/usr/sbin:/usr/bin:/sbin:/bin:/usr/games:/usr/local/games:/snap/bin:/snap/bin:/opt/ros/humble/include:/opt/ros/humble/include', 'SESSION_MANAGER': 'local/vdcl-desktop:@/tmp/.ICE-unix/1333,unix/vdcl-desktop:/tmp/.ICE-unix/1333', 'PAPERSIZE': 'a4', 'XDG_MENU_PREFIX': 'gnome-', 'LC_ADDRESS': 'ko_KR.UTF-8', 'GNOME_TERMINAL_SCREEN': '/org/gnome/Terminal/screen/244b1995_d174_49d6_9f76_ef76ebb72537', 'XDG_RUNTIME_DIR': '/run/user/1000', 'DISPLAY': ':0', 'LANG': 'ko_KR.UTF-8', 'XDG_CURRENT_DESKTOP': 'ubuntu:GNOME', 'LC_TELEPHONE': 'ko_KR.UTF-8', 'XMODIFIERS': '@im=ibus', 'XDG_SESSION_DESKTOP': 'ubuntu', 'XAUTHORITY': '/run/user/1000/gdm/Xauthority', 'LS_COLORS': 'rs=0:di=01;34:ln=01;36:mh=00:pi=40;33:so=01;35:do=01;35:bd=40;33;01:cd=40;33;01:or=40;31;01:mi=00:su=37;41:sg=30;43:ca=30;41:tw=30;42:ow=34;42:st=37;44:ex=01;32:*.tar=01;31:*.tgz=01;31:*.arc=01;31:*.arj=01;31:*.taz=01;31:*.lha=01;31:*.lz4=01;31:*.lzh=01;31:*.lzma=01;31:*.tlz=01;31:*.txz=01;31:*.tzo=01;31:*.t7z=01;31:*.zip=01;31:*.z=01;31:*.dz=01;31:*.gz=01;31:*.lrz=01;31:*.lz=01;31:*.lzo=01;31:*.xz=01;31:*.zst=01;31:*.tzst=01;31:*.bz2=01;31:*.bz=01;31:*.tbz=01;31:*.tbz2=01;31:*.tz=01;31:*.deb=01;31:*.rpm=01;31:*.jar=01;31:*.war=01;31:*.ear=01;31:*.sar=01;31:*.rar=01;31:*.alz=01;31:*.ace=01;31:*.zoo=01;31:*.cpio=01;31:*.7z=01;31:*.rz=01;31:*.cab=01;31:*.wim=01;31:*.swm=01;31:*.dwm=01;31:*.esd=01;31:*.jpg=01;35:*.jpeg=01;35:*.mjpg=01;35:*.mjpeg=01;35:*.gif=01;35:*.bmp=01;35:*.pbm=01;35:*.pgm=01;35:*.ppm=01;35:*.tga=01;35:*.xbm=01;35:*.xpm=01;35:*.tif=01;35:*.tiff=01;35:*.png=01;35:*.svg=01;35:*.svgz=01;35:*.mng=01;35:*.pcx=01;35:*.mov=01;35:*.mpg=01;35:*.mpeg=01;35:*.m2v=01;35:*.mkv=01;35:*.webm=01;35:*.webp=01;35:*.ogm=01;35:*.mp4=01;35:*.m4v=01;35:*.mp4v=01;35:*.vob=01;35:*.qt=01;35:*.nuv=01;35:*.wmv=01;35:*.asf=01;35:*.rm=01;35:*.rmvb=01;35:*.flc=01;35:*.avi=01;35:*.fli=01;35:*.flv=01;35:*.gl=01;35:*.dl=01;35:*.xcf=01;35:*.xwd=01;35:*.yuv=01;35:*.cgm=01;35:*.emf=01;35:*.ogv=01;35:*.ogx=01;35:*.aac=00;36:*.au=00;36:*.flac=00;36:*.m4a=00;36:*.mid=00;36:*.midi=00;36:*.mka=00;36:*.mp3=00;36:*.mpc=00;36:*.ogg=00;36:*.ra=00;36:*.wav=00;36:*.oga=00;36:*.opus=00;36:*.spx=00;36:*.xspf=00;36:', 'GNOME_TERMINAL_SERVICE': ':1.4978', 'SSH_AGENT_LAUNCHER': 'gnome-keyring', 'SSH_AUTH_SOCK': '/run/user/1000/keyring/ssh', 'AMENT_PREFIX_PATH': '/home/vdcl/Desktop/larr_project/umv_control/install/utils:/home/vdcl/Desktop/larr_project/umv_control/install/mppi:/home/vdcl/Desktop/larr_project/umv_control/install/lower_controller:/home/vdcl/Desktop/larr_project/umv_control/install/host_vehicle_filter:/home/vdcl/Desktop/larr_project/umv_control/install/global_path:/home/vdcl/Desktop/larr_project/umv_control/install/umv_msgs:/home/vdcl/Desktop/larr_project/umv_control/install/motion_planner:/home/vdcl/Desktop/larr_project/AirSim/ros2/install/airsim_ros_pkgs:/home/vdcl/Desktop/larr_project/AirSim/ros2/install/airsim_interfaces:/opt/ros/humble', 'SHELL': '/bin/bash', 'LC_NAME': 'ko_KR.UTF-8', 'QT_ACCESSIBILITY': '1', 'GDMSESSION': 'ubuntu', 'LESSCLOSE': '/usr/bin/lesspipe %s %s', 'LC_MEASUREMENT': 'ko_KR.UTF-8', 'GPG_AGENT_INFO': '/run/user/1000/gnupg/S.gpg-agent:0:1', 'LC_IDENTIFICATION': 'ko_KR.UTF-8', 'QT_IM_MODULE': 'ibus', 'PWD': '/home/vdcl/Desktop/larr_project/umv_control/build/motion_planner', 'LC_ALL': 'en_US.UTF-8', 'XDG_CONFIG_DIRS': '/etc/xdg/xdg-ubuntu:/etc/xdg', 'XDG_DATA_DIRS': '/usr/share/ubuntu:/usr/share/gnome:/usr/local/share/:/usr/share/:/var/lib/snapd/desktop', 'PYTHONPATH': '/home/vdcl/Desktop/larr_project/umv_control/build/motion_planner/prefix_override:/home/vdcl/Desktop/larr_project/umv_control/install/motion_planner/lib/python3.10/site-packages:/home/vdcl/Desktop/larr_project/umv_control/install/utils/lib/python3.10/site-packages:/home/vdcl/Desktop/larr_project/umv_control/install/lower_controller/lib/python3.10/site-packages:/home/vdcl/Desktop/larr_project/umv_control/install/host_vehicle_filter/lib/python3.10/site-packages:/home/vdcl/Desktop/larr_project/umv_control/install/global_path/lib/python3.10/site-packages:/home/vdcl/Desktop/larr_project/umv_control/install/umv_msgs/local/lib/python3.10/dist-packages:/home/vdcl/Desktop/larr_project/umv_control/install/motion_planner/lib/python3.10/site-packages:/home/vdcl/Desktop/larr_project/AirSim/ros2/install/airsim_interfaces/local/lib/python3.10/dist-packages:/opt/ros/humble/lib/python3.10/site-packages:/opt/ros/humble/local/lib/python3.10/dist-packages', 'LC_NUMERIC': 'ko_KR.UTF-8', 'LC_PAPER': 'ko_KR.UTF-8', 'COLCON': '1', 'VTE_VERSION': '6800', 'CMAKE_PREFIX_PATH': '/home/vdcl/Desktop/larr_project/umv_control/install/mppi:/home/vdcl/Desktop/larr_project/umv_control/install/umv_msgs:/home/vdcl/Desktop/larr_project/AirSim/ros2/install/airsim_ros_pkgs:/home/vdcl/Desktop/larr_project/AirSim/ros2/install/airsim_interfaces'}, 'shell': False}
[2.143674] (utils) Command: {'cmd': ['/usr/bin/python3', '-W', 'ignore:setup.py install is deprecated', 'setup.py', 'egg_info', '--egg-base', '../../build/utils', 'build', '--build-base', '/home/vdcl/Desktop/larr_project/umv_control/build/utils/build', 'install', '--record', '/home/vdcl/Desktop/larr_project/umv_control/build/utils/install.log', '--single-version-externally-managed', 'install_data'], 'cwd': '/home/vdcl/Desktop/larr_project/umv_control/src/utils', 'env': {'LESSOPEN': '| /usr/bin/lesspipe %s', 'LANGUAGE': 'ko:en', 'USER': 'vdcl', 'LC_TIME': 'ko_KR.UTF-8', 'XDG_SESSION_TYPE': 'x11', 'SHLVL': '1', 'LD_LIBRARY_PATH': '/usr/local/cuda-12.2/lib64:/usr/local/cuda-12.2/lib64:/home/vdcl/Desktop/larr_project/umv_control/install/umv_msgs/lib:/home/vdcl/Desktop/larr_project/AirSim/ros2/install/airsim_ros_pkgs/lib:/home/vdcl/Desktop/larr_project/AirSim/ros2/install/airsim_interfaces/lib:/opt/ros/humble/opt/rviz_ogre_vendor/lib:/opt/ros/humble/lib/x86_64-linux-gnu:/opt/ros/humble/lib', 'HOME': '/home/vdcl', 'OLDPWD': '/home/vdcl/Desktop/larr_project/umv_control/src', 'DESKTOP_SESSION': 'ubuntu', 'ROS_PYTHON_VERSION': '3', 'GNOME_SHELL_SESSION_MODE': 'ubuntu', 'GTK_MODULES': 'gail:atk-bridge', 'LC_MONETARY': 'ko_KR.UTF-8', 'SYSTEMD_EXEC_PID': '1361', 'DBUS_SESSION_BUS_ADDRESS': 'unix:path=/run/user/1000/bus', 'COLORTERM': 'truecolor', 'COLCON_PREFIX_PATH': '/home/vdcl/Desktop/larr_project/AirSim/ros2/install:/home/vdcl/Desktop/larr_project/umv_control/install', 'ROS_DISTRO': 'humble', 'GTK_IM_MODULE': 'ibus', 'LOGNAME': 'vdcl', '_': '/usr/bin/colcon', 'ROS_VERSION': '2', 'XDG_SESSION_CLASS': 'user', 'USERNAME': 'vdcl', 'TERM': 'xterm-256color', 'GNOME_DESKTOP_SESSION_ID': 'this-is-deprecated', 'ROS_LOCALHOST_ONLY': '0', 'WINDOWPATH': '2', 'PATH': '/usr/local/cuda-12.2/bin:/usr/local/cuda-12.2/bin:/opt/ros/humble/bin:/home/vdcl/.local/bin:/usr/local/sbin:/usr/local/bin:/usr/sbin:/usr/bin:/sbin:/bin:/usr/games:/usr/local/games:/snap/bin:/snap/bin:/opt/ros/humble/include:/opt/ros/humble/include', 'SESSION_MANAGER': 'local/vdcl-desktop:@/tmp/.ICE-unix/1333,unix/vdcl-desktop:/tmp/.ICE-unix/1333', 'PAPERSIZE': 'a4', 'XDG_MENU_PREFIX': 'gnome-', 'LC_ADDRESS': 'ko_KR.UTF-8', 'GNOME_TERMINAL_SCREEN': '/org/gnome/Terminal/screen/244b1995_d174_49d6_9f76_ef76ebb72537', 'XDG_RUNTIME_DIR': '/run/user/1000', 'DISPLAY': ':0', 'LANG': 'ko_KR.UTF-8', 'XDG_CURRENT_DESKTOP': 'ubuntu:GNOME', 'LC_TELEPHONE': 'ko_KR.UTF-8', 'XMODIFIERS': '@im=ibus', 'XDG_SESSION_DESKTOP': 'ubuntu', 'XAUTHORITY': '/run/user/1000/gdm/Xauthority', 'LS_COLORS': 'rs=0:di=01;34:ln=01;36:mh=00:pi=40;33:so=01;35:do=01;35:bd=40;33;01:cd=40;33;01:or=40;31;01:mi=00:su=37;41:sg=30;43:ca=30;41:tw=30;42:ow=34;42:st=37;44:ex=01;32:*.tar=01;31:*.tgz=01;31:*.arc=01;31:*.arj=01;31:*.taz=01;31:*.lha=01;31:*.lz4=01;31:*.lzh=01;31:*.lzma=01;31:*.tlz=01;31:*.txz=01;31:*.tzo=01;31:*.t7z=01;31:*.zip=01;31:*.z=01;31:*.dz=01;31:*.gz=01;31:*.lrz=01;31:*.lz=01;31:*.lzo=01;31:*.xz=01;31:*.zst=01;31:*.tzst=01;31:*.bz2=01;31:*.bz=01;31:*.tbz=01;31:*.tbz2=01;31:*.tz=01;31:*.deb=01;31:*.rpm=01;31:*.jar=01;31:*.war=01;31:*.ear=01;31:*.sar=01;31:*.rar=01;31:*.alz=01;31:*.ace=01;31:*.zoo=01;31:*.cpio=01;31:*.7z=01;31:*.rz=01;31:*.cab=01;31:*.wim=01;31:*.swm=01;31:*.dwm=01;31:*.esd=01;31:*.jpg=01;35:*.jpeg=01;35:*.mjpg=01;35:*.mjpeg=01;35:*.gif=01;35:*.bmp=01;35:*.pbm=01;35:*.pgm=01;35:*.ppm=01;35:*.tga=01;35:*.xbm=01;35:*.xpm=01;35:*.tif=01;35:*.tiff=01;35:*.png=01;35:*.svg=01;35:*.svgz=01;35:*.mng=01;35:*.pcx=01;35:*.mov=01;35:*.mpg=01;35:*.mpeg=01;35:*.m2v=01;35:*.mkv=01;35:*.webm=01;35:*.webp=01;35:*.ogm=01;35:*.mp4=01;35:*.m4v=01;35:*.mp4v=01;35:*.vob=01;35:*.qt=01;35:*.nuv=01;35:*.wmv=01;35:*.asf=01;35:*.rm=01;35:*.rmvb=01;35:*.flc=01;35:*.avi=01;35:*.fli=01;35:*.flv=01;35:*.gl=01;35:*.dl=01;35:*.xcf=01;35:*.xwd=01;35:*.yuv=01;35:*.cgm=01;35:*.emf=01;35:*.ogv=01;35:*.ogx=01;35:*.aac=00;36:*.au=00;36:*.flac=00;36:*.m4a=00;36:*.mid=00;36:*.midi=00;36:*.mka=00;36:*.mp3=00;36:*.mpc=00;36:*.ogg=00;36:*.ra=00;36:*.wav=00;36:*.oga=00;36:*.opus=00;36:*.spx=00;36:*.xspf=00;36:', 'GNOME_TERMINAL_SERVICE': ':1.4978', 'SSH_AGENT_LAUNCHER': 'gnome-keyring', 'SSH_AUTH_SOCK': '/run/user/1000/keyring/ssh', 'AMENT_PREFIX_PATH': '/home/vdcl/Desktop/larr_project/umv_control/install/utils:/home/vdcl/Desktop/larr_project/umv_control/install/mppi:/home/vdcl/Desktop/larr_project/umv_control/install/lower_controller:/home/vdcl/Desktop/larr_project/umv_control/install/host_vehicle_filter:/home/vdcl/Desktop/larr_project/umv_control/install/global_path:/home/vdcl/Desktop/larr_project/umv_control/install/umv_msgs:/home/vdcl/Desktop/larr_project/umv_control/install/motion_planner:/home/vdcl/Desktop/larr_project/AirSim/ros2/install/airsim_ros_pkgs:/home/vdcl/Desktop/larr_project/AirSim/ros2/install/airsim_interfaces:/opt/ros/humble', 'SHELL': '/bin/bash', 'LC_NAME': 'ko_KR.UTF-8', 'QT_ACCESSIBILITY': '1', 'GDMSESSION': 'ubuntu', 'LESSCLOSE': '/usr/bin/lesspipe %s %s', 'LC_MEASUREMENT': 'ko_KR.UTF-8', 'GPG_AGENT_INFO': '/run/user/1000/gnupg/S.gpg-agent:0:1', 'LC_IDENTIFICATION': 'ko_KR.UTF-8', 'QT_IM_MODULE': 'ibus', 'PWD': '/home/vdcl/Desktop/larr_project/umv_control/build/utils', 'LC_ALL': 'en_US.UTF-8', 'XDG_CONFIG_DIRS': '/etc/xdg/xdg-ubuntu:/etc/xdg', 'XDG_DATA_DIRS': '/usr/share/ubuntu:/usr/share/gnome:/usr/local/share/:/usr/share/:/var/lib/snapd/desktop', 'PYTHONPATH': '/home/vdcl/Desktop/larr_project/umv_control/build/utils/prefix_override:/home/vdcl/Desktop/larr_project/umv_control/install/utils/lib/python3.10/site-packages:/home/vdcl/Desktop/larr_project/umv_control/install/utils/lib/python3.10/site-packages:/home/vdcl/Desktop/larr_project/umv_control/install/lower_controller/lib/python3.10/site-packages:/home/vdcl/Desktop/larr_project/umv_control/install/host_vehicle_filter/lib/python3.10/site-packages:/home/vdcl/Desktop/larr_project/umv_control/install/global_path/lib/python3.10/site-packages:/home/vdcl/Desktop/larr_project/umv_control/install/umv_msgs/local/lib/python3.10/dist-packages:/home/vdcl/Desktop/larr_project/umv_control/install/motion_planner/lib/python3.10/site-packages:/home/vdcl/Desktop/larr_project/AirSim/ros2/install/airsim_interfaces/local/lib/python3.10/dist-packages:/opt/ros/humble/lib/python3.10/site-packages:/opt/ros/humble/local/lib/python3.10/dist-packages', 'LC_NUMERIC': 'ko_KR.UTF-8', 'LC_PAPER': 'ko_KR.UTF-8', 'COLCON': '1', 'VTE_VERSION': '6800', 'CMAKE_PREFIX_PATH': '/home/vdcl/Desktop/larr_project/umv_control/install/mppi:/home/vdcl/Desktop/larr_project/umv_control/install/umv_msgs:/home/vdcl/Desktop/larr_project/AirSim/ros2/install/airsim_ros_pkgs:/home/vdcl/Desktop/larr_project/AirSim/ros2/install/airsim_interfaces'}, 'shell': False}
[2.203505] (umv_msgs) JobEnded: {'identifier': 'umv_msgs', 'rc': 0}
[2.203945] (global_path) JobStarted: {'identifier': 'global_path'}
[2.225514] (-) TimerEvent: {}
[2.234869] (host_vehicle_filter) JobStarted: {'identifier': 'host_vehicle_filter'}
[2.253322] (lower_controller) JobStarted: {'identifier': 'lower_controller'}
[2.264859] (mppi) JobStarted: {'identifier': 'mppi'}
[2.325608] (-) TimerEvent: {}
[2.427531] (-) TimerEvent: {}
[2.527855] (-) TimerEvent: {}
[2.619518] (utils) StdoutLine: {'line': b'running egg_info\n'}
[2.620659] (utils) StdoutLine: {'line': b'writing ../../build/utils/utils.egg-info/PKG-INFO\n'}
[2.621177] (utils) StdoutLine: {'line': b'writing dependency_links to ../../build/utils/utils.egg-info/dependency_links.txt\n'}
[2.621670] (utils) StdoutLine: {'line': b'writing entry points to ../../build/utils/utils.egg-info/entry_points.txt\n'}
[2.622211] (utils) StdoutLine: {'line': b'writing requirements to ../../build/utils/utils.egg-info/requires.txt\n'}
[2.622756] (utils) StdoutLine: {'line': b'writing top-level names to ../../build/utils/utils.egg-info/top_level.txt\n'}
[2.625517] (utils) StdoutLine: {'line': b"reading manifest file '../../build/utils/utils.egg-info/SOURCES.txt'\n"}
[2.626427] (utils) StdoutLine: {'line': b"adding license file 'LICENSE'\n"}
[2.627239] (utils) StdoutLine: {'line': b"writing manifest file '../../build/utils/utils.egg-info/SOURCES.txt'\n"}
[2.627504] (utils) StdoutLine: {'line': b'running build\n'}
[2.627680] (utils) StdoutLine: {'line': b'running build_py\n'}
[2.627922] (-) TimerEvent: {}
[2.628301] (utils) StdoutLine: {'line': b'running install\n'}
[2.628660] (utils) StdoutLine: {'line': b'running install_lib\n'}
[2.633011] (utils) StdoutLine: {'line': b'running install_data\n'}
[2.633293] (utils) StdoutLine: {'line': b'running install_egg_info\n'}
[2.633584] (utils) StdoutLine: {'line': b"removing '/home/vdcl/Desktop/larr_project/umv_control/install/utils/lib/python3.10/site-packages/utils-0.0.0-py3.10.egg-info' (and everything under it)\n"}
[2.633806] (utils) StdoutLine: {'line': b'Copying ../../build/utils/utils.egg-info to /home/vdcl/Desktop/larr_project/umv_control/install/utils/lib/python3.10/site-packages/utils-0.0.0-py3.10.egg-info\n'}
[2.634863] (utils) StdoutLine: {'line': b'running install_scripts\n'}
[2.635120] (motion_planner) StdoutLine: {'line': b'running egg_info\n'}
[2.636308] (motion_planner) StdoutLine: {'line': b'writing ../../build/motion_planner/motion_planner.egg-info/PKG-INFO\n'}
[2.636762] (motion_planner) StdoutLine: {'line': b'writing dependency_links to ../../build/motion_planner/motion_planner.egg-info/dependency_links.txt\n'}
[2.637012] (motion_planner) StdoutLine: {'line': b'writing entry points to ../../build/motion_planner/motion_planner.egg-info/entry_points.txt\n'}
[2.637228] (motion_planner) StdoutLine: {'line': b'writing requirements to ../../build/motion_planner/motion_planner.egg-info/requires.txt\n'}
[2.637432] (motion_planner) StdoutLine: {'line': b'writing top-level names to ../../build/motion_planner/motion_planner.egg-info/top_level.txt\n'}
[2.641221] (motion_planner) StdoutLine: {'line': b"reading manifest file '../../build/motion_planner/motion_planner.egg-info/SOURCES.txt'\n"}
[2.642796] (motion_planner) StdoutLine: {'line': b"adding license file 'LICENSE'\n"}
[2.644065] (motion_planner) StdoutLine: {'line': b"writing manifest file '../../build/motion_planner/motion_planner.egg-info/SOURCES.txt'\n"}
[2.644344] (motion_planner) StdoutLine: {'line': b'running build\n'}
[2.644527] (motion_planner) StdoutLine: {'line': b'running build_py\n'}
[2.645264] (motion_planner) StdoutLine: {'line': b'running install\n'}
[2.645977] (motion_planner) StdoutLine: {'line': b'running install_lib\n'}
[2.648281] (motion_planner) StdoutLine: {'line': b'running install_data\n'}
[2.648543] (motion_planner) StdoutLine: {'line': b'running install_egg_info\n'}
[2.652864] (motion_planner) StdoutLine: {'line': b"removing '/home/vdcl/Desktop/larr_project/umv_control/install/motion_planner/lib/python3.10/site-packages/motion_planner-0.0.0-py3.10.egg-info' (and everything under it)\n"}
[2.653430] (motion_planner) StdoutLine: {'line': b'Copying ../../build/motion_planner/motion_planner.egg-info to /home/vdcl/Desktop/larr_project/umv_control/install/motion_planner/lib/python3.10/site-packages/motion_planner-0.0.0-py3.10.egg-info\n'}
[2.655138] (motion_planner) StdoutLine: {'line': b'running install_scripts\n'}
[2.665755] (utils) StdoutLine: {'line': b'Installing path_plotter_node script to /home/vdcl/Desktop/larr_project/umv_control/install/utils/lib/utils\n'}
[2.666087] (utils) StdoutLine: {'line': b'Installing virtual_target_node script to /home/vdcl/Desktop/larr_project/umv_control/install/utils/lib/utils\n'}
[2.666397] (utils) StdoutLine: {'line': b"writing list of installed files to '/home/vdcl/Desktop/larr_project/umv_control/build/utils/install.log'\n"}
[2.703328] (motion_planner) StdoutLine: {'line': b'Installing motion_planner_node script to /home/vdcl/Desktop/larr_project/umv_control/install/motion_planner/lib/motion_planner\n'}
[2.704003] (motion_planner) StdoutLine: {'line': b"writing list of installed files to '/home/vdcl/Desktop/larr_project/umv_control/build/motion_planner/install.log'\n"}
[2.728397] (-) TimerEvent: {}
[2.830915] (-) TimerEvent: {}
[2.931316] (-) TimerEvent: {}
[3.031638] (-) TimerEvent: {}
[3.132104] (-) TimerEvent: {}
[3.233175] (-) TimerEvent: {}
[3.333466] (-) TimerEvent: {}
[3.433767] (-) TimerEvent: {}
[3.435882] (utils) CommandEnded: {'returncode': 0}
[3.443456] (utils) JobEnded: {'identifier': 'utils', 'rc': 0}
[3.444604] (mppi) JobProgress: {'identifier': 'mppi', 'progress': 'cmake'}
[3.445861] (mppi) JobProgress: {'identifier': 'mppi', 'progress': 'build'}
[3.446305] (mppi) Command: {'cmd': ['/usr/bin/cmake', '--build', '/home/vdcl/Desktop/larr_project/umv_control/build/mppi', '--', '-j8', '-l8'], 'cwd': '/home/vdcl/Desktop/larr_project/umv_control/build/mppi', 'env': OrderedDict([('LESSOPEN', '| /usr/bin/lesspipe %s'), ('LANGUAGE', 'ko:en'), ('USER', 'vdcl'), ('LC_TIME', 'ko_KR.UTF-8'), ('XDG_SESSION_TYPE', 'x11'), ('SHLVL', '1'), ('LD_LIBRARY_PATH', '/home/vdcl/Desktop/larr_project/umv_control/install/umv_msgs/lib:/usr/local/cuda-12.2/lib64:/usr/local/cuda-12.2/lib64:/home/vdcl/Desktop/larr_project/AirSim/ros2/install/airsim_ros_pkgs/lib:/home/vdcl/Desktop/larr_project/AirSim/ros2/install/airsim_interfaces/lib:/opt/ros/humble/opt/rviz_ogre_vendor/lib:/opt/ros/humble/lib/x86_64-linux-gnu:/opt/ros/humble/lib'), ('HOME', '/home/vdcl'), ('OLDPWD', '/home/vdcl/Desktop/larr_project/umv_control/src'), ('DESKTOP_SESSION', 'ubuntu'), ('ROS_PYTHON_VERSION', '3'), ('GNOME_SHELL_SESSION_MODE', 'ubuntu'), ('GTK_MODULES', 'gail:atk-bridge'), ('LC_MONETARY', 'ko_KR.UTF-8'), ('SYSTEMD_EXEC_PID', '1361'), ('DBUS_SESSION_BUS_ADDRESS', 'unix:path=/run/user/1000/bus'), ('COLORTERM', 'truecolor'), ('COLCON_PREFIX_PATH', '/home/vdcl/Desktop/larr_project/AirSim/ros2/install:/home/vdcl/Desktop/larr_project/umv_control/install'), ('ROS_DISTRO', 'humble'), ('GTK_IM_MODULE', 'ibus'), ('LOGNAME', 'vdcl'), ('_', '/usr/bin/colcon'), ('ROS_VERSION', '2'), ('XDG_SESSION_CLASS', 'user'), ('USERNAME', 'vdcl'), ('TERM', 'xterm-256color'), ('GNOME_DESKTOP_SESSION_ID', 'this-is-deprecated'), ('ROS_LOCALHOST_ONLY', '0'), ('WINDOWPATH', '2'), ('PATH', '/usr/local/cuda-12.2/bin:/usr/local/cuda-12.2/bin:/opt/ros/humble/bin:/home/vdcl/.local/bin:/usr/local/sbin:/usr/local/bin:/usr/sbin:/usr/bin:/sbin:/bin:/usr/games:/usr/local/games:/snap/bin:/snap/bin:/opt/ros/humble/include:/opt/ros/humble/include'), ('SESSION_MANAGER', 'local/vdcl-desktop:@/tmp/.ICE-unix/1333,unix/vdcl-desktop:/tmp/.ICE-unix/1333'), ('PAPERSIZE', 'a4'), ('XDG_MENU_PREFIX', 'gnome-'), ('LC_ADDRESS', 'ko_KR.UTF-8'), ('GNOME_TERMINAL_SCREEN', '/org/gnome/Terminal/screen/244b1995_d174_49d6_9f76_ef76ebb72537'), ('XDG_RUNTIME_DIR', '/run/user/1000'), ('DISPLAY', ':0'), ('LANG', 'ko_KR.UTF-8'), ('XDG_CURRENT_DESKTOP', 'ubuntu:GNOME'), ('LC_TELEPHONE', 'ko_KR.UTF-8'), ('XMODIFIERS', '@im=ibus'), ('XDG_SESSION_DESKTOP', 'ubuntu'), ('XAUTHORITY', '/run/user/1000/gdm/Xauthority'), ('LS_COLORS', 'rs=0:di=01;34:ln=01;36:mh=00:pi=40;33:so=01;35:do=01;35:bd=40;33;01:cd=40;33;01:or=40;31;01:mi=00:su=37;41:sg=30;43:ca=30;41:tw=30;42:ow=34;42:st=37;44:ex=01;32:*.tar=01;31:*.tgz=01;31:*.arc=01;31:*.arj=01;31:*.taz=01;31:*.lha=01;31:*.lz4=01;31:*.lzh=01;31:*.lzma=01;31:*.tlz=01;31:*.txz=01;31:*.tzo=01;31:*.t7z=01;31:*.zip=01;31:*.z=01;31:*.dz=01;31:*.gz=01;31:*.lrz=01;31:*.lz=01;31:*.lzo=01;31:*.xz=01;31:*.zst=01;31:*.tzst=01;31:*.bz2=01;31:*.bz=01;31:*.tbz=01;31:*.tbz2=01;31:*.tz=01;31:*.deb=01;31:*.rpm=01;31:*.jar=01;31:*.war=01;31:*.ear=01;31:*.sar=01;31:*.rar=01;31:*.alz=01;31:*.ace=01;31:*.zoo=01;31:*.cpio=01;31:*.7z=01;31:*.rz=01;31:*.cab=01;31:*.wim=01;31:*.swm=01;31:*.dwm=01;31:*.esd=01;31:*.jpg=01;35:*.jpeg=01;35:*.mjpg=01;35:*.mjpeg=01;35:*.gif=01;35:*.bmp=01;35:*.pbm=01;35:*.pgm=01;35:*.ppm=01;35:*.tga=01;35:*.xbm=01;35:*.xpm=01;35:*.tif=01;35:*.tiff=01;35:*.png=01;35:*.svg=01;35:*.svgz=01;35:*.mng=01;35:*.pcx=01;35:*.mov=01;35:*.mpg=01;35:*.mpeg=01;35:*.m2v=01;35:*.mkv=01;35:*.webm=01;35:*.webp=01;35:*.ogm=01;35:*.mp4=01;35:*.m4v=01;35:*.mp4v=01;35:*.vob=01;35:*.qt=01;35:*.nuv=01;35:*.wmv=01;35:*.asf=01;35:*.rm=01;35:*.rmvb=01;35:*.flc=01;35:*.avi=01;35:*.fli=01;35:*.flv=01;35:*.gl=01;35:*.dl=01;35:*.xcf=01;35:*.xwd=01;35:*.yuv=01;35:*.cgm=01;35:*.emf=01;35:*.ogv=01;35:*.ogx=01;35:*.aac=00;36:*.au=00;36:*.flac=00;36:*.m4a=00;36:*.mid=00;36:*.midi=00;36:*.mka=00;36:*.mp3=00;36:*.mpc=00;36:*.ogg=00;36:*.ra=00;36:*.wav=00;36:*.oga=00;36:*.opus=00;36:*.spx=00;36:*.xspf=00;36:'), ('GNOME_TERMINAL_SERVICE', ':1.4978'), ('SSH_AGENT_LAUNCHER', 'gnome-keyring'), ('SSH_AUTH_SOCK', '/run/user/1000/keyring/ssh'), ('AMENT_PREFIX_PATH', '/home/vdcl/Desktop/larr_project/umv_control/install/utils:/home/vdcl/Desktop/larr_project/umv_control/install/mppi:/home/vdcl/Desktop/larr_project/umv_control/install/lower_controller:/home/vdcl/Desktop/larr_project/umv_control/install/host_vehicle_filter:/home/vdcl/Desktop/larr_project/umv_control/install/global_path:/home/vdcl/Desktop/larr_project/umv_control/install/umv_msgs:/home/vdcl/Desktop/larr_project/umv_control/install/motion_planner:/home/vdcl/Desktop/larr_project/AirSim/ros2/install/airsim_ros_pkgs:/home/vdcl/Desktop/larr_project/AirSim/ros2/install/airsim_interfaces:/opt/ros/humble'), ('SHELL', '/bin/bash'), ('LC_NAME', 'ko_KR.UTF-8'), ('QT_ACCESSIBILITY', '1'), ('GDMSESSION', 'ubuntu'), ('LESSCLOSE', '/usr/bin/lesspipe %s %s'), ('LC_MEASUREMENT', 'ko_KR.UTF-8'), ('GPG_AGENT_INFO', '/run/user/1000/gnupg/S.gpg-agent:0:1'), ('LC_IDENTIFICATION', 'ko_KR.UTF-8'), ('QT_IM_MODULE', 'ibus'), ('PWD', '/home/vdcl/Desktop/larr_project/umv_control/build/mppi'), ('LC_ALL', 'en_US.UTF-8'), ('XDG_CONFIG_DIRS', '/etc/xdg/xdg-ubuntu:/etc/xdg'), ('XDG_DATA_DIRS', '/usr/share/ubuntu:/usr/share/gnome:/usr/local/share/:/usr/share/:/var/lib/snapd/desktop'), ('PYTHONPATH', '/home/vdcl/Desktop/larr_project/umv_control/install/utils/lib/python3.10/site-packages:/home/vdcl/Desktop/larr_project/umv_control/install/lower_controller/lib/python3.10/site-packages:/home/vdcl/Desktop/larr_project/umv_control/install/host_vehicle_filter/lib/python3.10/site-packages:/home/vdcl/Desktop/larr_project/umv_control/install/global_path/lib/python3.10/site-packages:/home/vdcl/Desktop/larr_project/umv_control/install/umv_msgs/local/lib/python3.10/dist-packages:/home/vdcl/Desktop/larr_project/umv_control/install/motion_planner/lib/python3.10/site-packages:/home/vdcl/Desktop/larr_project/AirSim/ros2/install/airsim_interfaces/local/lib/python3.10/dist-packages:/opt/ros/humble/lib/python3.10/site-packages:/opt/ros/humble/local/lib/python3.10/dist-packages'), ('LC_NUMERIC', 'ko_KR.UTF-8'), ('LC_PAPER', 'ko_KR.UTF-8'), ('COLCON', '1'), ('VTE_VERSION', '6800'), ('CMAKE_PREFIX_PATH', '/home/vdcl/Desktop/larr_project/umv_control/install/umv_msgs:/home/vdcl/Desktop/larr_project/umv_control/install/mppi:/home/vdcl/Desktop/larr_project/AirSim/ros2/install/airsim_ros_pkgs:/home/vdcl/Desktop/larr_project/AirSim/ros2/install/airsim_interfaces:/home/vdcl/Desktop/larr_project/umv_control/install/utils:/home/vdcl/Desktop/larr_project/umv_control/install/lower_controller:/home/vdcl/Desktop/larr_project/umv_control/install/host_vehicle_filter:/home/vdcl/Desktop/larr_project/umv_control/install/global_path:/home/vdcl/Desktop/larr_project/umv_control/install/motion_planner:/opt/ros/humble')]), 'shell': False}
[3.448802] (motion_planner) CommandEnded: {'returncode': 0}
[3.456694] (motion_planner) JobEnded: {'identifier': 'motion_planner', 'rc': 0}
[3.544881] (-) TimerEvent: {}
[3.553145] (mppi) StdoutLine: {'line': b'\x1b[35m\x1b[1mConsolidate compiler generated dependencies of target mppi_manager\x1b[0m\n'}
[3.618112] (mppi) StdoutLine: {'line': b'[ 33%] \x1b[32mBuilding CXX object CMakeFiles/mppi_manager.dir/src/mppi.cpp.o\x1b[0m\n'}
[3.645491] (-) TimerEvent: {}
[3.746018] (-) TimerEvent: {}
[3.848664] (-) TimerEvent: {}
[3.949574] (-) TimerEvent: {}
[4.051163] (-) TimerEvent: {}
[4.151851] (-) TimerEvent: {}
[4.246932] (lower_controller) Command: {'cmd': ['/usr/bin/python3', '-W', 'ignore:setup.py install is deprecated', 'setup.py', 'egg_info', '--egg-base', '../../build/lower_controller', 'build', '--build-base', '/home/vdcl/Desktop/larr_project/umv_control/build/lower_controller/build', 'install', '--record', '/home/vdcl/Desktop/larr_project/umv_control/build/lower_controller/install.log', '--single-version-externally-managed', 'install_data'], 'cwd': '/home/vdcl/Desktop/larr_project/umv_control/src/lower_controller', 'env': {'LESSOPEN': '| /usr/bin/lesspipe %s', 'LANGUAGE': 'ko:en', 'USER': 'vdcl', 'LC_TIME': 'ko_KR.UTF-8', 'XDG_SESSION_TYPE': 'x11', 'SHLVL': '1', 'LD_LIBRARY_PATH': '/home/vdcl/Desktop/larr_project/umv_control/install/umv_msgs/lib:/usr/local/cuda-12.2/lib64:/usr/local/cuda-12.2/lib64:/home/vdcl/Desktop/larr_project/AirSim/ros2/install/airsim_ros_pkgs/lib:/home/vdcl/Desktop/larr_project/AirSim/ros2/install/airsim_interfaces/lib:/opt/ros/humble/opt/rviz_ogre_vendor/lib:/opt/ros/humble/lib/x86_64-linux-gnu:/opt/ros/humble/lib', 'HOME': '/home/vdcl', 'OLDPWD': '/home/vdcl/Desktop/larr_project/umv_control/src', 'DESKTOP_SESSION': 'ubuntu', 'ROS_PYTHON_VERSION': '3', 'GNOME_SHELL_SESSION_MODE': 'ubuntu', 'GTK_MODULES': 'gail:atk-bridge', 'LC_MONETARY': 'ko_KR.UTF-8', 'SYSTEMD_EXEC_PID': '1361', 'DBUS_SESSION_BUS_ADDRESS': 'unix:path=/run/user/1000/bus', 'COLORTERM': 'truecolor', 'COLCON_PREFIX_PATH': '/home/vdcl/Desktop/larr_project/AirSim/ros2/install:/home/vdcl/Desktop/larr_project/umv_control/install', 'ROS_DISTRO': 'humble', 'GTK_IM_MODULE': 'ibus', 'LOGNAME': 'vdcl', '_': '/usr/bin/colcon', 'ROS_VERSION': '2', 'XDG_SESSION_CLASS': 'user', 'USERNAME': 'vdcl', 'TERM': 'xterm-256color', 'GNOME_DESKTOP_SESSION_ID': 'this-is-deprecated', 'ROS_LOCALHOST_ONLY': '0', 'WINDOWPATH': '2', 'PATH': '/usr/local/cuda-12.2/bin:/usr/local/cuda-12.2/bin:/opt/ros/humble/bin:/home/vdcl/.local/bin:/usr/local/sbin:/usr/local/bin:/usr/sbin:/usr/bin:/sbin:/bin:/usr/games:/usr/local/games:/snap/bin:/snap/bin:/opt/ros/humble/include:/opt/ros/humble/include', 'SESSION_MANAGER': 'local/vdcl-desktop:@/tmp/.ICE-unix/1333,unix/vdcl-desktop:/tmp/.ICE-unix/1333', 'PAPERSIZE': 'a4', 'XDG_MENU_PREFIX': 'gnome-', 'LC_ADDRESS': 'ko_KR.UTF-8', 'GNOME_TERMINAL_SCREEN': '/org/gnome/Terminal/screen/244b1995_d174_49d6_9f76_ef76ebb72537', 'XDG_RUNTIME_DIR': '/run/user/1000', 'DISPLAY': ':0', 'LANG': 'ko_KR.UTF-8', 'XDG_CURRENT_DESKTOP': 'ubuntu:GNOME', 'LC_TELEPHONE': 'ko_KR.UTF-8', 'XMODIFIERS': '@im=ibus', 'XDG_SESSION_DESKTOP': 'ubuntu', 'XAUTHORITY': '/run/user/1000/gdm/Xauthority', 'LS_COLORS': 'rs=0:di=01;34:ln=01;36:mh=00:pi=40;33:so=01;35:do=01;35:bd=40;33;01:cd=40;33;01:or=40;31;01:mi=00:su=37;41:sg=30;43:ca=30;41:tw=30;42:ow=34;42:st=37;44:ex=01;32:*.tar=01;31:*.tgz=01;31:*.arc=01;31:*.arj=01;31:*.taz=01;31:*.lha=01;31:*.lz4=01;31:*.lzh=01;31:*.lzma=01;31:*.tlz=01;31:*.txz=01;31:*.tzo=01;31:*.t7z=01;31:*.zip=01;31:*.z=01;31:*.dz=01;31:*.gz=01;31:*.lrz=01;31:*.lz=01;31:*.lzo=01;31:*.xz=01;31:*.zst=01;31:*.tzst=01;31:*.bz2=01;31:*.bz=01;31:*.tbz=01;31:*.tbz2=01;31:*.tz=01;31:*.deb=01;31:*.rpm=01;31:*.jar=01;31:*.war=01;31:*.ear=01;31:*.sar=01;31:*.rar=01;31:*.alz=01;31:*.ace=01;31:*.zoo=01;31:*.cpio=01;31:*.7z=01;31:*.rz=01;31:*.cab=01;31:*.wim=01;31:*.swm=01;31:*.dwm=01;31:*.esd=01;31:*.jpg=01;35:*.jpeg=01;35:*.mjpg=01;35:*.mjpeg=01;35:*.gif=01;35:*.bmp=01;35:*.pbm=01;35:*.pgm=01;35:*.ppm=01;35:*.tga=01;35:*.xbm=01;35:*.xpm=01;35:*.tif=01;35:*.tiff=01;35:*.png=01;35:*.svg=01;35:*.svgz=01;35:*.mng=01;35:*.pcx=01;35:*.mov=01;35:*.mpg=01;35:*.mpeg=01;35:*.m2v=01;35:*.mkv=01;35:*.webm=01;35:*.webp=01;35:*.ogm=01;35:*.mp4=01;35:*.m4v=01;35:*.mp4v=01;35:*.vob=01;35:*.qt=01;35:*.nuv=01;35:*.wmv=01;35:*.asf=01;35:*.rm=01;35:*.rmvb=01;35:*.flc=01;35:*.avi=01;35:*.fli=01;35:*.flv=01;35:*.gl=01;35:*.dl=01;35:*.xcf=01;35:*.xwd=01;35:*.yuv=01;35:*.cgm=01;35:*.emf=01;35:*.ogv=01;35:*.ogx=01;35:*.aac=00;36:*.au=00;36:*.flac=00;36:*.m4a=00;36:*.mid=00;36:*.midi=00;36:*.mka=00;36:*.mp3=00;36:*.mpc=00;36:*.ogg=00;36:*.ra=00;36:*.wav=00;36:*.oga=00;36:*.opus=00;36:*.spx=00;36:*.xspf=00;36:', 'GNOME_TERMINAL_SERVICE': ':1.4978', 'SSH_AGENT_LAUNCHER': 'gnome-keyring', 'SSH_AUTH_SOCK': '/run/user/1000/keyring/ssh', 'AMENT_PREFIX_PATH': '/home/vdcl/Desktop/larr_project/umv_control/install/utils:/home/vdcl/Desktop/larr_project/umv_control/install/mppi:/home/vdcl/Desktop/larr_project/umv_control/install/lower_controller:/home/vdcl/Desktop/larr_project/umv_control/install/host_vehicle_filter:/home/vdcl/Desktop/larr_project/umv_control/install/global_path:/home/vdcl/Desktop/larr_project/umv_control/install/umv_msgs:/home/vdcl/Desktop/larr_project/umv_control/install/motion_planner:/home/vdcl/Desktop/larr_project/AirSim/ros2/install/airsim_ros_pkgs:/home/vdcl/Desktop/larr_project/AirSim/ros2/install/airsim_interfaces:/opt/ros/humble', 'SHELL': '/bin/bash', 'LC_NAME': 'ko_KR.UTF-8', 'QT_ACCESSIBILITY': '1', 'GDMSESSION': 'ubuntu', 'LESSCLOSE': '/usr/bin/lesspipe %s %s', 'LC_MEASUREMENT': 'ko_KR.UTF-8', 'GPG_AGENT_INFO': '/run/user/1000/gnupg/S.gpg-agent:0:1', 'LC_IDENTIFICATION': 'ko_KR.UTF-8', 'QT_IM_MODULE': 'ibus', 'PWD': '/home/vdcl/Desktop/larr_project/umv_control/build/lower_controller', 'LC_ALL': 'en_US.UTF-8', 'XDG_CONFIG_DIRS': '/etc/xdg/xdg-ubuntu:/etc/xdg', 'XDG_DATA_DIRS': '/usr/share/ubuntu:/usr/share/gnome:/usr/local/share/:/usr/share/:/var/lib/snapd/desktop', 'PYTHONPATH': '/home/vdcl/Desktop/larr_project/umv_control/build/lower_controller/prefix_override:/home/vdcl/Desktop/larr_project/umv_control/install/lower_controller/lib/python3.10/site-packages:/home/vdcl/Desktop/larr_project/umv_control/install/utils/lib/python3.10/site-packages:/home/vdcl/Desktop/larr_project/umv_control/install/lower_controller/lib/python3.10/site-packages:/home/vdcl/Desktop/larr_project/umv_control/install/host_vehicle_filter/lib/python3.10/site-packages:/home/vdcl/Desktop/larr_project/umv_control/install/global_path/lib/python3.10/site-packages:/home/vdcl/Desktop/larr_project/umv_control/install/umv_msgs/local/lib/python3.10/dist-packages:/home/vdcl/Desktop/larr_project/umv_control/install/motion_planner/lib/python3.10/site-packages:/home/vdcl/Desktop/larr_project/AirSim/ros2/install/airsim_interfaces/local/lib/python3.10/dist-packages:/opt/ros/humble/lib/python3.10/site-packages:/opt/ros/humble/local/lib/python3.10/dist-packages', 'LC_NUMERIC': 'ko_KR.UTF-8', 'LC_PAPER': 'ko_KR.UTF-8', 'COLCON': '1', 'VTE_VERSION': '6800', 'CMAKE_PREFIX_PATH': '/home/vdcl/Desktop/larr_project/umv_control/install/umv_msgs:/home/vdcl/Desktop/larr_project/umv_control/install/mppi:/home/vdcl/Desktop/larr_project/AirSim/ros2/install/airsim_ros_pkgs:/home/vdcl/Desktop/larr_project/AirSim/ros2/install/airsim_interfaces'}, 'shell': False}
[4.252562] (-) TimerEvent: {}
[4.352875] (-) TimerEvent: {}
[4.396923] (host_vehicle_filter) Command: {'cmd': ['/usr/bin/python3', '-W', 'ignore:setup.py install is deprecated', 'setup.py', 'egg_info', '--egg-base', '../../build/host_vehicle_filter', 'build', '--build-base', '/home/vdcl/Desktop/larr_project/umv_control/build/host_vehicle_filter/build', 'install', '--record', '/home/vdcl/Desktop/larr_project/umv_control/build/host_vehicle_filter/install.log', '--single-version-externally-managed', 'install_data'], 'cwd': '/home/vdcl/Desktop/larr_project/umv_control/src/host_vehicle_filter', 'env': {'LESSOPEN': '| /usr/bin/lesspipe %s', 'LANGUAGE': 'ko:en', 'USER': 'vdcl', 'LC_TIME': 'ko_KR.UTF-8', 'XDG_SESSION_TYPE': 'x11', 'SHLVL': '1', 'LD_LIBRARY_PATH': '/home/vdcl/Desktop/larr_project/umv_control/install/umv_msgs/lib:/usr/local/cuda-12.2/lib64:/usr/local/cuda-12.2/lib64:/home/vdcl/Desktop/larr_project/AirSim/ros2/install/airsim_ros_pkgs/lib:/home/vdcl/Desktop/larr_project/AirSim/ros2/install/airsim_interfaces/lib:/opt/ros/humble/opt/rviz_ogre_vendor/lib:/opt/ros/humble/lib/x86_64-linux-gnu:/opt/ros/humble/lib', 'HOME': '/home/vdcl', 'OLDPWD': '/home/vdcl/Desktop/larr_project/umv_control/src', 'DESKTOP_SESSION': 'ubuntu', 'ROS_PYTHON_VERSION': '3', 'GNOME_SHELL_SESSION_MODE': 'ubuntu', 'GTK_MODULES': 'gail:atk-bridge', 'LC_MONETARY': 'ko_KR.UTF-8', 'SYSTEMD_EXEC_PID': '1361', 'DBUS_SESSION_BUS_ADDRESS': 'unix:path=/run/user/1000/bus', 'COLORTERM': 'truecolor', 'COLCON_PREFIX_PATH': '/home/vdcl/Desktop/larr_project/AirSim/ros2/install:/home/vdcl/Desktop/larr_project/umv_control/install', 'ROS_DISTRO': 'humble', 'GTK_IM_MODULE': 'ibus', 'LOGNAME': 'vdcl', '_': '/usr/bin/colcon', 'ROS_VERSION': '2', 'XDG_SESSION_CLASS': 'user', 'USERNAME': 'vdcl', 'TERM': 'xterm-256color', 'GNOME_DESKTOP_SESSION_ID': 'this-is-deprecated', 'ROS_LOCALHOST_ONLY': '0', 'WINDOWPATH': '2', 'PATH': '/usr/local/cuda-12.2/bin:/usr/local/cuda-12.2/bin:/opt/ros/humble/bin:/home/vdcl/.local/bin:/usr/local/sbin:/usr/local/bin:/usr/sbin:/usr/bin:/sbin:/bin:/usr/games:/usr/local/games:/snap/bin:/snap/bin:/opt/ros/humble/include:/opt/ros/humble/include', 'SESSION_MANAGER': 'local/vdcl-desktop:@/tmp/.ICE-unix/1333,unix/vdcl-desktop:/tmp/.ICE-unix/1333', 'PAPERSIZE': 'a4', 'XDG_MENU_PREFIX': 'gnome-', 'LC_ADDRESS': 'ko_KR.UTF-8', 'GNOME_TERMINAL_SCREEN': '/org/gnome/Terminal/screen/244b1995_d174_49d6_9f76_ef76ebb72537', 'XDG_RUNTIME_DIR': '/run/user/1000', 'DISPLAY': ':0', 'LANG': 'ko_KR.UTF-8', 'XDG_CURRENT_DESKTOP': 'ubuntu:GNOME', 'LC_TELEPHONE': 'ko_KR.UTF-8', 'XMODIFIERS': '@im=ibus', 'XDG_SESSION_DESKTOP': 'ubuntu', 'XAUTHORITY': '/run/user/1000/gdm/Xauthority', 'LS_COLORS': 'rs=0:di=01;34:ln=01;36:mh=00:pi=40;33:so=01;35:do=01;35:bd=40;33;01:cd=40;33;01:or=40;31;01:mi=00:su=37;41:sg=30;43:ca=30;41:tw=30;42:ow=34;42:st=37;44:ex=01;32:*.tar=01;31:*.tgz=01;31:*.arc=01;31:*.arj=01;31:*.taz=01;31:*.lha=01;31:*.lz4=01;31:*.lzh=01;31:*.lzma=01;31:*.tlz=01;31:*.txz=01;31:*.tzo=01;31:*.t7z=01;31:*.zip=01;31:*.z=01;31:*.dz=01;31:*.gz=01;31:*.lrz=01;31:*.lz=01;31:*.lzo=01;31:*.xz=01;31:*.zst=01;31:*.tzst=01;31:*.bz2=01;31:*.bz=01;31:*.tbz=01;31:*.tbz2=01;31:*.tz=01;31:*.deb=01;31:*.rpm=01;31:*.jar=01;31:*.war=01;31:*.ear=01;31:*.sar=01;31:*.rar=01;31:*.alz=01;31:*.ace=01;31:*.zoo=01;31:*.cpio=01;31:*.7z=01;31:*.rz=01;31:*.cab=01;31:*.wim=01;31:*.swm=01;31:*.dwm=01;31:*.esd=01;31:*.jpg=01;35:*.jpeg=01;35:*.mjpg=01;35:*.mjpeg=01;35:*.gif=01;35:*.bmp=01;35:*.pbm=01;35:*.pgm=01;35:*.ppm=01;35:*.tga=01;35:*.xbm=01;35:*.xpm=01;35:*.tif=01;35:*.tiff=01;35:*.png=01;35:*.svg=01;35:*.svgz=01;35:*.mng=01;35:*.pcx=01;35:*.mov=01;35:*.mpg=01;35:*.mpeg=01;35:*.m2v=01;35:*.mkv=01;35:*.webm=01;35:*.webp=01;35:*.ogm=01;35:*.mp4=01;35:*.m4v=01;35:*.mp4v=01;35:*.vob=01;35:*.qt=01;35:*.nuv=01;35:*.wmv=01;35:*.asf=01;35:*.rm=01;35:*.rmvb=01;35:*.flc=01;35:*.avi=01;35:*.fli=01;35:*.flv=01;35:*.gl=01;35:*.dl=01;35:*.xcf=01;35:*.xwd=01;35:*.yuv=01;35:*.cgm=01;35:*.emf=01;35:*.ogv=01;35:*.ogx=01;35:*.aac=00;36:*.au=00;36:*.flac=00;36:*.m4a=00;36:*.mid=00;36:*.midi=00;36:*.mka=00;36:*.mp3=00;36:*.mpc=00;36:*.ogg=00;36:*.ra=00;36:*.wav=00;36:*.oga=00;36:*.opus=00;36:*.spx=00;36:*.xspf=00;36:', 'GNOME_TERMINAL_SERVICE': ':1.4978', 'SSH_AGENT_LAUNCHER': 'gnome-keyring', 'SSH_AUTH_SOCK': '/run/user/1000/keyring/ssh', 'AMENT_PREFIX_PATH': '/home/vdcl/Desktop/larr_project/umv_control/install/utils:/home/vdcl/Desktop/larr_project/umv_control/install/mppi:/home/vdcl/Desktop/larr_project/umv_control/install/lower_controller:/home/vdcl/Desktop/larr_project/umv_control/install/host_vehicle_filter:/home/vdcl/Desktop/larr_project/umv_control/install/global_path:/home/vdcl/Desktop/larr_project/umv_control/install/umv_msgs:/home/vdcl/Desktop/larr_project/umv_control/install/motion_planner:/home/vdcl/Desktop/larr_project/AirSim/ros2/install/airsim_ros_pkgs:/home/vdcl/Desktop/larr_project/AirSim/ros2/install/airsim_interfaces:/opt/ros/humble', 'SHELL': '/bin/bash', 'LC_NAME': 'ko_KR.UTF-8', 'QT_ACCESSIBILITY': '1', 'GDMSESSION': 'ubuntu', 'LESSCLOSE': '/usr/bin/lesspipe %s %s', 'LC_MEASUREMENT': 'ko_KR.UTF-8', 'GPG_AGENT_INFO': '/run/user/1000/gnupg/S.gpg-agent:0:1', 'LC_IDENTIFICATION': 'ko_KR.UTF-8', 'QT_IM_MODULE': 'ibus', 'PWD': '/home/vdcl/Desktop/larr_project/umv_control/build/host_vehicle_filter', 'LC_ALL': 'en_US.UTF-8', 'XDG_CONFIG_DIRS': '/etc/xdg/xdg-ubuntu:/etc/xdg', 'XDG_DATA_DIRS': '/usr/share/ubuntu:/usr/share/gnome:/usr/local/share/:/usr/share/:/var/lib/snapd/desktop', 'PYTHONPATH': '/home/vdcl/Desktop/larr_project/umv_control/build/host_vehicle_filter/prefix_override:/home/vdcl/Desktop/larr_project/umv_control/install/host_vehicle_filter/lib/python3.10/site-packages:/home/vdcl/Desktop/larr_project/umv_control/install/utils/lib/python3.10/site-packages:/home/vdcl/Desktop/larr_project/umv_control/install/lower_controller/lib/python3.10/site-packages:/home/vdcl/Desktop/larr_project/umv_control/install/host_vehicle_filter/lib/python3.10/site-packages:/home/vdcl/Desktop/larr_project/umv_control/install/global_path/lib/python3.10/site-packages:/home/vdcl/Desktop/larr_project/umv_control/install/umv_msgs/local/lib/python3.10/dist-packages:/home/vdcl/Desktop/larr_project/umv_control/install/motion_planner/lib/python3.10/site-packages:/home/vdcl/Desktop/larr_project/AirSim/ros2/install/airsim_interfaces/local/lib/python3.10/dist-packages:/opt/ros/humble/lib/python3.10/site-packages:/opt/ros/humble/local/lib/python3.10/dist-packages', 'LC_NUMERIC': 'ko_KR.UTF-8', 'LC_PAPER': 'ko_KR.UTF-8', 'COLCON': '1', 'VTE_VERSION': '6800', 'CMAKE_PREFIX_PATH': '/home/vdcl/Desktop/larr_project/umv_control/install/umv_msgs:/home/vdcl/Desktop/larr_project/umv_control/install/mppi:/home/vdcl/Desktop/larr_project/AirSim/ros2/install/airsim_ros_pkgs:/home/vdcl/Desktop/larr_project/AirSim/ros2/install/airsim_interfaces'}, 'shell': False}
[4.431594] (global_path) Command: {'cmd': ['/usr/bin/python3', '-W', 'ignore:setup.py install is deprecated', 'setup.py', 'egg_info', '--egg-base', '../../build/global_path', 'build', '--build-base', '/home/vdcl/Desktop/larr_project/umv_control/build/global_path/build', 'install', '--record', '/home/vdcl/Desktop/larr_project/umv_control/build/global_path/install.log', '--single-version-externally-managed', 'install_data'], 'cwd': '/home/vdcl/Desktop/larr_project/umv_control/src/global_path', 'env': {'LESSOPEN': '| /usr/bin/lesspipe %s', 'LANGUAGE': 'ko:en', 'USER': 'vdcl', 'LC_TIME': 'ko_KR.UTF-8', 'XDG_SESSION_TYPE': 'x11', 'SHLVL': '1', 'LD_LIBRARY_PATH': '/home/vdcl/Desktop/larr_project/umv_control/install/umv_msgs/lib:/usr/local/cuda-12.2/lib64:/usr/local/cuda-12.2/lib64:/home/vdcl/Desktop/larr_project/AirSim/ros2/install/airsim_ros_pkgs/lib:/home/vdcl/Desktop/larr_project/AirSim/ros2/install/airsim_interfaces/lib:/opt/ros/humble/opt/rviz_ogre_vendor/lib:/opt/ros/humble/lib/x86_64-linux-gnu:/opt/ros/humble/lib', 'HOME': '/home/vdcl', 'OLDPWD': '/home/vdcl/Desktop/larr_project/umv_control/src', 'DESKTOP_SESSION': 'ubuntu', 'ROS_PYTHON_VERSION': '3', 'GNOME_SHELL_SESSION_MODE': 'ubuntu', 'GTK_MODULES': 'gail:atk-bridge', 'LC_MONETARY': 'ko_KR.UTF-8', 'SYSTEMD_EXEC_PID': '1361', 'DBUS_SESSION_BUS_ADDRESS': 'unix:path=/run/user/1000/bus', 'COLORTERM': 'truecolor', 'COLCON_PREFIX_PATH': '/home/vdcl/Desktop/larr_project/AirSim/ros2/install:/home/vdcl/Desktop/larr_project/umv_control/install', 'ROS_DISTRO': 'humble', 'GTK_IM_MODULE': 'ibus', 'LOGNAME': 'vdcl', '_': '/usr/bin/colcon', 'ROS_VERSION': '2', 'XDG_SESSION_CLASS': 'user', 'USERNAME': 'vdcl', 'TERM': 'xterm-256color', 'GNOME_DESKTOP_SESSION_ID': 'this-is-deprecated', 'ROS_LOCALHOST_ONLY': '0', 'WINDOWPATH': '2', 'PATH': '/usr/local/cuda-12.2/bin:/usr/local/cuda-12.2/bin:/opt/ros/humble/bin:/home/vdcl/.local/bin:/usr/local/sbin:/usr/local/bin:/usr/sbin:/usr/bin:/sbin:/bin:/usr/games:/usr/local/games:/snap/bin:/snap/bin:/opt/ros/humble/include:/opt/ros/humble/include', 'SESSION_MANAGER': 'local/vdcl-desktop:@/tmp/.ICE-unix/1333,unix/vdcl-desktop:/tmp/.ICE-unix/1333', 'PAPERSIZE': 'a4', 'XDG_MENU_PREFIX': 'gnome-', 'LC_ADDRESS': 'ko_KR.UTF-8', 'GNOME_TERMINAL_SCREEN': '/org/gnome/Terminal/screen/244b1995_d174_49d6_9f76_ef76ebb72537', 'XDG_RUNTIME_DIR': '/run/user/1000', 'DISPLAY': ':0', 'LANG': 'ko_KR.UTF-8', 'XDG_CURRENT_DESKTOP': 'ubuntu:GNOME', 'LC_TELEPHONE': 'ko_KR.UTF-8', 'XMODIFIERS': '@im=ibus', 'XDG_SESSION_DESKTOP': 'ubuntu', 'XAUTHORITY': '/run/user/1000/gdm/Xauthority', 'LS_COLORS': 'rs=0:di=01;34:ln=01;36:mh=00:pi=40;33:so=01;35:do=01;35:bd=40;33;01:cd=40;33;01:or=40;31;01:mi=00:su=37;41:sg=30;43:ca=30;41:tw=30;42:ow=34;42:st=37;44:ex=01;32:*.tar=01;31:*.tgz=01;31:*.arc=01;31:*.arj=01;31:*.taz=01;31:*.lha=01;31:*.lz4=01;31:*.lzh=01;31:*.lzma=01;31:*.tlz=01;31:*.txz=01;31:*.tzo=01;31:*.t7z=01;31:*.zip=01;31:*.z=01;31:*.dz=01;31:*.gz=01;31:*.lrz=01;31:*.lz=01;31:*.lzo=01;31:*.xz=01;31:*.zst=01;31:*.tzst=01;31:*.bz2=01;31:*.bz=01;31:*.tbz=01;31:*.tbz2=01;31:*.tz=01;31:*.deb=01;31:*.rpm=01;31:*.jar=01;31:*.war=01;31:*.ear=01;31:*.sar=01;31:*.rar=01;31:*.alz=01;31:*.ace=01;31:*.zoo=01;31:*.cpio=01;31:*.7z=01;31:*.rz=01;31:*.cab=01;31:*.wim=01;31:*.swm=01;31:*.dwm=01;31:*.esd=01;31:*.jpg=01;35:*.jpeg=01;35:*.mjpg=01;35:*.mjpeg=01;35:*.gif=01;35:*.bmp=01;35:*.pbm=01;35:*.pgm=01;35:*.ppm=01;35:*.tga=01;35:*.xbm=01;35:*.xpm=01;35:*.tif=01;35:*.tiff=01;35:*.png=01;35:*.svg=01;35:*.svgz=01;35:*.mng=01;35:*.pcx=01;35:*.mov=01;35:*.mpg=01;35:*.mpeg=01;35:*.m2v=01;35:*.mkv=01;35:*.webm=01;35:*.webp=01;35:*.ogm=01;35:*.mp4=01;35:*.m4v=01;35:*.mp4v=01;35:*.vob=01;35:*.qt=01;35:*.nuv=01;35:*.wmv=01;35:*.asf=01;35:*.rm=01;35:*.rmvb=01;35:*.flc=01;35:*.avi=01;35:*.fli=01;35:*.flv=01;35:*.gl=01;35:*.dl=01;35:*.xcf=01;35:*.xwd=01;35:*.yuv=01;35:*.cgm=01;35:*.emf=01;35:*.ogv=01;35:*.ogx=01;35:*.aac=00;36:*.au=00;36:*.flac=00;36:*.m4a=00;36:*.mid=00;36:*.midi=00;36:*.mka=00;36:*.mp3=00;36:*.mpc=00;36:*.ogg=00;36:*.ra=00;36:*.wav=00;36:*.oga=00;36:*.opus=00;36:*.spx=00;36:*.xspf=00;36:', 'GNOME_TERMINAL_SERVICE': ':1.4978', 'SSH_AGENT_LAUNCHER': 'gnome-keyring', 'SSH_AUTH_SOCK': '/run/user/1000/keyring/ssh', 'AMENT_PREFIX_PATH': '/home/vdcl/Desktop/larr_project/umv_control/install/utils:/home/vdcl/Desktop/larr_project/umv_control/install/mppi:/home/vdcl/Desktop/larr_project/umv_control/install/lower_controller:/home/vdcl/Desktop/larr_project/umv_control/install/host_vehicle_filter:/home/vdcl/Desktop/larr_project/umv_control/install/global_path:/home/vdcl/Desktop/larr_project/umv_control/install/umv_msgs:/home/vdcl/Desktop/larr_project/umv_control/install/motion_planner:/home/vdcl/Desktop/larr_project/AirSim/ros2/install/airsim_ros_pkgs:/home/vdcl/Desktop/larr_project/AirSim/ros2/install/airsim_interfaces:/opt/ros/humble', 'SHELL': '/bin/bash', 'LC_NAME': 'ko_KR.UTF-8', 'QT_ACCESSIBILITY': '1', 'GDMSESSION': 'ubuntu', 'LESSCLOSE': '/usr/bin/lesspipe %s %s', 'LC_MEASUREMENT': 'ko_KR.UTF-8', 'GPG_AGENT_INFO': '/run/user/1000/gnupg/S.gpg-agent:0:1', 'LC_IDENTIFICATION': 'ko_KR.UTF-8', 'QT_IM_MODULE': 'ibus', 'PWD': '/home/vdcl/Desktop/larr_project/umv_control/build/global_path', 'LC_ALL': 'en_US.UTF-8', 'XDG_CONFIG_DIRS': '/etc/xdg/xdg-ubuntu:/etc/xdg', 'XDG_DATA_DIRS': '/usr/share/ubuntu:/usr/share/gnome:/usr/local/share/:/usr/share/:/var/lib/snapd/desktop', 'PYTHONPATH': '/home/vdcl/Desktop/larr_project/umv_control/build/global_path/prefix_override:/home/vdcl/Desktop/larr_project/umv_control/install/global_path/lib/python3.10/site-packages:/home/vdcl/Desktop/larr_project/umv_control/install/utils/lib/python3.10/site-packages:/home/vdcl/Desktop/larr_project/umv_control/install/lower_controller/lib/python3.10/site-packages:/home/vdcl/Desktop/larr_project/umv_control/install/host_vehicle_filter/lib/python3.10/site-packages:/home/vdcl/Desktop/larr_project/umv_control/install/global_path/lib/python3.10/site-packages:/home/vdcl/Desktop/larr_project/umv_control/install/umv_msgs/local/lib/python3.10/dist-packages:/home/vdcl/Desktop/larr_project/umv_control/install/motion_planner/lib/python3.10/site-packages:/home/vdcl/Desktop/larr_project/AirSim/ros2/install/airsim_interfaces/local/lib/python3.10/dist-packages:/opt/ros/humble/lib/python3.10/site-packages:/opt/ros/humble/local/lib/python3.10/dist-packages', 'LC_NUMERIC': 'ko_KR.UTF-8', 'LC_PAPER': 'ko_KR.UTF-8', 'COLCON': '1', 'VTE_VERSION': '6800', 'CMAKE_PREFIX_PATH': '/home/vdcl/Desktop/larr_project/umv_control/install/umv_msgs:/home/vdcl/Desktop/larr_project/umv_control/install/mppi:/home/vdcl/Desktop/larr_project/AirSim/ros2/install/airsim_ros_pkgs:/home/vdcl/Desktop/larr_project/AirSim/ros2/install/airsim_interfaces'}, 'shell': False}
[4.454848] (-) TimerEvent: {}
[4.555825] (-) TimerEvent: {}
[4.656144] (-) TimerEvent: {}
[4.756475] (-) TimerEvent: {}
[4.859817] (-) TimerEvent: {}
[4.900679] (lower_controller) StdoutLine: {'line': b'running egg_info\n'}
[4.902779] (lower_controller) StdoutLine: {'line': b'writing ../../build/lower_controller/lower_controller.egg-info/PKG-INFO\n'}
[4.903112] (lower_controller) StdoutLine: {'line': b'writing dependency_links to ../../build/lower_controller/lower_controller.egg-info/dependency_links.txt\n'}
[4.903334] (lower_controller) StdoutLine: {'line': b'writing entry points to ../../build/lower_controller/lower_controller.egg-info/entry_points.txt\n'}
[4.903590] (lower_controller) StdoutLine: {'line': b'writing requirements to ../../build/lower_controller/lower_controller.egg-info/requires.txt\n'}
[4.903749] (lower_controller) StdoutLine: {'line': b'writing top-level names to ../../build/lower_controller/lower_controller.egg-info/top_level.txt\n'}
[4.908106] (lower_controller) StdoutLine: {'line': b"reading manifest file '../../build/lower_controller/lower_controller.egg-info/SOURCES.txt'\n"}
[4.909227] (lower_controller) StdoutLine: {'line': b"adding license file 'LICENSE'\n"}
[4.911480] (lower_controller) StdoutLine: {'line': b"writing manifest file '../../build/lower_controller/lower_controller.egg-info/SOURCES.txt'\n"}
[4.911789] (lower_controller) StdoutLine: {'line': b'running build\n'}
[4.911976] (lower_controller) StdoutLine: {'line': b'running build_py\n'}
[4.913761] (lower_controller) StdoutLine: {'line': b'running install\n'}
[4.914074] (lower_controller) StdoutLine: {'line': b'running install_lib\n'}
[4.917733] (lower_controller) StdoutLine: {'line': b'running install_data\n'}
[4.917948] (lower_controller) StdoutLine: {'line': b'running install_egg_info\n'}
[4.921357] (lower_controller) StdoutLine: {'line': b"removing '/home/vdcl/Desktop/larr_project/umv_control/install/lower_controller/lib/python3.10/site-packages/lower_controller-0.0.0-py3.10.egg-info' (and everything under it)\n"}
[4.923223] (lower_controller) StdoutLine: {'line': b'Copying ../../build/lower_controller/lower_controller.egg-info to /home/vdcl/Desktop/larr_project/umv_control/install/lower_controller/lib/python3.10/site-packages/lower_controller-0.0.0-py3.10.egg-info\n'}
[4.927018] (lower_controller) StdoutLine: {'line': b'running install_scripts\n'}
[4.961470] (-) TimerEvent: {}
[4.968468] (lower_controller) StdoutLine: {'line': b'Installing lower_controller_node script to /home/vdcl/Desktop/larr_project/umv_control/install/lower_controller/lib/lower_controller\n'}
[4.968761] (lower_controller) StdoutLine: {'line': b"writing list of installed files to '/home/vdcl/Desktop/larr_project/umv_control/build/lower_controller/install.log'\n"}
[4.975789] (host_vehicle_filter) StdoutLine: {'line': b'running egg_info\n'}
[4.976158] (host_vehicle_filter) StdoutLine: {'line': b'writing ../../build/host_vehicle_filter/host_vehicle_filter.egg-info/PKG-INFO\n'}
[4.976343] (host_vehicle_filter) StdoutLine: {'line': b'writing dependency_links to ../../build/host_vehicle_filter/host_vehicle_filter.egg-info/dependency_links.txt\n'}
[4.976532] (host_vehicle_filter) StdoutLine: {'line': b'writing entry points to ../../build/host_vehicle_filter/host_vehicle_filter.egg-info/entry_points.txt\n'}
[4.976696] (host_vehicle_filter) StdoutLine: {'line': b'writing requirements to ../../build/host_vehicle_filter/host_vehicle_filter.egg-info/requires.txt\n'}
[4.976853] (host_vehicle_filter) StdoutLine: {'line': b'writing top-level names to ../../build/host_vehicle_filter/host_vehicle_filter.egg-info/top_level.txt\n'}
[4.977008] (host_vehicle_filter) StdoutLine: {'line': b"reading manifest file '../../build/host_vehicle_filter/host_vehicle_filter.egg-info/SOURCES.txt'\n"}
[4.982008] (host_vehicle_filter) StdoutLine: {'line': b"adding license file 'LICENSE'\n"}
[4.982380] (host_vehicle_filter) StdoutLine: {'line': b"writing manifest file '../../build/host_vehicle_filter/host_vehicle_filter.egg-info/SOURCES.txt'\n"}
[4.982606] (host_vehicle_filter) StdoutLine: {'line': b'running build\n'}
[4.982773] (host_vehicle_filter) StdoutLine: {'line': b'running build_py\n'}
[4.982931] (host_vehicle_filter) StdoutLine: {'line': b'running install\n'}
[4.985121] (host_vehicle_filter) StdoutLine: {'line': b'running install_lib\n'}
[4.985325] (host_vehicle_filter) StdoutLine: {'line': b'running install_data\n'}
[4.985492] (host_vehicle_filter) StdoutLine: {'line': b'running install_egg_info\n'}
[4.985895] (host_vehicle_filter) StdoutLine: {'line': b"removing '/home/vdcl/Desktop/larr_project/umv_control/install/host_vehicle_filter/lib/python3.10/site-packages/host_vehicle_filter-0.0.0-py3.10.egg-info' (and everything under it)\n"}
[4.986321] (host_vehicle_filter) StdoutLine: {'line': b'Copying ../../build/host_vehicle_filter/host_vehicle_filter.egg-info to /home/vdcl/Desktop/larr_project/umv_control/install/host_vehicle_filter/lib/python3.10/site-packages/host_vehicle_filter-0.0.0-py3.10.egg-info\n'}
[4.990944] (host_vehicle_filter) StdoutLine: {'line': b'running install_scripts\n'}
[5.022853] (lower_controller) CommandEnded: {'returncode': 0}
[5.026792] (host_vehicle_filter) StdoutLine: {'line': b'Installing host_vehicle_filter_node script to /home/vdcl/Desktop/larr_project/umv_control/install/host_vehicle_filter/lib/host_vehicle_filter\n'}
[5.027175] (host_vehicle_filter) StdoutLine: {'line': b"writing list of installed files to '/home/vdcl/Desktop/larr_project/umv_control/build/host_vehicle_filter/install.log'\n"}
[5.036463] (lower_controller) JobEnded: {'identifier': 'lower_controller', 'rc': 0}
[5.052799] (global_path) StdoutLine: {'line': b'running egg_info\n'}
[5.054581] (global_path) StdoutLine: {'line': b'writing ../../build/global_path/global_path.egg-info/PKG-INFO\n'}
[5.054992] (global_path) StdoutLine: {'line': b'writing dependency_links to ../../build/global_path/global_path.egg-info/dependency_links.txt\n'}
[5.055271] (global_path) StdoutLine: {'line': b'writing entry points to ../../build/global_path/global_path.egg-info/entry_points.txt\n'}
[5.055842] (global_path) StdoutLine: {'line': b'writing requirements to ../../build/global_path/global_path.egg-info/requires.txt\n'}
[5.056047] (global_path) StdoutLine: {'line': b'writing top-level names to ../../build/global_path/global_path.egg-info/top_level.txt\n'}
[5.058379] (global_path) StdoutLine: {'line': b"reading manifest file '../../build/global_path/global_path.egg-info/SOURCES.txt'\n"}
[5.060212] (global_path) StdoutLine: {'line': b"adding license file 'LICENSE'\n"}
[5.060517] (global_path) StdoutLine: {'line': b"writing manifest file '../../build/global_path/global_path.egg-info/SOURCES.txt'\n"}
[5.060699] (global_path) StdoutLine: {'line': b'running build\n'}
[5.060809] (global_path) StdoutLine: {'line': b'running build_py\n'}
[5.061534] (-) TimerEvent: {}
[5.062534] (global_path) StdoutLine: {'line': b'running install\n'}
[5.063411] (global_path) StdoutLine: {'line': b'running install_lib\n'}
[5.068155] (global_path) StdoutLine: {'line': b'running install_data\n'}
[5.068415] (global_path) StdoutLine: {'line': b'running install_egg_info\n'}
[5.068600] (global_path) StdoutLine: {'line': b"removing '/home/vdcl/Desktop/larr_project/umv_control/install/global_path/lib/python3.10/site-packages/global_path-0.0.0-py3.10.egg-info' (and everything under it)\n"}
[5.068942] (global_path) StdoutLine: {'line': b'Copying ../../build/global_path/global_path.egg-info to /home/vdcl/Desktop/larr_project/umv_control/install/global_path/lib/python3.10/site-packages/global_path-0.0.0-py3.10.egg-info\n'}
[5.069385] (global_path) StdoutLine: {'line': b'running install_scripts\n'}
[5.071868] (host_vehicle_filter) CommandEnded: {'returncode': 0}
[5.093004] (host_vehicle_filter) JobEnded: {'identifier': 'host_vehicle_filter', 'rc': 0}
[5.102040] (global_path) StdoutLine: {'line': b'Installing global_path script to /home/vdcl/Desktop/larr_project/umv_control/install/global_path/lib/global_path\n'}
[5.104911] (global_path) StdoutLine: {'line': b"writing list of installed files to '/home/vdcl/Desktop/larr_project/umv_control/build/global_path/install.log'\n"}
[5.138930] (global_path) CommandEnded: {'returncode': 0}
[5.149388] (global_path) JobEnded: {'identifier': 'global_path', 'rc': 0}
[5.162134] (-) TimerEvent: {}
[5.262745] (-) TimerEvent: {}
[5.363396] (-) TimerEvent: {}
[5.463763] (-) TimerEvent: {}
[5.564477] (-) TimerEvent: {}
[5.664845] (-) TimerEvent: {}
[5.765256] (-) TimerEvent: {}
[5.865625] (-) TimerEvent: {}
[5.966060] (-) TimerEvent: {}
[6.066440] (-) TimerEvent: {}
[6.167195] (-) TimerEvent: {}
[6.267486] (-) TimerEvent: {}
[6.367926] (-) TimerEvent: {}
[6.468185] (-) TimerEvent: {}
[6.568446] (-) TimerEvent: {}
[6.668718] (-) TimerEvent: {}
[6.769084] (-) TimerEvent: {}
[6.869463] (-) TimerEvent: {}
[6.970742] (-) TimerEvent: {}
[7.071096] (-) TimerEvent: {}
[7.172955] (-) TimerEvent: {}
[7.273316] (-) TimerEvent: {}
[7.332183] (mppi) StderrLine: {'line': b'\x1b[01m\x1b[K/home/vdcl/Desktop/larr_project/umv_control/src/mppi/src/mppi.cpp:\x1b[m\x1b[K In member function \xe2\x80\x98\x1b[01m\x1b[Kvoid MppiClass::timer_cb()\x1b[m\x1b[K\xe2\x80\x99:\n'}
[7.332406] (mppi) StderrLine: {'line': b'\x1b[01m\x1b[K/home/vdcl/Desktop/larr_project/umv_control/src/mppi/src/mppi.cpp:293:15:\x1b[m\x1b[K \x1b[01;35m\x1b[Kwarning: \x1b[m\x1b[Kunused variable \xe2\x80\x98\x1b[01m\x1b[Key_\x1b[m\x1b[K\xe2\x80\x99 [\x1b[01;35m\x1b[K\x1b]8;;https://gcc.gnu.org/onlinedocs/gcc/Warning-Options.html#index-Wunused-variable\x07-Wunused-variable\x1b]8;;\x07\x1b[m\x1b[K]\n'}
[7.332532] (mppi) StderrLine: {'line': b'  293 |         float \x1b[01;35m\x1b[Key_\x1b[m\x1b[K = ey;\n'}
[7.332638] (mppi) StderrLine: {'line': b'      |               \x1b[01;35m\x1b[K^~~\x1b[m\x1b[K\n'}
[7.332739] (mppi) StderrLine: {'line': b'\x1b[01m\x1b[K/home/vdcl/Desktop/larr_project/umv_control/src/mppi/src/mppi.cpp:294:15:\x1b[m\x1b[K \x1b[01;35m\x1b[Kwarning: \x1b[m\x1b[Kunused variable \xe2\x80\x98\x1b[01m\x1b[Kego_yaw_\x1b[m\x1b[K\xe2\x80\x99 [\x1b[01;35m\x1b[K\x1b]8;;https://gcc.gnu.org/onlinedocs/gcc/Warning-Options.html#index-Wunused-variable\x07-Wunused-variable\x1b]8;;\x07\x1b[m\x1b[K]\n'}
[7.332842] (mppi) StderrLine: {'line': b'  294 |         float \x1b[01;35m\x1b[Kego_yaw_\x1b[m\x1b[K = ego_yaw;\n'}
[7.332946] (mppi) StderrLine: {'line': b'      |               \x1b[01;35m\x1b[K^~~~~~~~\x1b[m\x1b[K\n'}
[7.337303] (mppi) StderrLine: {'line': b'\x1b[01m\x1b[K/home/vdcl/Desktop/larr_project/umv_control/src/mppi/src/mppi.cpp:\x1b[m\x1b[K In member function \xe2\x80\x98\x1b[01m\x1b[Kvoid MppiClass::virtual_target_cb(umv_msgs::msg::Obstacles_<std::allocator<void> >::SharedPtr)\x1b[m\x1b[K\xe2\x80\x99:\n'}
[7.337521] (mppi) StderrLine: {'line': b'\x1b[01m\x1b[K/home/vdcl/Desktop/larr_project/umv_control/src/mppi/src/mppi.cpp:439:23:\x1b[m\x1b[K \x1b[01;35m\x1b[Kwarning: \x1b[m\x1b[Kunused variable \xe2\x80\x98\x1b[01m\x1b[Kax\x1b[m\x1b[K\xe2\x80\x99 [\x1b[01;35m\x1b[K\x1b]8;;https://gcc.gnu.org/onlinedocs/gcc/Warning-Options.html#index-Wunused-variable\x07-Wunused-variable\x1b]8;;\x07\x1b[m\x1b[K]\n'}
[7.337647] (mppi) StderrLine: {'line': b'  439 |                 float \x1b[01;35m\x1b[Kax\x1b[m\x1b[K = a_values[kk];\n'}
[7.337860] (mppi) StderrLine: {'line': b'      |                       \x1b[01;35m\x1b[K^~\x1b[m\x1b[K\n'}
[7.337986] (mppi) StderrLine: {'line': b'\x1b[01m\x1b[K/home/vdcl/Desktop/larr_project/umv_control/src/mppi/src/mppi.cpp:421:13:\x1b[m\x1b[K \x1b[01;35m\x1b[Kwarning: \x1b[m\x1b[Kunused variable \xe2\x80\x98\x1b[01m\x1b[Kcheck\x1b[m\x1b[K\xe2\x80\x99 [\x1b[01;35m\x1b[K\x1b]8;;https://gcc.gnu.org/onlinedocs/gcc/Warning-Options.html#index-Wunused-variable\x07-Wunused-variable\x1b]8;;\x07\x1b[m\x1b[K]\n'}
[7.338103] (mppi) StderrLine: {'line': b'  421 |         int \x1b[01;35m\x1b[Kcheck\x1b[m\x1b[K = 0;\n'}
[7.338208] (mppi) StderrLine: {'line': b'      |             \x1b[01;35m\x1b[K^~~~~\x1b[m\x1b[K\n'}
[7.373403] (-) TimerEvent: {}
[7.473697] (-) TimerEvent: {}
[7.574017] (-) TimerEvent: {}
[7.674303] (-) TimerEvent: {}
[7.774653] (-) TimerEvent: {}
[7.874922] (-) TimerEvent: {}
[7.975218] (-) TimerEvent: {}
[8.075485] (-) TimerEvent: {}
[8.175796] (-) TimerEvent: {}
[8.276083] (-) TimerEvent: {}
[8.376305] (-) TimerEvent: {}
[8.477821] (-) TimerEvent: {}
[8.578103] (-) TimerEvent: {}
[8.678382] (-) TimerEvent: {}
[8.779116] (-) TimerEvent: {}
[8.879495] (-) TimerEvent: {}
[8.980524] (-) TimerEvent: {}
[9.081104] (-) TimerEvent: {}
[9.183787] (-) TimerEvent: {}
[9.284312] (-) TimerEvent: {}
[9.384673] (-) TimerEvent: {}
[9.485029] (-) TimerEvent: {}
[9.585475] (-) TimerEvent: {}
[9.685825] (-) TimerEvent: {}
[9.786189] (-) TimerEvent: {}
[9.887028] (-) TimerEvent: {}
[9.987505] (-) TimerEvent: {}
[10.088494] (-) TimerEvent: {}
[10.189904] (-) TimerEvent: {}
[10.290698] (-) TimerEvent: {}
[10.391284] (-) TimerEvent: {}
[10.492049] (-) TimerEvent: {}
[10.592335] (-) TimerEvent: {}
[10.692760] (-) TimerEvent: {}
[10.793104] (-) TimerEvent: {}
[10.893485] (-) TimerEvent: {}
[10.993872] (-) TimerEvent: {}
[11.094180] (-) TimerEvent: {}
[11.194779] (-) TimerEvent: {}
[11.295087] (-) TimerEvent: {}
[11.395461] (-) TimerEvent: {}
[11.498494] (-) TimerEvent: {}
[11.598905] (-) TimerEvent: {}
[11.699280] (-) TimerEvent: {}
[11.799724] (-) TimerEvent: {}
[11.900481] (-) TimerEvent: {}
[12.000961] (-) TimerEvent: {}
[12.101230] (-) TimerEvent: {}
[12.202216] (-) TimerEvent: {}
[12.302471] (-) TimerEvent: {}
[12.402763] (-) TimerEvent: {}
[12.503572] (-) TimerEvent: {}
[12.603879] (-) TimerEvent: {}
[12.704713] (-) TimerEvent: {}
[12.805005] (-) TimerEvent: {}
[12.905302] (-) TimerEvent: {}
[13.005625] (-) TimerEvent: {}
[13.105922] (-) TimerEvent: {}
[13.207018] (-) TimerEvent: {}
[13.307376] (-) TimerEvent: {}
[13.407719] (-) TimerEvent: {}
[13.509310] (-) TimerEvent: {}
[13.609908] (-) TimerEvent: {}
[13.710188] (-) TimerEvent: {}
[13.810548] (-) TimerEvent: {}
[13.911409] (-) TimerEvent: {}
[14.011749] (-) TimerEvent: {}
[14.112010] (-) TimerEvent: {}
[14.212248] (-) TimerEvent: {}
[14.312460] (-) TimerEvent: {}
[14.412695] (-) TimerEvent: {}
[14.512958] (-) TimerEvent: {}
[14.613290] (-) TimerEvent: {}
[14.713491] (-) TimerEvent: {}
[14.813711] (-) TimerEvent: {}
[14.913946] (-) TimerEvent: {}
[15.014180] (-) TimerEvent: {}
[15.114648] (-) TimerEvent: {}
[15.214939] (-) TimerEvent: {}
[15.315453] (-) TimerEvent: {}
[15.415853] (-) TimerEvent: {}
[15.517716] (-) TimerEvent: {}
[15.618631] (-) TimerEvent: {}
[15.719004] (-) TimerEvent: {}
[15.819502] (-) TimerEvent: {}
[15.919940] (-) TimerEvent: {}
[16.020493] (-) TimerEvent: {}
[16.121049] (-) TimerEvent: {}
[16.221432] (-) TimerEvent: {}
[16.321810] (-) TimerEvent: {}
[16.422167] (-) TimerEvent: {}
[16.522996] (-) TimerEvent: {}
[16.625244] (-) TimerEvent: {}
[16.725603] (-) TimerEvent: {}
[16.826115] (-) TimerEvent: {}
[16.926498] (-) TimerEvent: {}
[17.026859] (-) TimerEvent: {}
[17.127218] (-) TimerEvent: {}
[17.227584] (-) TimerEvent: {}
[17.327947] (-) TimerEvent: {}
[17.428303] (-) TimerEvent: {}
[17.528964] (-) TimerEvent: {}
[17.631758] (-) TimerEvent: {}
[17.732021] (-) TimerEvent: {}
[17.832363] (-) TimerEvent: {}
[17.933038] (-) TimerEvent: {}
[18.033323] (-) TimerEvent: {}
[18.133612] (-) TimerEvent: {}
[18.233997] (-) TimerEvent: {}
[18.334521] (-) TimerEvent: {}
[18.434806] (-) TimerEvent: {}
[18.535053] (-) TimerEvent: {}
[18.635448] (-) TimerEvent: {}
[18.735943] (-) TimerEvent: {}
[18.838231] (-) TimerEvent: {}
[18.938732] (-) TimerEvent: {}
[19.039034] (-) TimerEvent: {}
[19.139386] (-) TimerEvent: {}
[19.239871] (-) TimerEvent: {}
[19.340190] (-) TimerEvent: {}
[19.440456] (-) TimerEvent: {}
[19.540969] (-) TimerEvent: {}
[19.641353] (-) TimerEvent: {}
[19.741806] (-) TimerEvent: {}
[19.842136] (-) TimerEvent: {}
[19.942450] (-) TimerEvent: {}
[20.042698] (-) TimerEvent: {}
[20.142978] (-) TimerEvent: {}
[20.243195] (-) TimerEvent: {}
[20.343472] (-) TimerEvent: {}
[20.443740] (-) TimerEvent: {}
[20.544022] (-) TimerEvent: {}
[20.644326] (-) TimerEvent: {}
[20.744595] (-) TimerEvent: {}
[20.844859] (-) TimerEvent: {}
[20.945118] (-) TimerEvent: {}
[21.045395] (-) TimerEvent: {}
[21.145629] (-) TimerEvent: {}
[21.245882] (-) TimerEvent: {}
[21.346152] (-) TimerEvent: {}
[21.446413] (-) TimerEvent: {}
[21.546659] (-) TimerEvent: {}
[21.646933] (-) TimerEvent: {}
[21.747178] (-) TimerEvent: {}
[21.847453] (-) TimerEvent: {}
[21.947748] (-) TimerEvent: {}
[22.048018] (-) TimerEvent: {}
[22.148281] (-) TimerEvent: {}
[22.248511] (-) TimerEvent: {}
[22.348749] (-) TimerEvent: {}
[22.449019] (-) TimerEvent: {}
[22.549369] (-) TimerEvent: {}
[22.649670] (-) TimerEvent: {}
[22.749967] (-) TimerEvent: {}
[22.850528] (-) TimerEvent: {}
[22.950794] (-) TimerEvent: {}
[23.051029] (-) TimerEvent: {}
[23.151286] (-) TimerEvent: {}
[23.252095] (-) TimerEvent: {}
[23.352485] (-) TimerEvent: {}
[23.452873] (-) TimerEvent: {}
[23.553253] (-) TimerEvent: {}
[23.653883] (-) TimerEvent: {}
[23.754191] (-) TimerEvent: {}
[23.854571] (-) TimerEvent: {}
[23.954964] (-) TimerEvent: {}
[24.055272] (-) TimerEvent: {}
[24.155654] (-) TimerEvent: {}
[24.256077] (-) TimerEvent: {}
[24.356374] (-) TimerEvent: {}
[24.445764] (mppi) StdoutLine: {'line': b'[ 66%] \x1b[32m\x1b[1mLinking CXX executable mppi_manager\x1b[0m\n'}
[24.456480] (-) TimerEvent: {}
[24.557762] (-) TimerEvent: {}
[24.658071] (-) TimerEvent: {}
[24.758374] (-) TimerEvent: {}
[24.859123] (-) TimerEvent: {}
[24.959414] (-) TimerEvent: {}
[25.059714] (-) TimerEvent: {}
[25.160024] (-) TimerEvent: {}
[25.260879] (-) TimerEvent: {}
[25.361203] (-) TimerEvent: {}
[25.461458] (-) TimerEvent: {}
[25.561698] (-) TimerEvent: {}
[25.600565] (mppi) StdoutLine: {'line': b'[100%] Built target mppi_manager\n'}
[25.614027] (mppi) CommandEnded: {'returncode': 0}
[25.648016] (mppi) JobProgress: {'identifier': 'mppi', 'progress': 'install'}
[25.648846] (mppi) Command: {'cmd': ['/usr/bin/cmake', '--install', '/home/vdcl/Desktop/larr_project/umv_control/build/mppi'], 'cwd': '/home/vdcl/Desktop/larr_project/umv_control/build/mppi', 'env': OrderedDict([('LESSOPEN', '| /usr/bin/lesspipe %s'), ('LANGUAGE', 'ko:en'), ('USER', 'vdcl'), ('LC_TIME', 'ko_KR.UTF-8'), ('XDG_SESSION_TYPE', 'x11'), ('SHLVL', '1'), ('LD_LIBRARY_PATH', '/home/vdcl/Desktop/larr_project/umv_control/install/umv_msgs/lib:/usr/local/cuda-12.2/lib64:/usr/local/cuda-12.2/lib64:/home/vdcl/Desktop/larr_project/AirSim/ros2/install/airsim_ros_pkgs/lib:/home/vdcl/Desktop/larr_project/AirSim/ros2/install/airsim_interfaces/lib:/opt/ros/humble/opt/rviz_ogre_vendor/lib:/opt/ros/humble/lib/x86_64-linux-gnu:/opt/ros/humble/lib'), ('HOME', '/home/vdcl'), ('OLDPWD', '/home/vdcl/Desktop/larr_project/umv_control/src'), ('DESKTOP_SESSION', 'ubuntu'), ('ROS_PYTHON_VERSION', '3'), ('GNOME_SHELL_SESSION_MODE', 'ubuntu'), ('GTK_MODULES', 'gail:atk-bridge'), ('LC_MONETARY', 'ko_KR.UTF-8'), ('SYSTEMD_EXEC_PID', '1361'), ('DBUS_SESSION_BUS_ADDRESS', 'unix:path=/run/user/1000/bus'), ('COLORTERM', 'truecolor'), ('COLCON_PREFIX_PATH', '/home/vdcl/Desktop/larr_project/AirSim/ros2/install:/home/vdcl/Desktop/larr_project/umv_control/install'), ('ROS_DISTRO', 'humble'), ('GTK_IM_MODULE', 'ibus'), ('LOGNAME', 'vdcl'), ('_', '/usr/bin/colcon'), ('ROS_VERSION', '2'), ('XDG_SESSION_CLASS', 'user'), ('USERNAME', 'vdcl'), ('TERM', 'xterm-256color'), ('GNOME_DESKTOP_SESSION_ID', 'this-is-deprecated'), ('ROS_LOCALHOST_ONLY', '0'), ('WINDOWPATH', '2'), ('PATH', '/usr/local/cuda-12.2/bin:/usr/local/cuda-12.2/bin:/opt/ros/humble/bin:/home/vdcl/.local/bin:/usr/local/sbin:/usr/local/bin:/usr/sbin:/usr/bin:/sbin:/bin:/usr/games:/usr/local/games:/snap/bin:/snap/bin:/opt/ros/humble/include:/opt/ros/humble/include'), ('SESSION_MANAGER', 'local/vdcl-desktop:@/tmp/.ICE-unix/1333,unix/vdcl-desktop:/tmp/.ICE-unix/1333'), ('PAPERSIZE', 'a4'), ('XDG_MENU_PREFIX', 'gnome-'), ('LC_ADDRESS', 'ko_KR.UTF-8'), ('GNOME_TERMINAL_SCREEN', '/org/gnome/Terminal/screen/244b1995_d174_49d6_9f76_ef76ebb72537'), ('XDG_RUNTIME_DIR', '/run/user/1000'), ('DISPLAY', ':0'), ('LANG', 'ko_KR.UTF-8'), ('XDG_CURRENT_DESKTOP', 'ubuntu:GNOME'), ('LC_TELEPHONE', 'ko_KR.UTF-8'), ('XMODIFIERS', '@im=ibus'), ('XDG_SESSION_DESKTOP', 'ubuntu'), ('XAUTHORITY', '/run/user/1000/gdm/Xauthority'), ('LS_COLORS', 'rs=0:di=01;34:ln=01;36:mh=00:pi=40;33:so=01;35:do=01;35:bd=40;33;01:cd=40;33;01:or=40;31;01:mi=00:su=37;41:sg=30;43:ca=30;41:tw=30;42:ow=34;42:st=37;44:ex=01;32:*.tar=01;31:*.tgz=01;31:*.arc=01;31:*.arj=01;31:*.taz=01;31:*.lha=01;31:*.lz4=01;31:*.lzh=01;31:*.lzma=01;31:*.tlz=01;31:*.txz=01;31:*.tzo=01;31:*.t7z=01;31:*.zip=01;31:*.z=01;31:*.dz=01;31:*.gz=01;31:*.lrz=01;31:*.lz=01;31:*.lzo=01;31:*.xz=01;31:*.zst=01;31:*.tzst=01;31:*.bz2=01;31:*.bz=01;31:*.tbz=01;31:*.tbz2=01;31:*.tz=01;31:*.deb=01;31:*.rpm=01;31:*.jar=01;31:*.war=01;31:*.ear=01;31:*.sar=01;31:*.rar=01;31:*.alz=01;31:*.ace=01;31:*.zoo=01;31:*.cpio=01;31:*.7z=01;31:*.rz=01;31:*.cab=01;31:*.wim=01;31:*.swm=01;31:*.dwm=01;31:*.esd=01;31:*.jpg=01;35:*.jpeg=01;35:*.mjpg=01;35:*.mjpeg=01;35:*.gif=01;35:*.bmp=01;35:*.pbm=01;35:*.pgm=01;35:*.ppm=01;35:*.tga=01;35:*.xbm=01;35:*.xpm=01;35:*.tif=01;35:*.tiff=01;35:*.png=01;35:*.svg=01;35:*.svgz=01;35:*.mng=01;35:*.pcx=01;35:*.mov=01;35:*.mpg=01;35:*.mpeg=01;35:*.m2v=01;35:*.mkv=01;35:*.webm=01;35:*.webp=01;35:*.ogm=01;35:*.mp4=01;35:*.m4v=01;35:*.mp4v=01;35:*.vob=01;35:*.qt=01;35:*.nuv=01;35:*.wmv=01;35:*.asf=01;35:*.rm=01;35:*.rmvb=01;35:*.flc=01;35:*.avi=01;35:*.fli=01;35:*.flv=01;35:*.gl=01;35:*.dl=01;35:*.xcf=01;35:*.xwd=01;35:*.yuv=01;35:*.cgm=01;35:*.emf=01;35:*.ogv=01;35:*.ogx=01;35:*.aac=00;36:*.au=00;36:*.flac=00;36:*.m4a=00;36:*.mid=00;36:*.midi=00;36:*.mka=00;36:*.mp3=00;36:*.mpc=00;36:*.ogg=00;36:*.ra=00;36:*.wav=00;36:*.oga=00;36:*.opus=00;36:*.spx=00;36:*.xspf=00;36:'), ('GNOME_TERMINAL_SERVICE', ':1.4978'), ('SSH_AGENT_LAUNCHER', 'gnome-keyring'), ('SSH_AUTH_SOCK', '/run/user/1000/keyring/ssh'), ('AMENT_PREFIX_PATH', '/home/vdcl/Desktop/larr_project/umv_control/install/utils:/home/vdcl/Desktop/larr_project/umv_control/install/mppi:/home/vdcl/Desktop/larr_project/umv_control/install/lower_controller:/home/vdcl/Desktop/larr_project/umv_control/install/host_vehicle_filter:/home/vdcl/Desktop/larr_project/umv_control/install/global_path:/home/vdcl/Desktop/larr_project/umv_control/install/umv_msgs:/home/vdcl/Desktop/larr_project/umv_control/install/motion_planner:/home/vdcl/Desktop/larr_project/AirSim/ros2/install/airsim_ros_pkgs:/home/vdcl/Desktop/larr_project/AirSim/ros2/install/airsim_interfaces:/opt/ros/humble'), ('SHELL', '/bin/bash'), ('LC_NAME', 'ko_KR.UTF-8'), ('QT_ACCESSIBILITY', '1'), ('GDMSESSION', 'ubuntu'), ('LESSCLOSE', '/usr/bin/lesspipe %s %s'), ('LC_MEASUREMENT', 'ko_KR.UTF-8'), ('GPG_AGENT_INFO', '/run/user/1000/gnupg/S.gpg-agent:0:1'), ('LC_IDENTIFICATION', 'ko_KR.UTF-8'), ('QT_IM_MODULE', 'ibus'), ('PWD', '/home/vdcl/Desktop/larr_project/umv_control/build/mppi'), ('LC_ALL', 'en_US.UTF-8'), ('XDG_CONFIG_DIRS', '/etc/xdg/xdg-ubuntu:/etc/xdg'), ('XDG_DATA_DIRS', '/usr/share/ubuntu:/usr/share/gnome:/usr/local/share/:/usr/share/:/var/lib/snapd/desktop'), ('PYTHONPATH', '/home/vdcl/Desktop/larr_project/umv_control/install/utils/lib/python3.10/site-packages:/home/vdcl/Desktop/larr_project/umv_control/install/lower_controller/lib/python3.10/site-packages:/home/vdcl/Desktop/larr_project/umv_control/install/host_vehicle_filter/lib/python3.10/site-packages:/home/vdcl/Desktop/larr_project/umv_control/install/global_path/lib/python3.10/site-packages:/home/vdcl/Desktop/larr_project/umv_control/install/umv_msgs/local/lib/python3.10/dist-packages:/home/vdcl/Desktop/larr_project/umv_control/install/motion_planner/lib/python3.10/site-packages:/home/vdcl/Desktop/larr_project/AirSim/ros2/install/airsim_interfaces/local/lib/python3.10/dist-packages:/opt/ros/humble/lib/python3.10/site-packages:/opt/ros/humble/local/lib/python3.10/dist-packages'), ('LC_NUMERIC', 'ko_KR.UTF-8'), ('LC_PAPER', 'ko_KR.UTF-8'), ('COLCON', '1'), ('VTE_VERSION', '6800'), ('CMAKE_PREFIX_PATH', '/home/vdcl/Desktop/larr_project/umv_control/install/umv_msgs:/home/vdcl/Desktop/larr_project/umv_control/install/mppi:/home/vdcl/Desktop/larr_project/AirSim/ros2/install/airsim_ros_pkgs:/home/vdcl/Desktop/larr_project/AirSim/ros2/install/airsim_interfaces:/home/vdcl/Desktop/larr_project/umv_control/install/utils:/home/vdcl/Desktop/larr_project/umv_control/install/lower_controller:/home/vdcl/Desktop/larr_project/umv_control/install/host_vehicle_filter:/home/vdcl/Desktop/larr_project/umv_control/install/global_path:/home/vdcl/Desktop/larr_project/umv_control/install/motion_planner:/opt/ros/humble')]), 'shell': False}
[25.658496] (mppi) StdoutLine: {'line': b'-- Install configuration: ""\n'}
[25.658827] (mppi) StdoutLine: {'line': b'-- Up-to-date: /home/vdcl/Desktop/larr_project/umv_control/install/mppi/share/ament_index/resource_index/package_run_dependencies/mppi\n'}
[25.659057] (mppi) StdoutLine: {'line': b'-- Up-to-date: /home/vdcl/Desktop/larr_project/umv_control/install/mppi/share/ament_index/resource_index/parent_prefix_path/mppi\n'}
[25.659191] (mppi) StdoutLine: {'line': b'-- Up-to-date: /home/vdcl/Desktop/larr_project/umv_control/install/mppi/share/mppi/environment/ament_prefix_path.sh\n'}
[25.659328] (mppi) StdoutLine: {'line': b'-- Up-to-date: /home/vdcl/Desktop/larr_project/umv_control/install/mppi/share/mppi/environment/ament_prefix_path.dsv\n'}
[25.659569] (mppi) StdoutLine: {'line': b'-- Up-to-date: /home/vdcl/Desktop/larr_project/umv_control/install/mppi/share/mppi/environment/path.sh\n'}
[25.659705] (mppi) StdoutLine: {'line': b'-- Up-to-date: /home/vdcl/Desktop/larr_project/umv_control/install/mppi/share/mppi/environment/path.dsv\n'}
[25.659877] (mppi) StdoutLine: {'line': b'-- Up-to-date: /home/vdcl/Desktop/larr_project/umv_control/install/mppi/share/mppi/local_setup.bash\n'}
[25.660024] (mppi) StdoutLine: {'line': b'-- Up-to-date: /home/vdcl/Desktop/larr_project/umv_control/install/mppi/share/mppi/local_setup.sh\n'}
[25.660139] (mppi) StdoutLine: {'line': b'-- Up-to-date: /home/vdcl/Desktop/larr_project/umv_control/install/mppi/share/mppi/local_setup.zsh\n'}
[25.660248] (mppi) StdoutLine: {'line': b'-- Up-to-date: /home/vdcl/Desktop/larr_project/umv_control/install/mppi/share/mppi/local_setup.dsv\n'}
[25.660365] (mppi) StdoutLine: {'line': b'-- Installing: /home/vdcl/Desktop/larr_project/umv_control/install/mppi/share/mppi/package.dsv\n'}
[25.660502] (mppi) StdoutLine: {'line': b'-- Up-to-date: /home/vdcl/Desktop/larr_project/umv_control/install/mppi/share/ament_index/resource_index/packages/mppi\n'}
[25.660628] (mppi) StdoutLine: {'line': b'-- Up-to-date: /home/vdcl/Desktop/larr_project/umv_control/install/mppi/share/mppi/cmake/mppiConfig.cmake\n'}
[25.660752] (mppi) StdoutLine: {'line': b'-- Up-to-date: /home/vdcl/Desktop/larr_project/umv_control/install/mppi/share/mppi/cmake/mppiConfig-version.cmake\n'}
[25.660876] (mppi) StdoutLine: {'line': b'-- Up-to-date: /home/vdcl/Desktop/larr_project/umv_control/install/mppi/share/mppi/package.xml\n'}
[25.661766] (-) TimerEvent: {}
[25.662599] (mppi) CommandEnded: {'returncode': 0}
[25.721353] (mppi) JobEnded: {'identifier': 'mppi', 'rc': 0}
[25.723298] (-) EventReactorShutdown: {}
