[0.000000] (-) TimerEvent: {}
[0.000550] (motion_planner) JobQueued: {'identifier': 'motion_planner', 'dependencies': OrderedDict()}
[0.000889] (umv_msgs) JobQueued: {'identifier': 'umv_msgs', 'dependencies': OrderedDict()}
[0.000957] (utils) JobQueued: {'identifier': 'utils', 'dependencies': OrderedDict()}
[0.001021] (global_path) JobQueued: {'identifier': 'global_path', 'dependencies': OrderedDict([('umv_msgs', '/home/vdcl/Desktop/larr_project/umv_control/install/umv_msgs')])}
[0.001057] (host_vehicle_filter) JobQueued: {'identifier': 'host_vehicle_filter', 'dependencies': OrderedDict([('umv_msgs', '/home/vdcl/Desktop/larr_project/umv_control/install/umv_msgs')])}
[0.001091] (lower_controller) JobQueued: {'identifier': 'lower_controller', 'dependencies': OrderedDict([('umv_msgs', '/home/vdcl/Desktop/larr_project/umv_control/install/umv_msgs')])}
[0.001123] (mppi) JobQueued: {'identifier': 'mppi', 'dependencies': OrderedDict([('umv_msgs', '/home/vdcl/Desktop/larr_project/umv_control/install/umv_msgs')])}
[0.001154] (umv_msgs) JobStarted: {'identifier': 'umv_msgs'}
[0.006735] (motion_planner) JobStarted: {'identifier': 'motion_planner'}
[0.018546] (utils) JobStarted: {'identifier': 'utils'}
[0.034082] (umv_msgs) JobProgress: {'identifier': 'umv_msgs', 'progress': 'cmake'}
[0.036249] (umv_msgs) JobProgress: {'identifier': 'umv_msgs', 'progress': 'build'}
[0.036351] (umv_msgs) Command: {'cmd': ['/usr/bin/cmake', '--build', '/home/vdcl/Desktop/larr_project/umv_control/build/umv_msgs', '--', '-j8', '-l8'], 'cwd': '/home/vdcl/Desktop/larr_project/umv_control/build/umv_msgs', 'env': OrderedDict([('LESSOPEN', '| /usr/bin/lesspipe %s'), ('LANGUAGE', 'ko:en'), ('USER', 'vdcl'), ('LC_TIME', 'ko_KR.UTF-8'), ('XDG_SESSION_TYPE', 'x11'), ('SHLVL', '1'), ('LD_LIBRARY_PATH', '/usr/local/cuda-12.2/lib64:/home/vdcl/Desktop/larr_project/umv_control/install/umv_msgs/lib:/home/vdcl/Desktop/larr_project/AirSim/ros2/install/airsim_ros_pkgs/lib:/home/vdcl/Desktop/larr_project/AirSim/ros2/install/airsim_interfaces/lib:/opt/ros/humble/opt/rviz_ogre_vendor/lib:/opt/ros/humble/lib/x86_64-linux-gnu:/opt/ros/humble/lib'), ('HOME', '/home/vdcl'), ('OLDPWD', '/home/vdcl/Desktop/larr_project'), ('DESKTOP_SESSION', 'ubuntu'), ('ROS_PYTHON_VERSION', '3'), ('GNOME_SHELL_SESSION_MODE', 'ubuntu'), ('GTK_MODULES', 'gail:atk-bridge'), ('LC_MONETARY', 'ko_KR.UTF-8'), ('SYSTEMD_EXEC_PID', '1333'), ('DBUS_SESSION_BUS_ADDRESS', 'unix:path=/run/user/1000/bus'), ('COLORTERM', 'truecolor'), ('COLCON_PREFIX_PATH', '/home/vdcl/Desktop/larr_project/AirSim/ros2/install:/home/vdcl/Desktop/larr_project/umv_control/install'), ('ROS_DISTRO', 'humble'), ('GTK_IM_MODULE', 'ibus'), ('LOGNAME', 'vdcl'), ('_', '/usr/bin/colcon'), ('ROS_VERSION', '2'), ('XDG_SESSION_CLASS', 'user'), ('USERNAME', 'vdcl'), ('TERM', 'xterm-256color'), ('GNOME_DESKTOP_SESSION_ID', 'this-is-deprecated'), ('ROS_LOCALHOST_ONLY', '0'), ('WINDOWPATH', '2'), ('PATH', '/usr/local/cuda-12.2/bin:/opt/ros/humble/bin:/home/vdcl/.local/bin:/usr/local/sbin:/usr/local/bin:/usr/sbin:/usr/bin:/sbin:/bin:/usr/games:/usr/local/games:/snap/bin:/snap/bin:/opt/ros/humble/include'), ('SESSION_MANAGER', 'local/vdcl-desktop:@/tmp/.ICE-unix/1305,unix/vdcl-desktop:/tmp/.ICE-unix/1305'), ('PAPERSIZE', 'a4'), ('XDG_MENU_PREFIX', 'gnome-'), ('LC_ADDRESS', 'ko_KR.UTF-8'), ('GNOME_TERMINAL_SCREEN', '/org/gnome/Terminal/screen/6bf0bce3_6c9e_49be_b628_15af53e2e6e3'), ('XDG_RUNTIME_DIR', '/run/user/1000'), ('DISPLAY', ':0'), ('LANG', 'ko_KR.UTF-8'), ('XDG_CURRENT_DESKTOP', 'ubuntu:GNOME'), ('LC_TELEPHONE', 'ko_KR.UTF-8'), ('XMODIFIERS', '@im=ibus'), ('XDG_SESSION_DESKTOP', 'ubuntu'), ('XAUTHORITY', '/run/user/1000/gdm/Xauthority'), ('LS_COLORS', 'rs=0:di=01;34:ln=01;36:mh=00:pi=40;33:so=01;35:do=01;35:bd=40;33;01:cd=40;33;01:or=40;31;01:mi=00:su=37;41:sg=30;43:ca=30;41:tw=30;42:ow=34;42:st=37;44:ex=01;32:*.tar=01;31:*.tgz=01;31:*.arc=01;31:*.arj=01;31:*.taz=01;31:*.lha=01;31:*.lz4=01;31:*.lzh=01;31:*.lzma=01;31:*.tlz=01;31:*.txz=01;31:*.tzo=01;31:*.t7z=01;31:*.zip=01;31:*.z=01;31:*.dz=01;31:*.gz=01;31:*.lrz=01;31:*.lz=01;31:*.lzo=01;31:*.xz=01;31:*.zst=01;31:*.tzst=01;31:*.bz2=01;31:*.bz=01;31:*.tbz=01;31:*.tbz2=01;31:*.tz=01;31:*.deb=01;31:*.rpm=01;31:*.jar=01;31:*.war=01;31:*.ear=01;31:*.sar=01;31:*.rar=01;31:*.alz=01;31:*.ace=01;31:*.zoo=01;31:*.cpio=01;31:*.7z=01;31:*.rz=01;31:*.cab=01;31:*.wim=01;31:*.swm=01;31:*.dwm=01;31:*.esd=01;31:*.jpg=01;35:*.jpeg=01;35:*.mjpg=01;35:*.mjpeg=01;35:*.gif=01;35:*.bmp=01;35:*.pbm=01;35:*.pgm=01;35:*.ppm=01;35:*.tga=01;35:*.xbm=01;35:*.xpm=01;35:*.tif=01;35:*.tiff=01;35:*.png=01;35:*.svg=01;35:*.svgz=01;35:*.mng=01;35:*.pcx=01;35:*.mov=01;35:*.mpg=01;35:*.mpeg=01;35:*.m2v=01;35:*.mkv=01;35:*.webm=01;35:*.webp=01;35:*.ogm=01;35:*.mp4=01;35:*.m4v=01;35:*.mp4v=01;35:*.vob=01;35:*.qt=01;35:*.nuv=01;35:*.wmv=01;35:*.asf=01;35:*.rm=01;35:*.rmvb=01;35:*.flc=01;35:*.avi=01;35:*.fli=01;35:*.flv=01;35:*.gl=01;35:*.dl=01;35:*.xcf=01;35:*.xwd=01;35:*.yuv=01;35:*.cgm=01;35:*.emf=01;35:*.ogv=01;35:*.ogx=01;35:*.aac=00;36:*.au=00;36:*.flac=00;36:*.m4a=00;36:*.mid=00;36:*.midi=00;36:*.mka=00;36:*.mp3=00;36:*.mpc=00;36:*.ogg=00;36:*.ra=00;36:*.wav=00;36:*.oga=00;36:*.opus=00;36:*.spx=00;36:*.xspf=00;36:'), ('GNOME_TERMINAL_SERVICE', ':1.433'), ('SSH_AGENT_LAUNCHER', 'gnome-keyring'), ('SSH_AUTH_SOCK', '/run/user/1000/keyring/ssh'), ('AMENT_PREFIX_PATH', '/home/vdcl/Desktop/larr_project/umv_control/install/utils:/home/vdcl/Desktop/larr_project/umv_control/install/mppi:/home/vdcl/Desktop/larr_project/umv_control/install/lower_controller:/home/vdcl/Desktop/larr_project/umv_control/install/host_vehicle_filter:/home/vdcl/Desktop/larr_project/umv_control/install/global_path:/home/vdcl/Desktop/larr_project/umv_control/install/umv_msgs:/home/vdcl/Desktop/larr_project/umv_control/install/motion_planner:/home/vdcl/Desktop/larr_project/AirSim/ros2/install/airsim_ros_pkgs:/home/vdcl/Desktop/larr_project/AirSim/ros2/install/airsim_interfaces:/opt/ros/humble'), ('SHELL', '/bin/bash'), ('LC_NAME', 'ko_KR.UTF-8'), ('QT_ACCESSIBILITY', '1'), ('GDMSESSION', 'ubuntu'), ('LESSCLOSE', '/usr/bin/lesspipe %s %s'), ('LC_MEASUREMENT', 'ko_KR.UTF-8'), ('GPG_AGENT_INFO', '/run/user/1000/gnupg/S.gpg-agent:0:1'), ('LC_IDENTIFICATION', 'ko_KR.UTF-8'), ('QT_IM_MODULE', 'ibus'), ('PWD', '/home/vdcl/Desktop/larr_project/umv_control/build/umv_msgs'), ('LC_ALL', 'en_US.UTF-8'), ('XDG_CONFIG_DIRS', '/etc/xdg/xdg-ubuntu:/etc/xdg'), ('XDG_DATA_DIRS', '/usr/share/ubuntu:/usr/share/gnome:/usr/local/share/:/usr/share/:/var/lib/snapd/desktop'), ('PYTHONPATH', '/home/vdcl/Desktop/larr_project/umv_control/install/utils/lib/python3.10/site-packages:/home/vdcl/Desktop/larr_project/umv_control/install/lower_controller/lib/python3.10/site-packages:/home/vdcl/Desktop/larr_project/umv_control/install/host_vehicle_filter/lib/python3.10/site-packages:/home/vdcl/Desktop/larr_project/umv_control/install/global_path/lib/python3.10/site-packages:/home/vdcl/Desktop/larr_project/umv_control/install/umv_msgs/local/lib/python3.10/dist-packages:/home/vdcl/Desktop/larr_project/umv_control/install/motion_planner/lib/python3.10/site-packages:/home/vdcl/Desktop/larr_project/AirSim/ros2/install/airsim_interfaces/local/lib/python3.10/dist-packages:/opt/ros/humble/lib/python3.10/site-packages:/opt/ros/humble/local/lib/python3.10/dist-packages'), ('LC_NUMERIC', 'ko_KR.UTF-8'), ('LC_PAPER', 'ko_KR.UTF-8'), ('COLCON', '1'), ('VTE_VERSION', '6800'), ('CMAKE_PREFIX_PATH', '/home/vdcl/Desktop/larr_project/umv_control/install/mppi:/home/vdcl/Desktop/larr_project/umv_control/install/umv_msgs:/home/vdcl/Desktop/larr_project/AirSim/ros2/install/airsim_ros_pkgs:/home/vdcl/Desktop/larr_project/AirSim/ros2/install/airsim_interfaces:/home/vdcl/Desktop/larr_project/umv_control/install/utils:/home/vdcl/Desktop/larr_project/umv_control/install/lower_controller:/home/vdcl/Desktop/larr_project/umv_control/install/host_vehicle_filter:/home/vdcl/Desktop/larr_project/umv_control/install/global_path:/home/vdcl/Desktop/larr_project/umv_control/install/motion_planner:/opt/ros/humble')]), 'shell': False}
[0.099797] (-) TimerEvent: {}
[0.200086] (-) TimerEvent: {}
[0.301074] (-) TimerEvent: {}
[0.403245] (-) TimerEvent: {}
[0.503815] (-) TimerEvent: {}
[0.604150] (-) TimerEvent: {}
[0.664445] (umv_msgs) StdoutLine: {'line': b'[  1%] Built target umv_msgs__cpp\n'}
[0.665637] (umv_msgs) StdoutLine: {'line': b'[ 12%] Built target umv_msgs__rosidl_generator_c\n'}
[0.666174] (umv_msgs) StdoutLine: {'line': b'[ 12%] Built target ament_cmake_python_copy_umv_msgs\n'}
[0.666313] (umv_msgs) StdoutLine: {'line': b'[ 23%] Built target umv_msgs__rosidl_typesupport_cpp\n'}
[0.666457] (umv_msgs) StdoutLine: {'line': b'[ 34%] Built target umv_msgs__rosidl_typesupport_fastrtps_cpp\n'}
[0.666600] (umv_msgs) StdoutLine: {'line': b'[ 46%] Built target umv_msgs__rosidl_typesupport_introspection_cpp\n'}
[0.666733] (umv_msgs) StdoutLine: {'line': b'[ 57%] Built target umv_msgs__rosidl_typesupport_introspection_c\n'}
[0.666850] (umv_msgs) StdoutLine: {'line': b'[ 68%] Built target umv_msgs__rosidl_typesupport_fastrtps_c\n'}
[0.666975] (umv_msgs) StdoutLine: {'line': b'[ 79%] Built target umv_msgs__rosidl_typesupport_c\n'}
[0.667084] (umv_msgs) StdoutLine: {'line': b'[ 79%] Built target umv_msgs\n'}
[0.667173] (umv_msgs) StdoutLine: {'line': b'[ 80%] Built target umv_msgs__py\n'}
[0.667285] (umv_msgs) StdoutLine: {'line': b'[ 90%] Built target umv_msgs__rosidl_generator_py\n'}
[0.667411] (umv_msgs) StdoutLine: {'line': b'[ 96%] Built target umv_msgs__rosidl_typesupport_introspection_c__pyext\n'}
[0.667533] (umv_msgs) StdoutLine: {'line': b'[ 96%] Built target umv_msgs__rosidl_typesupport_c__pyext\n'}
[0.667647] (umv_msgs) StdoutLine: {'line': b'[100%] Built target umv_msgs__rosidl_typesupport_fastrtps_c__pyext\n'}
[0.667749] (umv_msgs) StdoutLine: {'line': b'running egg_info\n'}
[0.667864] (umv_msgs) StdoutLine: {'line': b'writing umv_msgs.egg-info/PKG-INFO\n'}
[0.667965] (umv_msgs) StdoutLine: {'line': b'writing dependency_links to umv_msgs.egg-info/dependency_links.txt\n'}
[0.668064] (umv_msgs) StdoutLine: {'line': b'writing top-level names to umv_msgs.egg-info/top_level.txt\n'}
[0.668161] (umv_msgs) StdoutLine: {'line': b"reading manifest file 'umv_msgs.egg-info/SOURCES.txt'\n"}
[0.668267] (umv_msgs) StdoutLine: {'line': b"writing manifest file 'umv_msgs.egg-info/SOURCES.txt'\n"}
[0.668369] (umv_msgs) StdoutLine: {'line': b'[100%] Built target ament_cmake_python_build_umv_msgs_egg\n'}
[0.704472] (-) TimerEvent: {}
[0.804821] (-) TimerEvent: {}
[0.905159] (-) TimerEvent: {}
[0.999915] (umv_msgs) CommandEnded: {'returncode': 0}
[1.011124] (-) TimerEvent: {}
[1.111806] (-) TimerEvent: {}
[1.212361] (-) TimerEvent: {}
[1.254191] (umv_msgs) JobProgress: {'identifier': 'umv_msgs', 'progress': 'install'}
[1.268737] (umv_msgs) Command: {'cmd': ['/usr/bin/cmake', '--install', '/home/vdcl/Desktop/larr_project/umv_control/build/umv_msgs'], 'cwd': '/home/vdcl/Desktop/larr_project/umv_control/build/umv_msgs', 'env': OrderedDict([('LESSOPEN', '| /usr/bin/lesspipe %s'), ('LANGUAGE', 'ko:en'), ('USER', 'vdcl'), ('LC_TIME', 'ko_KR.UTF-8'), ('XDG_SESSION_TYPE', 'x11'), ('SHLVL', '1'), ('LD_LIBRARY_PATH', '/usr/local/cuda-12.2/lib64:/home/vdcl/Desktop/larr_project/umv_control/install/umv_msgs/lib:/home/vdcl/Desktop/larr_project/AirSim/ros2/install/airsim_ros_pkgs/lib:/home/vdcl/Desktop/larr_project/AirSim/ros2/install/airsim_interfaces/lib:/opt/ros/humble/opt/rviz_ogre_vendor/lib:/opt/ros/humble/lib/x86_64-linux-gnu:/opt/ros/humble/lib'), ('HOME', '/home/vdcl'), ('OLDPWD', '/home/vdcl/Desktop/larr_project'), ('DESKTOP_SESSION', 'ubuntu'), ('ROS_PYTHON_VERSION', '3'), ('GNOME_SHELL_SESSION_MODE', 'ubuntu'), ('GTK_MODULES', 'gail:atk-bridge'), ('LC_MONETARY', 'ko_KR.UTF-8'), ('SYSTEMD_EXEC_PID', '1333'), ('DBUS_SESSION_BUS_ADDRESS', 'unix:path=/run/user/1000/bus'), ('COLORTERM', 'truecolor'), ('COLCON_PREFIX_PATH', '/home/vdcl/Desktop/larr_project/AirSim/ros2/install:/home/vdcl/Desktop/larr_project/umv_control/install'), ('ROS_DISTRO', 'humble'), ('GTK_IM_MODULE', 'ibus'), ('LOGNAME', 'vdcl'), ('_', '/usr/bin/colcon'), ('ROS_VERSION', '2'), ('XDG_SESSION_CLASS', 'user'), ('USERNAME', 'vdcl'), ('TERM', 'xterm-256color'), ('GNOME_DESKTOP_SESSION_ID', 'this-is-deprecated'), ('ROS_LOCALHOST_ONLY', '0'), ('WINDOWPATH', '2'), ('PATH', '/usr/local/cuda-12.2/bin:/opt/ros/humble/bin:/home/vdcl/.local/bin:/usr/local/sbin:/usr/local/bin:/usr/sbin:/usr/bin:/sbin:/bin:/usr/games:/usr/local/games:/snap/bin:/snap/bin:/opt/ros/humble/include'), ('SESSION_MANAGER', 'local/vdcl-desktop:@/tmp/.ICE-unix/1305,unix/vdcl-desktop:/tmp/.ICE-unix/1305'), ('PAPERSIZE', 'a4'), ('XDG_MENU_PREFIX', 'gnome-'), ('LC_ADDRESS', 'ko_KR.UTF-8'), ('GNOME_TERMINAL_SCREEN', '/org/gnome/Terminal/screen/6bf0bce3_6c9e_49be_b628_15af53e2e6e3'), ('XDG_RUNTIME_DIR', '/run/user/1000'), ('DISPLAY', ':0'), ('LANG', 'ko_KR.UTF-8'), ('XDG_CURRENT_DESKTOP', 'ubuntu:GNOME'), ('LC_TELEPHONE', 'ko_KR.UTF-8'), ('XMODIFIERS', '@im=ibus'), ('XDG_SESSION_DESKTOP', 'ubuntu'), ('XAUTHORITY', '/run/user/1000/gdm/Xauthority'), ('LS_COLORS', 'rs=0:di=01;34:ln=01;36:mh=00:pi=40;33:so=01;35:do=01;35:bd=40;33;01:cd=40;33;01:or=40;31;01:mi=00:su=37;41:sg=30;43:ca=30;41:tw=30;42:ow=34;42:st=37;44:ex=01;32:*.tar=01;31:*.tgz=01;31:*.arc=01;31:*.arj=01;31:*.taz=01;31:*.lha=01;31:*.lz4=01;31:*.lzh=01;31:*.lzma=01;31:*.tlz=01;31:*.txz=01;31:*.tzo=01;31:*.t7z=01;31:*.zip=01;31:*.z=01;31:*.dz=01;31:*.gz=01;31:*.lrz=01;31:*.lz=01;31:*.lzo=01;31:*.xz=01;31:*.zst=01;31:*.tzst=01;31:*.bz2=01;31:*.bz=01;31:*.tbz=01;31:*.tbz2=01;31:*.tz=01;31:*.deb=01;31:*.rpm=01;31:*.jar=01;31:*.war=01;31:*.ear=01;31:*.sar=01;31:*.rar=01;31:*.alz=01;31:*.ace=01;31:*.zoo=01;31:*.cpio=01;31:*.7z=01;31:*.rz=01;31:*.cab=01;31:*.wim=01;31:*.swm=01;31:*.dwm=01;31:*.esd=01;31:*.jpg=01;35:*.jpeg=01;35:*.mjpg=01;35:*.mjpeg=01;35:*.gif=01;35:*.bmp=01;35:*.pbm=01;35:*.pgm=01;35:*.ppm=01;35:*.tga=01;35:*.xbm=01;35:*.xpm=01;35:*.tif=01;35:*.tiff=01;35:*.png=01;35:*.svg=01;35:*.svgz=01;35:*.mng=01;35:*.pcx=01;35:*.mov=01;35:*.mpg=01;35:*.mpeg=01;35:*.m2v=01;35:*.mkv=01;35:*.webm=01;35:*.webp=01;35:*.ogm=01;35:*.mp4=01;35:*.m4v=01;35:*.mp4v=01;35:*.vob=01;35:*.qt=01;35:*.nuv=01;35:*.wmv=01;35:*.asf=01;35:*.rm=01;35:*.rmvb=01;35:*.flc=01;35:*.avi=01;35:*.fli=01;35:*.flv=01;35:*.gl=01;35:*.dl=01;35:*.xcf=01;35:*.xwd=01;35:*.yuv=01;35:*.cgm=01;35:*.emf=01;35:*.ogv=01;35:*.ogx=01;35:*.aac=00;36:*.au=00;36:*.flac=00;36:*.m4a=00;36:*.mid=00;36:*.midi=00;36:*.mka=00;36:*.mp3=00;36:*.mpc=00;36:*.ogg=00;36:*.ra=00;36:*.wav=00;36:*.oga=00;36:*.opus=00;36:*.spx=00;36:*.xspf=00;36:'), ('GNOME_TERMINAL_SERVICE', ':1.433'), ('SSH_AGENT_LAUNCHER', 'gnome-keyring'), ('SSH_AUTH_SOCK', '/run/user/1000/keyring/ssh'), ('AMENT_PREFIX_PATH', '/home/vdcl/Desktop/larr_project/umv_control/install/utils:/home/vdcl/Desktop/larr_project/umv_control/install/mppi:/home/vdcl/Desktop/larr_project/umv_control/install/lower_controller:/home/vdcl/Desktop/larr_project/umv_control/install/host_vehicle_filter:/home/vdcl/Desktop/larr_project/umv_control/install/global_path:/home/vdcl/Desktop/larr_project/umv_control/install/umv_msgs:/home/vdcl/Desktop/larr_project/umv_control/install/motion_planner:/home/vdcl/Desktop/larr_project/AirSim/ros2/install/airsim_ros_pkgs:/home/vdcl/Desktop/larr_project/AirSim/ros2/install/airsim_interfaces:/opt/ros/humble'), ('SHELL', '/bin/bash'), ('LC_NAME', 'ko_KR.UTF-8'), ('QT_ACCESSIBILITY', '1'), ('GDMSESSION', 'ubuntu'), ('LESSCLOSE', '/usr/bin/lesspipe %s %s'), ('LC_MEASUREMENT', 'ko_KR.UTF-8'), ('GPG_AGENT_INFO', '/run/user/1000/gnupg/S.gpg-agent:0:1'), ('LC_IDENTIFICATION', 'ko_KR.UTF-8'), ('QT_IM_MODULE', 'ibus'), ('PWD', '/home/vdcl/Desktop/larr_project/umv_control/build/umv_msgs'), ('LC_ALL', 'en_US.UTF-8'), ('XDG_CONFIG_DIRS', '/etc/xdg/xdg-ubuntu:/etc/xdg'), ('XDG_DATA_DIRS', '/usr/share/ubuntu:/usr/share/gnome:/usr/local/share/:/usr/share/:/var/lib/snapd/desktop'), ('PYTHONPATH', '/home/vdcl/Desktop/larr_project/umv_control/install/utils/lib/python3.10/site-packages:/home/vdcl/Desktop/larr_project/umv_control/install/lower_controller/lib/python3.10/site-packages:/home/vdcl/Desktop/larr_project/umv_control/install/host_vehicle_filter/lib/python3.10/site-packages:/home/vdcl/Desktop/larr_project/umv_control/install/global_path/lib/python3.10/site-packages:/home/vdcl/Desktop/larr_project/umv_control/install/umv_msgs/local/lib/python3.10/dist-packages:/home/vdcl/Desktop/larr_project/umv_control/install/motion_planner/lib/python3.10/site-packages:/home/vdcl/Desktop/larr_project/AirSim/ros2/install/airsim_interfaces/local/lib/python3.10/dist-packages:/opt/ros/humble/lib/python3.10/site-packages:/opt/ros/humble/local/lib/python3.10/dist-packages'), ('LC_NUMERIC', 'ko_KR.UTF-8'), ('LC_PAPER', 'ko_KR.UTF-8'), ('COLCON', '1'), ('VTE_VERSION', '6800'), ('CMAKE_PREFIX_PATH', '/home/vdcl/Desktop/larr_project/umv_control/install/mppi:/home/vdcl/Desktop/larr_project/umv_control/install/umv_msgs:/home/vdcl/Desktop/larr_project/AirSim/ros2/install/airsim_ros_pkgs:/home/vdcl/Desktop/larr_project/AirSim/ros2/install/airsim_interfaces:/home/vdcl/Desktop/larr_project/umv_control/install/utils:/home/vdcl/Desktop/larr_project/umv_control/install/lower_controller:/home/vdcl/Desktop/larr_project/umv_control/install/host_vehicle_filter:/home/vdcl/Desktop/larr_project/umv_control/install/global_path:/home/vdcl/Desktop/larr_project/umv_control/install/motion_planner:/opt/ros/humble')]), 'shell': False}
[1.279200] (umv_msgs) StdoutLine: {'line': b'-- Install configuration: ""\n'}
[1.279794] (umv_msgs) StdoutLine: {'line': b'-- Up-to-date: /home/vdcl/Desktop/larr_project/umv_control/install/umv_msgs/share/ament_index/resource_index/rosidl_interfaces/umv_msgs\n'}
[1.279981] (umv_msgs) StdoutLine: {'line': b'-- Up-to-date: /home/vdcl/Desktop/larr_project/umv_control/install/umv_msgs/include/umv_msgs/umv_msgs\n'}
[1.280202] (umv_msgs) StdoutLine: {'line': b'-- Up-to-date: /home/vdcl/Desktop/larr_project/umv_control/install/umv_msgs/include/umv_msgs/umv_msgs/msg\n'}
[1.280379] (umv_msgs) StdoutLine: {'line': b'-- Up-to-date: /home/vdcl/Desktop/larr_project/umv_control/install/umv_msgs/include/umv_msgs/umv_msgs/msg/rosidl_generator_c__visibility_control.h\n'}
[1.280754] (umv_msgs) StdoutLine: {'line': b'-- Up-to-date: /home/vdcl/Desktop/larr_project/umv_control/install/umv_msgs/include/umv_msgs/umv_msgs/msg/global_path.h\n'}
[1.280988] (umv_msgs) StdoutLine: {'line': b'-- Up-to-date: /home/vdcl/Desktop/larr_project/umv_control/install/umv_msgs/include/umv_msgs/umv_msgs/msg/acu_cmd.h\n'}
[1.281128] (umv_msgs) StdoutLine: {'line': b'-- Up-to-date: /home/vdcl/Desktop/larr_project/umv_control/install/umv_msgs/include/umv_msgs/umv_msgs/msg/host_vehicle_filter.h\n'}
[1.281253] (umv_msgs) StdoutLine: {'line': b'-- Up-to-date: /home/vdcl/Desktop/larr_project/umv_control/install/umv_msgs/include/umv_msgs/umv_msgs/msg/obstacles.h\n'}
[1.281410] (umv_msgs) StdoutLine: {'line': b'-- Up-to-date: /home/vdcl/Desktop/larr_project/umv_control/install/umv_msgs/include/umv_msgs/umv_msgs/msg/local_ref_path.h\n'}
[1.281632] (umv_msgs) StdoutLine: {'line': b'-- Up-to-date: /home/vdcl/Desktop/larr_project/umv_control/install/umv_msgs/include/umv_msgs/umv_msgs/msg/detail\n'}
[1.281891] (umv_msgs) StdoutLine: {'line': b'-- Up-to-date: /home/vdcl/Desktop/larr_project/umv_control/install/umv_msgs/include/umv_msgs/umv_msgs/msg/detail/global_path__struct.h\n'}
[1.282022] (umv_msgs) StdoutLine: {'line': b'-- Up-to-date: /home/vdcl/Desktop/larr_project/umv_control/install/umv_msgs/include/umv_msgs/umv_msgs/msg/detail/acu_cmd__functions.c\n'}
[1.282153] (umv_msgs) StdoutLine: {'line': b'-- Up-to-date: /home/vdcl/Desktop/larr_project/umv_control/install/umv_msgs/include/umv_msgs/umv_msgs/msg/detail/obstacles__functions.c\n'}
[1.282280] (umv_msgs) StdoutLine: {'line': b'-- Up-to-date: /home/vdcl/Desktop/larr_project/umv_control/install/umv_msgs/include/umv_msgs/umv_msgs/msg/detail/local_ref_path__type_support.h\n'}
[1.282418] (umv_msgs) StdoutLine: {'line': b'-- Up-to-date: /home/vdcl/Desktop/larr_project/umv_control/install/umv_msgs/include/umv_msgs/umv_msgs/msg/detail/host_vehicle_filter__type_support.h\n'}
[1.282542] (umv_msgs) StdoutLine: {'line': b'-- Up-to-date: /home/vdcl/Desktop/larr_project/umv_control/install/umv_msgs/include/umv_msgs/umv_msgs/msg/detail/host_vehicle_filter__struct.h\n'}
[1.282678] (umv_msgs) StdoutLine: {'line': b'-- Up-to-date: /home/vdcl/Desktop/larr_project/umv_control/install/umv_msgs/include/umv_msgs/umv_msgs/msg/detail/local_ref_path__functions.c\n'}
[1.282804] (umv_msgs) StdoutLine: {'line': b'-- Up-to-date: /home/vdcl/Desktop/larr_project/umv_control/install/umv_msgs/include/umv_msgs/umv_msgs/msg/detail/acu_cmd__struct.h\n'}
[1.282934] (umv_msgs) StdoutLine: {'line': b'-- Up-to-date: /home/vdcl/Desktop/larr_project/umv_control/install/umv_msgs/include/umv_msgs/umv_msgs/msg/detail/acu_cmd__functions.h\n'}
[1.283057] (umv_msgs) StdoutLine: {'line': b'-- Up-to-date: /home/vdcl/Desktop/larr_project/umv_control/install/umv_msgs/include/umv_msgs/umv_msgs/msg/detail/host_vehicle_filter__functions.c\n'}
[1.283182] (umv_msgs) StdoutLine: {'line': b'-- Up-to-date: /home/vdcl/Desktop/larr_project/umv_control/install/umv_msgs/include/umv_msgs/umv_msgs/msg/detail/acu_cmd__type_support.h\n'}
[1.283306] (umv_msgs) StdoutLine: {'line': b'-- Up-to-date: /home/vdcl/Desktop/larr_project/umv_control/install/umv_msgs/include/umv_msgs/umv_msgs/msg/detail/host_vehicle_filter__functions.h\n'}
[1.283565] (umv_msgs) StdoutLine: {'line': b'-- Up-to-date: /home/vdcl/Desktop/larr_project/umv_control/install/umv_msgs/include/umv_msgs/umv_msgs/msg/detail/global_path__functions.c\n'}
[1.283930] (umv_msgs) StdoutLine: {'line': b'-- Up-to-date: /home/vdcl/Desktop/larr_project/umv_control/install/umv_msgs/include/umv_msgs/umv_msgs/msg/detail/obstacles__struct.h\n'}
[1.284223] (umv_msgs) StdoutLine: {'line': b'-- Up-to-date: /home/vdcl/Desktop/larr_project/umv_control/install/umv_msgs/include/umv_msgs/umv_msgs/msg/detail/local_ref_path__struct.h\n'}
[1.284424] (umv_msgs) StdoutLine: {'line': b'-- Up-to-date: /home/vdcl/Desktop/larr_project/umv_control/install/umv_msgs/include/umv_msgs/umv_msgs/msg/detail/obstacles__functions.h\n'}
[1.284640] (umv_msgs) StdoutLine: {'line': b'-- Up-to-date: /home/vdcl/Desktop/larr_project/umv_control/install/umv_msgs/include/umv_msgs/umv_msgs/msg/detail/global_path__type_support.h\n'}
[1.284828] (umv_msgs) StdoutLine: {'line': b'-- Up-to-date: /home/vdcl/Desktop/larr_project/umv_control/install/umv_msgs/include/umv_msgs/umv_msgs/msg/detail/obstacles__type_support.h\n'}
[1.284943] (umv_msgs) StdoutLine: {'line': b'-- Up-to-date: /home/vdcl/Desktop/larr_project/umv_control/install/umv_msgs/include/umv_msgs/umv_msgs/msg/detail/local_ref_path__functions.h\n'}
[1.285234] (umv_msgs) StdoutLine: {'line': b'-- Up-to-date: /home/vdcl/Desktop/larr_project/umv_control/install/umv_msgs/include/umv_msgs/umv_msgs/msg/detail/global_path__functions.h\n'}
[1.285585] (umv_msgs) StdoutLine: {'line': b'-- Up-to-date: /home/vdcl/Desktop/larr_project/umv_control/install/umv_msgs/share/umv_msgs/environment/library_path.sh\n'}
[1.285724] (umv_msgs) StdoutLine: {'line': b'-- Up-to-date: /home/vdcl/Desktop/larr_project/umv_control/install/umv_msgs/share/umv_msgs/environment/library_path.dsv\n'}
[1.285855] (umv_msgs) StdoutLine: {'line': b'-- Up-to-date: /home/vdcl/Desktop/larr_project/umv_control/install/umv_msgs/lib/libumv_msgs__rosidl_generator_c.so\n'}
[1.285989] (umv_msgs) StdoutLine: {'line': b'-- Up-to-date: /home/vdcl/Desktop/larr_project/umv_control/install/umv_msgs/include/umv_msgs/umv_msgs\n'}
[1.286158] (umv_msgs) StdoutLine: {'line': b'-- Up-to-date: /home/vdcl/Desktop/larr_project/umv_control/install/umv_msgs/include/umv_msgs/umv_msgs/msg\n'}
[1.286309] (umv_msgs) StdoutLine: {'line': b'-- Up-to-date: /home/vdcl/Desktop/larr_project/umv_control/install/umv_msgs/include/umv_msgs/umv_msgs/msg/rosidl_typesupport_fastrtps_c__visibility_control.h\n'}
[1.286454] (umv_msgs) StdoutLine: {'line': b'-- Up-to-date: /home/vdcl/Desktop/larr_project/umv_control/install/umv_msgs/include/umv_msgs/umv_msgs/msg/detail\n'}
[1.286643] (umv_msgs) StdoutLine: {'line': b'-- Up-to-date: /home/vdcl/Desktop/larr_project/umv_control/install/umv_msgs/include/umv_msgs/umv_msgs/msg/detail/global_path__rosidl_typesupport_fastrtps_c.h\n'}
[1.287018] (umv_msgs) StdoutLine: {'line': b'-- Up-to-date: /home/vdcl/Desktop/larr_project/umv_control/install/umv_msgs/include/umv_msgs/umv_msgs/msg/detail/local_ref_path__rosidl_typesupport_fastrtps_c.h\n'}
[1.287118] (umv_msgs) StdoutLine: {'line': b'-- Up-to-date: /home/vdcl/Desktop/larr_project/umv_control/install/umv_msgs/include/umv_msgs/umv_msgs/msg/detail/obstacles__rosidl_typesupport_fastrtps_c.h\n'}
[1.287207] (umv_msgs) StdoutLine: {'line': b'-- Up-to-date: /home/vdcl/Desktop/larr_project/umv_control/install/umv_msgs/include/umv_msgs/umv_msgs/msg/detail/host_vehicle_filter__rosidl_typesupport_fastrtps_c.h\n'}
[1.287291] (umv_msgs) StdoutLine: {'line': b'-- Up-to-date: /home/vdcl/Desktop/larr_project/umv_control/install/umv_msgs/include/umv_msgs/umv_msgs/msg/detail/acu_cmd__rosidl_typesupport_fastrtps_c.h\n'}
[1.287375] (umv_msgs) StdoutLine: {'line': b'-- Up-to-date: /home/vdcl/Desktop/larr_project/umv_control/install/umv_msgs/lib/libumv_msgs__rosidl_typesupport_fastrtps_c.so\n'}
[1.287495] (umv_msgs) StdoutLine: {'line': b'-- Up-to-date: /home/vdcl/Desktop/larr_project/umv_control/install/umv_msgs/include/umv_msgs/umv_msgs\n'}
[1.287582] (umv_msgs) StdoutLine: {'line': b'-- Up-to-date: /home/vdcl/Desktop/larr_project/umv_control/install/umv_msgs/include/umv_msgs/umv_msgs/msg\n'}
[1.287676] (umv_msgs) StdoutLine: {'line': b'-- Up-to-date: /home/vdcl/Desktop/larr_project/umv_control/install/umv_msgs/include/umv_msgs/umv_msgs/msg/rosidl_typesupport_introspection_c__visibility_control.h\n'}
[1.287782] (umv_msgs) StdoutLine: {'line': b'-- Up-to-date: /home/vdcl/Desktop/larr_project/umv_control/install/umv_msgs/include/umv_msgs/umv_msgs/msg/detail\n'}
[1.287898] (umv_msgs) StdoutLine: {'line': b'-- Up-to-date: /home/vdcl/Desktop/larr_project/umv_control/install/umv_msgs/include/umv_msgs/umv_msgs/msg/detail/global_path__type_support.c\n'}
[1.287991] (umv_msgs) StdoutLine: {'line': b'-- Up-to-date: /home/vdcl/Desktop/larr_project/umv_control/install/umv_msgs/include/umv_msgs/umv_msgs/msg/detail/acu_cmd__type_support.c\n'}
[1.288107] (umv_msgs) StdoutLine: {'line': b'-- Up-to-date: /home/vdcl/Desktop/larr_project/umv_control/install/umv_msgs/include/umv_msgs/umv_msgs/msg/detail/host_vehicle_filter__rosidl_typesupport_introspection_c.h\n'}
[1.288195] (umv_msgs) StdoutLine: {'line': b'-- Up-to-date: /home/vdcl/Desktop/larr_project/umv_control/install/umv_msgs/include/umv_msgs/umv_msgs/msg/detail/local_ref_path__type_support.c\n'}
[1.288279] (umv_msgs) StdoutLine: {'line': b'-- Up-to-date: /home/vdcl/Desktop/larr_project/umv_control/install/umv_msgs/include/umv_msgs/umv_msgs/msg/detail/obstacles__type_support.c\n'}
[1.288374] (umv_msgs) StdoutLine: {'line': b'-- Up-to-date: /home/vdcl/Desktop/larr_project/umv_control/install/umv_msgs/include/umv_msgs/umv_msgs/msg/detail/local_ref_path__rosidl_typesupport_introspection_c.h\n'}
[1.288506] (umv_msgs) StdoutLine: {'line': b'-- Up-to-date: /home/vdcl/Desktop/larr_project/umv_control/install/umv_msgs/include/umv_msgs/umv_msgs/msg/detail/global_path__rosidl_typesupport_introspection_c.h\n'}
[1.288602] (umv_msgs) StdoutLine: {'line': b'-- Up-to-date: /home/vdcl/Desktop/larr_project/umv_control/install/umv_msgs/include/umv_msgs/umv_msgs/msg/detail/acu_cmd__rosidl_typesupport_introspection_c.h\n'}
[1.288716] (umv_msgs) StdoutLine: {'line': b'-- Up-to-date: /home/vdcl/Desktop/larr_project/umv_control/install/umv_msgs/include/umv_msgs/umv_msgs/msg/detail/obstacles__rosidl_typesupport_introspection_c.h\n'}
[1.288808] (umv_msgs) StdoutLine: {'line': b'-- Up-to-date: /home/vdcl/Desktop/larr_project/umv_control/install/umv_msgs/include/umv_msgs/umv_msgs/msg/detail/host_vehicle_filter__type_support.c\n'}
[1.288895] (umv_msgs) StdoutLine: {'line': b'-- Up-to-date: /home/vdcl/Desktop/larr_project/umv_control/install/umv_msgs/lib/libumv_msgs__rosidl_typesupport_introspection_c.so\n'}
[1.289015] (umv_msgs) StdoutLine: {'line': b'-- Up-to-date: /home/vdcl/Desktop/larr_project/umv_control/install/umv_msgs/lib/libumv_msgs__rosidl_typesupport_c.so\n'}
[1.289103] (umv_msgs) StdoutLine: {'line': b'-- Up-to-date: /home/vdcl/Desktop/larr_project/umv_control/install/umv_msgs/include/umv_msgs/umv_msgs\n'}
[1.289189] (umv_msgs) StdoutLine: {'line': b'-- Up-to-date: /home/vdcl/Desktop/larr_project/umv_control/install/umv_msgs/include/umv_msgs/umv_msgs/msg\n'}
[1.289287] (umv_msgs) StdoutLine: {'line': b'-- Up-to-date: /home/vdcl/Desktop/larr_project/umv_control/install/umv_msgs/include/umv_msgs/umv_msgs/msg/host_vehicle_filter.hpp\n'}
[1.289373] (umv_msgs) StdoutLine: {'line': b'-- Up-to-date: /home/vdcl/Desktop/larr_project/umv_control/install/umv_msgs/include/umv_msgs/umv_msgs/msg/global_path.hpp\n'}
[1.289470] (umv_msgs) StdoutLine: {'line': b'-- Up-to-date: /home/vdcl/Desktop/larr_project/umv_control/install/umv_msgs/include/umv_msgs/umv_msgs/msg/obstacles.hpp\n'}
[1.289579] (umv_msgs) StdoutLine: {'line': b'-- Up-to-date: /home/vdcl/Desktop/larr_project/umv_control/install/umv_msgs/include/umv_msgs/umv_msgs/msg/local_ref_path.hpp\n'}
[1.289685] (umv_msgs) StdoutLine: {'line': b'-- Up-to-date: /home/vdcl/Desktop/larr_project/umv_control/install/umv_msgs/include/umv_msgs/umv_msgs/msg/acu_cmd.hpp\n'}
[1.289791] (umv_msgs) StdoutLine: {'line': b'-- Up-to-date: /home/vdcl/Desktop/larr_project/umv_control/install/umv_msgs/include/umv_msgs/umv_msgs/msg/detail\n'}
[1.289878] (umv_msgs) StdoutLine: {'line': b'-- Up-to-date: /home/vdcl/Desktop/larr_project/umv_control/install/umv_msgs/include/umv_msgs/umv_msgs/msg/detail/local_ref_path__traits.hpp\n'}
[1.289974] (umv_msgs) StdoutLine: {'line': b'-- Up-to-date: /home/vdcl/Desktop/larr_project/umv_control/install/umv_msgs/include/umv_msgs/umv_msgs/msg/detail/global_path__builder.hpp\n'}
[1.290065] (umv_msgs) StdoutLine: {'line': b'-- Up-to-date: /home/vdcl/Desktop/larr_project/umv_control/install/umv_msgs/include/umv_msgs/umv_msgs/msg/detail/acu_cmd__traits.hpp\n'}
[1.290172] (umv_msgs) StdoutLine: {'line': b'-- Up-to-date: /home/vdcl/Desktop/larr_project/umv_control/install/umv_msgs/include/umv_msgs/umv_msgs/msg/detail/local_ref_path__builder.hpp\n'}
[1.290266] (umv_msgs) StdoutLine: {'line': b'-- Up-to-date: /home/vdcl/Desktop/larr_project/umv_control/install/umv_msgs/include/umv_msgs/umv_msgs/msg/detail/acu_cmd__builder.hpp\n'}
[1.290391] (umv_msgs) StdoutLine: {'line': b'-- Up-to-date: /home/vdcl/Desktop/larr_project/umv_control/install/umv_msgs/include/umv_msgs/umv_msgs/msg/detail/host_vehicle_filter__builder.hpp\n'}
[1.290574] (umv_msgs) StdoutLine: {'line': b'-- Up-to-date: /home/vdcl/Desktop/larr_project/umv_control/install/umv_msgs/include/umv_msgs/umv_msgs/msg/detail/obstacles__builder.hpp\n'}
[1.290660] (umv_msgs) StdoutLine: {'line': b'-- Up-to-date: /home/vdcl/Desktop/larr_project/umv_control/install/umv_msgs/include/umv_msgs/umv_msgs/msg/detail/acu_cmd__struct.hpp\n'}
[1.290753] (umv_msgs) StdoutLine: {'line': b'-- Up-to-date: /home/vdcl/Desktop/larr_project/umv_control/install/umv_msgs/include/umv_msgs/umv_msgs/msg/detail/local_ref_path__struct.hpp\n'}
[1.290838] (umv_msgs) StdoutLine: {'line': b'-- Up-to-date: /home/vdcl/Desktop/larr_project/umv_control/install/umv_msgs/include/umv_msgs/umv_msgs/msg/detail/global_path__traits.hpp\n'}
[1.290922] (umv_msgs) StdoutLine: {'line': b'-- Up-to-date: /home/vdcl/Desktop/larr_project/umv_control/install/umv_msgs/include/umv_msgs/umv_msgs/msg/detail/host_vehicle_filter__struct.hpp\n'}
[1.291004] (umv_msgs) StdoutLine: {'line': b'-- Up-to-date: /home/vdcl/Desktop/larr_project/umv_control/install/umv_msgs/include/umv_msgs/umv_msgs/msg/detail/host_vehicle_filter__traits.hpp\n'}
[1.291088] (umv_msgs) StdoutLine: {'line': b'-- Up-to-date: /home/vdcl/Desktop/larr_project/umv_control/install/umv_msgs/include/umv_msgs/umv_msgs/msg/detail/global_path__struct.hpp\n'}
[1.291193] (umv_msgs) StdoutLine: {'line': b'-- Up-to-date: /home/vdcl/Desktop/larr_project/umv_control/install/umv_msgs/include/umv_msgs/umv_msgs/msg/detail/obstacles__traits.hpp\n'}
[1.291294] (umv_msgs) StdoutLine: {'line': b'-- Up-to-date: /home/vdcl/Desktop/larr_project/umv_control/install/umv_msgs/include/umv_msgs/umv_msgs/msg/detail/obstacles__struct.hpp\n'}
[1.291447] (umv_msgs) StdoutLine: {'line': b'-- Up-to-date: /home/vdcl/Desktop/larr_project/umv_control/install/umv_msgs/include/umv_msgs/umv_msgs\n'}
[1.291565] (umv_msgs) StdoutLine: {'line': b'-- Up-to-date: /home/vdcl/Desktop/larr_project/umv_control/install/umv_msgs/include/umv_msgs/umv_msgs/msg\n'}
[1.291659] (umv_msgs) StdoutLine: {'line': b'-- Up-to-date: /home/vdcl/Desktop/larr_project/umv_control/install/umv_msgs/include/umv_msgs/umv_msgs/msg/detail\n'}
[1.291766] (umv_msgs) StdoutLine: {'line': b'-- Up-to-date: /home/vdcl/Desktop/larr_project/umv_control/install/umv_msgs/include/umv_msgs/umv_msgs/msg/detail/host_vehicle_filter__rosidl_typesupport_fastrtps_cpp.hpp\n'}
[1.291901] (umv_msgs) StdoutLine: {'line': b'-- Up-to-date: /home/vdcl/Desktop/larr_project/umv_control/install/umv_msgs/include/umv_msgs/umv_msgs/msg/detail/obstacles__rosidl_typesupport_fastrtps_cpp.hpp\n'}
[1.292023] (umv_msgs) StdoutLine: {'line': b'-- Up-to-date: /home/vdcl/Desktop/larr_project/umv_control/install/umv_msgs/include/umv_msgs/umv_msgs/msg/detail/acu_cmd__rosidl_typesupport_fastrtps_cpp.hpp\n'}
[1.292111] (umv_msgs) StdoutLine: {'line': b'-- Up-to-date: /home/vdcl/Desktop/larr_project/umv_control/install/umv_msgs/include/umv_msgs/umv_msgs/msg/detail/global_path__rosidl_typesupport_fastrtps_cpp.hpp\n'}
[1.292194] (umv_msgs) StdoutLine: {'line': b'-- Up-to-date: /home/vdcl/Desktop/larr_project/umv_control/install/umv_msgs/include/umv_msgs/umv_msgs/msg/detail/local_ref_path__rosidl_typesupport_fastrtps_cpp.hpp\n'}
[1.292291] (umv_msgs) StdoutLine: {'line': b'-- Up-to-date: /home/vdcl/Desktop/larr_project/umv_control/install/umv_msgs/include/umv_msgs/umv_msgs/msg/detail/dds_fastrtps\n'}
[1.292377] (umv_msgs) StdoutLine: {'line': b'-- Up-to-date: /home/vdcl/Desktop/larr_project/umv_control/install/umv_msgs/include/umv_msgs/umv_msgs/msg/rosidl_typesupport_fastrtps_cpp__visibility_control.h\n'}
[1.292476] (umv_msgs) StdoutLine: {'line': b'-- Up-to-date: /home/vdcl/Desktop/larr_project/umv_control/install/umv_msgs/lib/libumv_msgs__rosidl_typesupport_fastrtps_cpp.so\n'}
[1.292568] (umv_msgs) StdoutLine: {'line': b'-- Up-to-date: /home/vdcl/Desktop/larr_project/umv_control/install/umv_msgs/include/umv_msgs/umv_msgs\n'}
[1.292673] (umv_msgs) StdoutLine: {'line': b'-- Up-to-date: /home/vdcl/Desktop/larr_project/umv_control/install/umv_msgs/include/umv_msgs/umv_msgs/msg\n'}
[1.292766] (umv_msgs) StdoutLine: {'line': b'-- Up-to-date: /home/vdcl/Desktop/larr_project/umv_control/install/umv_msgs/include/umv_msgs/umv_msgs/msg/detail\n'}
[1.292855] (umv_msgs) StdoutLine: {'line': b'-- Up-to-date: /home/vdcl/Desktop/larr_project/umv_control/install/umv_msgs/include/umv_msgs/umv_msgs/msg/detail/acu_cmd__rosidl_typesupport_introspection_cpp.hpp\n'}
[1.292962] (umv_msgs) StdoutLine: {'line': b'-- Up-to-date: /home/vdcl/Desktop/larr_project/umv_control/install/umv_msgs/include/umv_msgs/umv_msgs/msg/detail/local_ref_path__rosidl_typesupport_introspection_cpp.hpp\n'}
[1.293106] (umv_msgs) StdoutLine: {'line': b'-- Up-to-date: /home/vdcl/Desktop/larr_project/umv_control/install/umv_msgs/include/umv_msgs/umv_msgs/msg/detail/acu_cmd__type_support.cpp\n'}
[1.293207] (umv_msgs) StdoutLine: {'line': b'-- Up-to-date: /home/vdcl/Desktop/larr_project/umv_control/install/umv_msgs/include/umv_msgs/umv_msgs/msg/detail/local_ref_path__type_support.cpp\n'}
[1.293365] (umv_msgs) StdoutLine: {'line': b'-- Up-to-date: /home/vdcl/Desktop/larr_project/umv_control/install/umv_msgs/include/umv_msgs/umv_msgs/msg/detail/host_vehicle_filter__type_support.cpp\n'}
[1.293492] (umv_msgs) StdoutLine: {'line': b'-- Up-to-date: /home/vdcl/Desktop/larr_project/umv_control/install/umv_msgs/include/umv_msgs/umv_msgs/msg/detail/global_path__rosidl_typesupport_introspection_cpp.hpp\n'}
[1.293657] (umv_msgs) StdoutLine: {'line': b'-- Up-to-date: /home/vdcl/Desktop/larr_project/umv_control/install/umv_msgs/include/umv_msgs/umv_msgs/msg/detail/host_vehicle_filter__rosidl_typesupport_introspection_cpp.hpp\n'}
[1.293783] (umv_msgs) StdoutLine: {'line': b'-- Up-to-date: /home/vdcl/Desktop/larr_project/umv_control/install/umv_msgs/include/umv_msgs/umv_msgs/msg/detail/obstacles__type_support.cpp\n'}
[1.293914] (umv_msgs) StdoutLine: {'line': b'-- Up-to-date: /home/vdcl/Desktop/larr_project/umv_control/install/umv_msgs/include/umv_msgs/umv_msgs/msg/detail/obstacles__rosidl_typesupport_introspection_cpp.hpp\n'}
[1.294071] (umv_msgs) StdoutLine: {'line': b'-- Up-to-date: /home/vdcl/Desktop/larr_project/umv_control/install/umv_msgs/include/umv_msgs/umv_msgs/msg/detail/global_path__type_support.cpp\n'}
[1.294250] (umv_msgs) StdoutLine: {'line': b'-- Up-to-date: /home/vdcl/Desktop/larr_project/umv_control/install/umv_msgs/lib/libumv_msgs__rosidl_typesupport_introspection_cpp.so\n'}
[1.294380] (umv_msgs) StdoutLine: {'line': b'-- Up-to-date: /home/vdcl/Desktop/larr_project/umv_control/install/umv_msgs/lib/libumv_msgs__rosidl_typesupport_cpp.so\n'}
[1.294560] (umv_msgs) StdoutLine: {'line': b'-- Up-to-date: /home/vdcl/Desktop/larr_project/umv_control/install/umv_msgs/share/umv_msgs/environment/pythonpath.sh\n'}
[1.294710] (umv_msgs) StdoutLine: {'line': b'-- Up-to-date: /home/vdcl/Desktop/larr_project/umv_control/install/umv_msgs/share/umv_msgs/environment/pythonpath.dsv\n'}
[1.294867] (umv_msgs) StdoutLine: {'line': b'-- Up-to-date: /home/vdcl/Desktop/larr_project/umv_control/install/umv_msgs/local/lib/python3.10/dist-packages/umv_msgs-0.0.0-py3.10.egg-info\n'}
[1.295020] (umv_msgs) StdoutLine: {'line': b'-- Installing: /home/vdcl/Desktop/larr_project/umv_control/install/umv_msgs/local/lib/python3.10/dist-packages/umv_msgs-0.0.0-py3.10.egg-info/dependency_links.txt\n'}
[1.295208] (umv_msgs) StdoutLine: {'line': b'-- Installing: /home/vdcl/Desktop/larr_project/umv_control/install/umv_msgs/local/lib/python3.10/dist-packages/umv_msgs-0.0.0-py3.10.egg-info/SOURCES.txt\n'}
[1.295349] (umv_msgs) StdoutLine: {'line': b'-- Installing: /home/vdcl/Desktop/larr_project/umv_control/install/umv_msgs/local/lib/python3.10/dist-packages/umv_msgs-0.0.0-py3.10.egg-info/top_level.txt\n'}
[1.295478] (umv_msgs) StdoutLine: {'line': b'-- Installing: /home/vdcl/Desktop/larr_project/umv_control/install/umv_msgs/local/lib/python3.10/dist-packages/umv_msgs-0.0.0-py3.10.egg-info/PKG-INFO\n'}
[1.295633] (umv_msgs) StdoutLine: {'line': b'-- Up-to-date: /home/vdcl/Desktop/larr_project/umv_control/install/umv_msgs/local/lib/python3.10/dist-packages/umv_msgs\n'}
[1.295797] (umv_msgs) StdoutLine: {'line': b'-- Up-to-date: /home/vdcl/Desktop/larr_project/umv_control/install/umv_msgs/local/lib/python3.10/dist-packages/umv_msgs/msg\n'}
[1.295943] (umv_msgs) StdoutLine: {'line': b'-- Up-to-date: /home/vdcl/Desktop/larr_project/umv_control/install/umv_msgs/local/lib/python3.10/dist-packages/umv_msgs/msg/_acu_cmd.py\n'}
[1.296090] (umv_msgs) StdoutLine: {'line': b'-- Up-to-date: /home/vdcl/Desktop/larr_project/umv_control/install/umv_msgs/local/lib/python3.10/dist-packages/umv_msgs/msg/_local_ref_path_s.c\n'}
[1.296234] (umv_msgs) StdoutLine: {'line': b'-- Up-to-date: /home/vdcl/Desktop/larr_project/umv_control/install/umv_msgs/local/lib/python3.10/dist-packages/umv_msgs/msg/_local_ref_path.py\n'}
[1.296368] (umv_msgs) StdoutLine: {'line': b'-- Up-to-date: /home/vdcl/Desktop/larr_project/umv_control/install/umv_msgs/local/lib/python3.10/dist-packages/umv_msgs/msg/_acu_cmd_s.c\n'}
[1.296538] (umv_msgs) StdoutLine: {'line': b'-- Up-to-date: /home/vdcl/Desktop/larr_project/umv_control/install/umv_msgs/local/lib/python3.10/dist-packages/umv_msgs/msg/_obstacles.py\n'}
[1.296647] (umv_msgs) StdoutLine: {'line': b'-- Up-to-date: /home/vdcl/Desktop/larr_project/umv_control/install/umv_msgs/local/lib/python3.10/dist-packages/umv_msgs/msg/_global_path.py\n'}
[1.296809] (umv_msgs) StdoutLine: {'line': b'-- Up-to-date: /home/vdcl/Desktop/larr_project/umv_control/install/umv_msgs/local/lib/python3.10/dist-packages/umv_msgs/msg/_host_vehicle_filter.py\n'}
[1.296964] (umv_msgs) StdoutLine: {'line': b'-- Up-to-date: /home/vdcl/Desktop/larr_project/umv_control/install/umv_msgs/local/lib/python3.10/dist-packages/umv_msgs/msg/_obstacles_s.c\n'}
[1.297079] (umv_msgs) StdoutLine: {'line': b'-- Up-to-date: /home/vdcl/Desktop/larr_project/umv_control/install/umv_msgs/local/lib/python3.10/dist-packages/umv_msgs/msg/__init__.py\n'}
[1.297165] (umv_msgs) StdoutLine: {'line': b'-- Up-to-date: /home/vdcl/Desktop/larr_project/umv_control/install/umv_msgs/local/lib/python3.10/dist-packages/umv_msgs/msg/_host_vehicle_filter_s.c\n'}
[1.297259] (umv_msgs) StdoutLine: {'line': b'-- Up-to-date: /home/vdcl/Desktop/larr_project/umv_control/install/umv_msgs/local/lib/python3.10/dist-packages/umv_msgs/msg/_global_path_s.c\n'}
[1.297379] (umv_msgs) StdoutLine: {'line': b'-- Up-to-date: /home/vdcl/Desktop/larr_project/umv_control/install/umv_msgs/local/lib/python3.10/dist-packages/umv_msgs/_umv_msgs_s.ep.rosidl_typesupport_fastrtps_c.c\n'}
[1.297505] (umv_msgs) StdoutLine: {'line': b'-- Up-to-date: /home/vdcl/Desktop/larr_project/umv_control/install/umv_msgs/local/lib/python3.10/dist-packages/umv_msgs/umv_msgs_s__rosidl_typesupport_introspection_c.cpython-310-x86_64-linux-gnu.so\n'}
[1.298875] (umv_msgs) StdoutLine: {'line': b'-- Up-to-date: /home/vdcl/Desktop/larr_project/umv_control/install/umv_msgs/local/lib/python3.10/dist-packages/umv_msgs/_umv_msgs_s.ep.rosidl_typesupport_c.c\n'}
[1.299030] (umv_msgs) StdoutLine: {'line': b'-- Up-to-date: /home/vdcl/Desktop/larr_project/umv_control/install/umv_msgs/local/lib/python3.10/dist-packages/umv_msgs/umv_msgs_s__rosidl_typesupport_fastrtps_c.cpython-310-x86_64-linux-gnu.so\n'}
[1.299153] (umv_msgs) StdoutLine: {'line': b'-- Up-to-date: /home/vdcl/Desktop/larr_project/umv_control/install/umv_msgs/local/lib/python3.10/dist-packages/umv_msgs/libumv_msgs__rosidl_generator_py.so\n'}
[1.299274] (umv_msgs) StdoutLine: {'line': b'-- Up-to-date: /home/vdcl/Desktop/larr_project/umv_control/install/umv_msgs/local/lib/python3.10/dist-packages/umv_msgs/__init__.py\n'}
[1.299395] (umv_msgs) StdoutLine: {'line': b'-- Up-to-date: /home/vdcl/Desktop/larr_project/umv_control/install/umv_msgs/local/lib/python3.10/dist-packages/umv_msgs/umv_msgs_s__rosidl_typesupport_c.cpython-310-x86_64-linux-gnu.so\n'}
[1.299539] (umv_msgs) StdoutLine: {'line': b'-- Up-to-date: /home/vdcl/Desktop/larr_project/umv_control/install/umv_msgs/local/lib/python3.10/dist-packages/umv_msgs/_umv_msgs_s.ep.rosidl_typesupport_introspection_c.c\n'}
[1.312623] (-) TimerEvent: {}
[1.343538] (umv_msgs) StdoutLine: {'line': b"Listing '/home/vdcl/Desktop/larr_project/umv_control/install/umv_msgs/local/lib/python3.10/dist-packages/umv_msgs'...\n"}
[1.343753] (umv_msgs) StdoutLine: {'line': b"Listing '/home/vdcl/Desktop/larr_project/umv_control/install/umv_msgs/local/lib/python3.10/dist-packages/umv_msgs/msg'...\n"}
[1.347596] (umv_msgs) StdoutLine: {'line': b'-- Up-to-date: /home/vdcl/Desktop/larr_project/umv_control/install/umv_msgs/local/lib/python3.10/dist-packages/umv_msgs/umv_msgs_s__rosidl_typesupport_fastrtps_c.cpython-310-x86_64-linux-gnu.so\n'}
[1.348000] (umv_msgs) StdoutLine: {'line': b'-- Up-to-date: /home/vdcl/Desktop/larr_project/umv_control/install/umv_msgs/local/lib/python3.10/dist-packages/umv_msgs/umv_msgs_s__rosidl_typesupport_introspection_c.cpython-310-x86_64-linux-gnu.so\n'}
[1.348228] (umv_msgs) StdoutLine: {'line': b'-- Up-to-date: /home/vdcl/Desktop/larr_project/umv_control/install/umv_msgs/local/lib/python3.10/dist-packages/umv_msgs/umv_msgs_s__rosidl_typesupport_c.cpython-310-x86_64-linux-gnu.so\n'}
[1.348442] (umv_msgs) StdoutLine: {'line': b'-- Up-to-date: /home/vdcl/Desktop/larr_project/umv_control/install/umv_msgs/lib/libumv_msgs__rosidl_generator_py.so\n'}
[1.348562] (umv_msgs) StdoutLine: {'line': b'-- Up-to-date: /home/vdcl/Desktop/larr_project/umv_control/install/umv_msgs/share/umv_msgs/msg/LocalRefPath.idl\n'}
[1.348661] (umv_msgs) StdoutLine: {'line': b'-- Up-to-date: /home/vdcl/Desktop/larr_project/umv_control/install/umv_msgs/share/umv_msgs/msg/HostVehicleFilter.idl\n'}
[1.348839] (umv_msgs) StdoutLine: {'line': b'-- Up-to-date: /home/vdcl/Desktop/larr_project/umv_control/install/umv_msgs/share/umv_msgs/msg/AcuCmd.idl\n'}
[1.349040] (umv_msgs) StdoutLine: {'line': b'-- Up-to-date: /home/vdcl/Desktop/larr_project/umv_control/install/umv_msgs/share/umv_msgs/msg/GlobalPath.idl\n'}
[1.349235] (umv_msgs) StdoutLine: {'line': b'-- Up-to-date: /home/vdcl/Desktop/larr_project/umv_control/install/umv_msgs/share/umv_msgs/msg/Obstacles.idl\n'}
[1.349417] (umv_msgs) StdoutLine: {'line': b'-- Up-to-date: /home/vdcl/Desktop/larr_project/umv_control/install/umv_msgs/share/umv_msgs/msg/LocalRefPath.msg\n'}
[1.349613] (umv_msgs) StdoutLine: {'line': b'-- Up-to-date: /home/vdcl/Desktop/larr_project/umv_control/install/umv_msgs/share/umv_msgs/msg/HostVehicleFilter.msg\n'}
[1.349750] (umv_msgs) StdoutLine: {'line': b'-- Up-to-date: /home/vdcl/Desktop/larr_project/umv_control/install/umv_msgs/share/umv_msgs/msg/AcuCmd.msg\n'}
[1.349897] (umv_msgs) StdoutLine: {'line': b'-- Up-to-date: /home/vdcl/Desktop/larr_project/umv_control/install/umv_msgs/share/umv_msgs/msg/GlobalPath.msg\n'}
[1.350050] (umv_msgs) StdoutLine: {'line': b'-- Up-to-date: /home/vdcl/Desktop/larr_project/umv_control/install/umv_msgs/share/umv_msgs/msg/Obstacles.msg\n'}
[1.350219] (umv_msgs) StdoutLine: {'line': b'-- Up-to-date: /home/vdcl/Desktop/larr_project/umv_control/install/umv_msgs/share/ament_index/resource_index/package_run_dependencies/umv_msgs\n'}
[1.350374] (umv_msgs) StdoutLine: {'line': b'-- Up-to-date: /home/vdcl/Desktop/larr_project/umv_control/install/umv_msgs/share/ament_index/resource_index/parent_prefix_path/umv_msgs\n'}
[1.350585] (umv_msgs) StdoutLine: {'line': b'-- Up-to-date: /home/vdcl/Desktop/larr_project/umv_control/install/umv_msgs/share/umv_msgs/environment/ament_prefix_path.sh\n'}
[1.350755] (umv_msgs) StdoutLine: {'line': b'-- Up-to-date: /home/vdcl/Desktop/larr_project/umv_control/install/umv_msgs/share/umv_msgs/environment/ament_prefix_path.dsv\n'}
[1.351011] (umv_msgs) StdoutLine: {'line': b'-- Up-to-date: /home/vdcl/Desktop/larr_project/umv_control/install/umv_msgs/share/umv_msgs/environment/path.sh\n'}
[1.351138] (umv_msgs) StdoutLine: {'line': b'-- Up-to-date: /home/vdcl/Desktop/larr_project/umv_control/install/umv_msgs/share/umv_msgs/environment/path.dsv\n'}
[1.351275] (umv_msgs) StdoutLine: {'line': b'-- Up-to-date: /home/vdcl/Desktop/larr_project/umv_control/install/umv_msgs/share/umv_msgs/local_setup.bash\n'}
[1.351414] (umv_msgs) StdoutLine: {'line': b'-- Up-to-date: /home/vdcl/Desktop/larr_project/umv_control/install/umv_msgs/share/umv_msgs/local_setup.sh\n'}
[1.351552] (umv_msgs) StdoutLine: {'line': b'-- Up-to-date: /home/vdcl/Desktop/larr_project/umv_control/install/umv_msgs/share/umv_msgs/local_setup.zsh\n'}
[1.351686] (umv_msgs) StdoutLine: {'line': b'-- Up-to-date: /home/vdcl/Desktop/larr_project/umv_control/install/umv_msgs/share/umv_msgs/local_setup.dsv\n'}
[1.351802] (umv_msgs) StdoutLine: {'line': b'-- Installing: /home/vdcl/Desktop/larr_project/umv_control/install/umv_msgs/share/umv_msgs/package.dsv\n'}
[1.351918] (umv_msgs) StdoutLine: {'line': b'-- Up-to-date: /home/vdcl/Desktop/larr_project/umv_control/install/umv_msgs/share/ament_index/resource_index/packages/umv_msgs\n'}
[1.352012] (umv_msgs) StdoutLine: {'line': b'-- Up-to-date: /home/vdcl/Desktop/larr_project/umv_control/install/umv_msgs/share/umv_msgs/cmake/export_umv_msgs__rosidl_generator_cExport.cmake\n'}
[1.352133] (umv_msgs) StdoutLine: {'line': b'-- Up-to-date: /home/vdcl/Desktop/larr_project/umv_control/install/umv_msgs/share/umv_msgs/cmake/export_umv_msgs__rosidl_generator_cExport-noconfig.cmake\n'}
[1.352234] (umv_msgs) StdoutLine: {'line': b'-- Up-to-date: /home/vdcl/Desktop/larr_project/umv_control/install/umv_msgs/share/umv_msgs/cmake/export_umv_msgs__rosidl_typesupport_fastrtps_cExport.cmake\n'}
[1.352333] (umv_msgs) StdoutLine: {'line': b'-- Up-to-date: /home/vdcl/Desktop/larr_project/umv_control/install/umv_msgs/share/umv_msgs/cmake/export_umv_msgs__rosidl_typesupport_fastrtps_cExport-noconfig.cmake\n'}
[1.352446] (umv_msgs) StdoutLine: {'line': b'-- Up-to-date: /home/vdcl/Desktop/larr_project/umv_control/install/umv_msgs/share/umv_msgs/cmake/umv_msgs__rosidl_typesupport_introspection_cExport.cmake\n'}
[1.352552] (umv_msgs) StdoutLine: {'line': b'-- Up-to-date: /home/vdcl/Desktop/larr_project/umv_control/install/umv_msgs/share/umv_msgs/cmake/umv_msgs__rosidl_typesupport_introspection_cExport-noconfig.cmake\n'}
[1.352663] (umv_msgs) StdoutLine: {'line': b'-- Up-to-date: /home/vdcl/Desktop/larr_project/umv_control/install/umv_msgs/share/umv_msgs/cmake/umv_msgs__rosidl_typesupport_cExport.cmake\n'}
[1.352762] (umv_msgs) StdoutLine: {'line': b'-- Up-to-date: /home/vdcl/Desktop/larr_project/umv_control/install/umv_msgs/share/umv_msgs/cmake/umv_msgs__rosidl_typesupport_cExport-noconfig.cmake\n'}
[1.353027] (umv_msgs) StdoutLine: {'line': b'-- Up-to-date: /home/vdcl/Desktop/larr_project/umv_control/install/umv_msgs/share/umv_msgs/cmake/export_umv_msgs__rosidl_generator_cppExport.cmake\n'}
[1.353144] (umv_msgs) StdoutLine: {'line': b'-- Up-to-date: /home/vdcl/Desktop/larr_project/umv_control/install/umv_msgs/share/umv_msgs/cmake/export_umv_msgs__rosidl_typesupport_fastrtps_cppExport.cmake\n'}
[1.353242] (umv_msgs) StdoutLine: {'line': b'-- Up-to-date: /home/vdcl/Desktop/larr_project/umv_control/install/umv_msgs/share/umv_msgs/cmake/export_umv_msgs__rosidl_typesupport_fastrtps_cppExport-noconfig.cmake\n'}
[1.353359] (umv_msgs) StdoutLine: {'line': b'-- Up-to-date: /home/vdcl/Desktop/larr_project/umv_control/install/umv_msgs/share/umv_msgs/cmake/umv_msgs__rosidl_typesupport_introspection_cppExport.cmake\n'}
[1.353483] (umv_msgs) StdoutLine: {'line': b'-- Up-to-date: /home/vdcl/Desktop/larr_project/umv_control/install/umv_msgs/share/umv_msgs/cmake/umv_msgs__rosidl_typesupport_introspection_cppExport-noconfig.cmake\n'}
[1.353599] (umv_msgs) StdoutLine: {'line': b'-- Up-to-date: /home/vdcl/Desktop/larr_project/umv_control/install/umv_msgs/share/umv_msgs/cmake/umv_msgs__rosidl_typesupport_cppExport.cmake\n'}
[1.353709] (umv_msgs) StdoutLine: {'line': b'-- Up-to-date: /home/vdcl/Desktop/larr_project/umv_control/install/umv_msgs/share/umv_msgs/cmake/umv_msgs__rosidl_typesupport_cppExport-noconfig.cmake\n'}
[1.353818] (umv_msgs) StdoutLine: {'line': b'-- Up-to-date: /home/vdcl/Desktop/larr_project/umv_control/install/umv_msgs/share/umv_msgs/cmake/export_umv_msgs__rosidl_generator_pyExport.cmake\n'}
[1.354287] (umv_msgs) StdoutLine: {'line': b'-- Up-to-date: /home/vdcl/Desktop/larr_project/umv_control/install/umv_msgs/share/umv_msgs/cmake/export_umv_msgs__rosidl_generator_pyExport-noconfig.cmake\n'}
[1.354659] (umv_msgs) StdoutLine: {'line': b'-- Up-to-date: /home/vdcl/Desktop/larr_project/umv_control/install/umv_msgs/share/umv_msgs/cmake/rosidl_cmake-extras.cmake\n'}
[1.354858] (umv_msgs) StdoutLine: {'line': b'-- Up-to-date: /home/vdcl/Desktop/larr_project/umv_control/install/umv_msgs/share/umv_msgs/cmake/ament_cmake_export_dependencies-extras.cmake\n'}
[1.355632] (umv_msgs) StdoutLine: {'line': b'-- Up-to-date: /home/vdcl/Desktop/larr_project/umv_control/install/umv_msgs/share/umv_msgs/cmake/ament_cmake_export_include_directories-extras.cmake\n'}
[1.355860] (umv_msgs) StdoutLine: {'line': b'-- Up-to-date: /home/vdcl/Desktop/larr_project/umv_control/install/umv_msgs/share/umv_msgs/cmake/ament_cmake_export_libraries-extras.cmake\n'}
[1.356063] (umv_msgs) StdoutLine: {'line': b'-- Up-to-date: /home/vdcl/Desktop/larr_project/umv_control/install/umv_msgs/share/umv_msgs/cmake/ament_cmake_export_targets-extras.cmake\n'}
[1.356285] (umv_msgs) StdoutLine: {'line': b'-- Up-to-date: /home/vdcl/Desktop/larr_project/umv_control/install/umv_msgs/share/umv_msgs/cmake/rosidl_cmake_export_typesupport_targets-extras.cmake\n'}
[1.356579] (umv_msgs) StdoutLine: {'line': b'-- Up-to-date: /home/vdcl/Desktop/larr_project/umv_control/install/umv_msgs/share/umv_msgs/cmake/rosidl_cmake_export_typesupport_libraries-extras.cmake\n'}
[1.356818] (umv_msgs) StdoutLine: {'line': b'-- Up-to-date: /home/vdcl/Desktop/larr_project/umv_control/install/umv_msgs/share/umv_msgs/cmake/umv_msgsConfig.cmake\n'}
[1.356982] (umv_msgs) StdoutLine: {'line': b'-- Up-to-date: /home/vdcl/Desktop/larr_project/umv_control/install/umv_msgs/share/umv_msgs/cmake/umv_msgsConfig-version.cmake\n'}
[1.357179] (umv_msgs) StdoutLine: {'line': b'-- Up-to-date: /home/vdcl/Desktop/larr_project/umv_control/install/umv_msgs/share/umv_msgs/package.xml\n'}
[1.357306] (umv_msgs) CommandEnded: {'returncode': 0}
[1.412709] (-) TimerEvent: {}
[1.513004] (-) TimerEvent: {}
[1.569668] (umv_msgs) JobEnded: {'identifier': 'umv_msgs', 'rc': 0}
[1.571294] (global_path) JobStarted: {'identifier': 'global_path'}
[1.576449] (host_vehicle_filter) JobStarted: {'identifier': 'host_vehicle_filter'}
[1.587186] (lower_controller) JobStarted: {'identifier': 'lower_controller'}
[1.595827] (mppi) JobStarted: {'identifier': 'mppi'}
[1.604529] (motion_planner) Command: {'cmd': ['/usr/bin/python3', '-W', 'ignore:setup.py install is deprecated', 'setup.py', 'egg_info', '--egg-base', '../../build/motion_planner', 'build', '--build-base', '/home/vdcl/Desktop/larr_project/umv_control/build/motion_planner/build', 'install', '--record', '/home/vdcl/Desktop/larr_project/umv_control/build/motion_planner/install.log', '--single-version-externally-managed', 'install_data'], 'cwd': '/home/vdcl/Desktop/larr_project/umv_control/src/motion_planner', 'env': {'LESSOPEN': '| /usr/bin/lesspipe %s', 'LANGUAGE': 'ko:en', 'USER': 'vdcl', 'LC_TIME': 'ko_KR.UTF-8', 'XDG_SESSION_TYPE': 'x11', 'SHLVL': '1', 'LD_LIBRARY_PATH': '/usr/local/cuda-12.2/lib64:/home/vdcl/Desktop/larr_project/umv_control/install/umv_msgs/lib:/home/vdcl/Desktop/larr_project/AirSim/ros2/install/airsim_ros_pkgs/lib:/home/vdcl/Desktop/larr_project/AirSim/ros2/install/airsim_interfaces/lib:/opt/ros/humble/opt/rviz_ogre_vendor/lib:/opt/ros/humble/lib/x86_64-linux-gnu:/opt/ros/humble/lib', 'HOME': '/home/vdcl', 'OLDPWD': '/home/vdcl/Desktop/larr_project', 'DESKTOP_SESSION': 'ubuntu', 'ROS_PYTHON_VERSION': '3', 'GNOME_SHELL_SESSION_MODE': 'ubuntu', 'GTK_MODULES': 'gail:atk-bridge', 'LC_MONETARY': 'ko_KR.UTF-8', 'SYSTEMD_EXEC_PID': '1333', 'DBUS_SESSION_BUS_ADDRESS': 'unix:path=/run/user/1000/bus', 'COLORTERM': 'truecolor', 'COLCON_PREFIX_PATH': '/home/vdcl/Desktop/larr_project/AirSim/ros2/install:/home/vdcl/Desktop/larr_project/umv_control/install', 'ROS_DISTRO': 'humble', 'GTK_IM_MODULE': 'ibus', 'LOGNAME': 'vdcl', '_': '/usr/bin/colcon', 'ROS_VERSION': '2', 'XDG_SESSION_CLASS': 'user', 'USERNAME': 'vdcl', 'TERM': 'xterm-256color', 'GNOME_DESKTOP_SESSION_ID': 'this-is-deprecated', 'ROS_LOCALHOST_ONLY': '0', 'WINDOWPATH': '2', 'PATH': '/usr/local/cuda-12.2/bin:/opt/ros/humble/bin:/home/vdcl/.local/bin:/usr/local/sbin:/usr/local/bin:/usr/sbin:/usr/bin:/sbin:/bin:/usr/games:/usr/local/games:/snap/bin:/snap/bin:/opt/ros/humble/include', 'SESSION_MANAGER': 'local/vdcl-desktop:@/tmp/.ICE-unix/1305,unix/vdcl-desktop:/tmp/.ICE-unix/1305', 'PAPERSIZE': 'a4', 'XDG_MENU_PREFIX': 'gnome-', 'LC_ADDRESS': 'ko_KR.UTF-8', 'GNOME_TERMINAL_SCREEN': '/org/gnome/Terminal/screen/6bf0bce3_6c9e_49be_b628_15af53e2e6e3', 'XDG_RUNTIME_DIR': '/run/user/1000', 'DISPLAY': ':0', 'LANG': 'ko_KR.UTF-8', 'XDG_CURRENT_DESKTOP': 'ubuntu:GNOME', 'LC_TELEPHONE': 'ko_KR.UTF-8', 'XMODIFIERS': '@im=ibus', 'XDG_SESSION_DESKTOP': 'ubuntu', 'XAUTHORITY': '/run/user/1000/gdm/Xauthority', 'LS_COLORS': 'rs=0:di=01;34:ln=01;36:mh=00:pi=40;33:so=01;35:do=01;35:bd=40;33;01:cd=40;33;01:or=40;31;01:mi=00:su=37;41:sg=30;43:ca=30;41:tw=30;42:ow=34;42:st=37;44:ex=01;32:*.tar=01;31:*.tgz=01;31:*.arc=01;31:*.arj=01;31:*.taz=01;31:*.lha=01;31:*.lz4=01;31:*.lzh=01;31:*.lzma=01;31:*.tlz=01;31:*.txz=01;31:*.tzo=01;31:*.t7z=01;31:*.zip=01;31:*.z=01;31:*.dz=01;31:*.gz=01;31:*.lrz=01;31:*.lz=01;31:*.lzo=01;31:*.xz=01;31:*.zst=01;31:*.tzst=01;31:*.bz2=01;31:*.bz=01;31:*.tbz=01;31:*.tbz2=01;31:*.tz=01;31:*.deb=01;31:*.rpm=01;31:*.jar=01;31:*.war=01;31:*.ear=01;31:*.sar=01;31:*.rar=01;31:*.alz=01;31:*.ace=01;31:*.zoo=01;31:*.cpio=01;31:*.7z=01;31:*.rz=01;31:*.cab=01;31:*.wim=01;31:*.swm=01;31:*.dwm=01;31:*.esd=01;31:*.jpg=01;35:*.jpeg=01;35:*.mjpg=01;35:*.mjpeg=01;35:*.gif=01;35:*.bmp=01;35:*.pbm=01;35:*.pgm=01;35:*.ppm=01;35:*.tga=01;35:*.xbm=01;35:*.xpm=01;35:*.tif=01;35:*.tiff=01;35:*.png=01;35:*.svg=01;35:*.svgz=01;35:*.mng=01;35:*.pcx=01;35:*.mov=01;35:*.mpg=01;35:*.mpeg=01;35:*.m2v=01;35:*.mkv=01;35:*.webm=01;35:*.webp=01;35:*.ogm=01;35:*.mp4=01;35:*.m4v=01;35:*.mp4v=01;35:*.vob=01;35:*.qt=01;35:*.nuv=01;35:*.wmv=01;35:*.asf=01;35:*.rm=01;35:*.rmvb=01;35:*.flc=01;35:*.avi=01;35:*.fli=01;35:*.flv=01;35:*.gl=01;35:*.dl=01;35:*.xcf=01;35:*.xwd=01;35:*.yuv=01;35:*.cgm=01;35:*.emf=01;35:*.ogv=01;35:*.ogx=01;35:*.aac=00;36:*.au=00;36:*.flac=00;36:*.m4a=00;36:*.mid=00;36:*.midi=00;36:*.mka=00;36:*.mp3=00;36:*.mpc=00;36:*.ogg=00;36:*.ra=00;36:*.wav=00;36:*.oga=00;36:*.opus=00;36:*.spx=00;36:*.xspf=00;36:', 'GNOME_TERMINAL_SERVICE': ':1.433', 'SSH_AGENT_LAUNCHER': 'gnome-keyring', 'SSH_AUTH_SOCK': '/run/user/1000/keyring/ssh', 'AMENT_PREFIX_PATH': '/home/vdcl/Desktop/larr_project/umv_control/install/utils:/home/vdcl/Desktop/larr_project/umv_control/install/mppi:/home/vdcl/Desktop/larr_project/umv_control/install/lower_controller:/home/vdcl/Desktop/larr_project/umv_control/install/host_vehicle_filter:/home/vdcl/Desktop/larr_project/umv_control/install/global_path:/home/vdcl/Desktop/larr_project/umv_control/install/umv_msgs:/home/vdcl/Desktop/larr_project/umv_control/install/motion_planner:/home/vdcl/Desktop/larr_project/AirSim/ros2/install/airsim_ros_pkgs:/home/vdcl/Desktop/larr_project/AirSim/ros2/install/airsim_interfaces:/opt/ros/humble', 'SHELL': '/bin/bash', 'LC_NAME': 'ko_KR.UTF-8', 'QT_ACCESSIBILITY': '1', 'GDMSESSION': 'ubuntu', 'LESSCLOSE': '/usr/bin/lesspipe %s %s', 'LC_MEASUREMENT': 'ko_KR.UTF-8', 'GPG_AGENT_INFO': '/run/user/1000/gnupg/S.gpg-agent:0:1', 'LC_IDENTIFICATION': 'ko_KR.UTF-8', 'QT_IM_MODULE': 'ibus', 'PWD': '/home/vdcl/Desktop/larr_project/umv_control/build/motion_planner', 'LC_ALL': 'en_US.UTF-8', 'XDG_CONFIG_DIRS': '/etc/xdg/xdg-ubuntu:/etc/xdg', 'XDG_DATA_DIRS': '/usr/share/ubuntu:/usr/share/gnome:/usr/local/share/:/usr/share/:/var/lib/snapd/desktop', 'PYTHONPATH': '/home/vdcl/Desktop/larr_project/umv_control/build/motion_planner/prefix_override:/home/vdcl/Desktop/larr_project/umv_control/install/motion_planner/lib/python3.10/site-packages:/home/vdcl/Desktop/larr_project/umv_control/install/utils/lib/python3.10/site-packages:/home/vdcl/Desktop/larr_project/umv_control/install/lower_controller/lib/python3.10/site-packages:/home/vdcl/Desktop/larr_project/umv_control/install/host_vehicle_filter/lib/python3.10/site-packages:/home/vdcl/Desktop/larr_project/umv_control/install/global_path/lib/python3.10/site-packages:/home/vdcl/Desktop/larr_project/umv_control/install/umv_msgs/local/lib/python3.10/dist-packages:/home/vdcl/Desktop/larr_project/umv_control/install/motion_planner/lib/python3.10/site-packages:/home/vdcl/Desktop/larr_project/AirSim/ros2/install/airsim_interfaces/local/lib/python3.10/dist-packages:/opt/ros/humble/lib/python3.10/site-packages:/opt/ros/humble/local/lib/python3.10/dist-packages', 'LC_NUMERIC': 'ko_KR.UTF-8', 'LC_PAPER': 'ko_KR.UTF-8', 'COLCON': '1', 'VTE_VERSION': '6800', 'CMAKE_PREFIX_PATH': '/home/vdcl/Desktop/larr_project/umv_control/install/mppi:/home/vdcl/Desktop/larr_project/umv_control/install/umv_msgs:/home/vdcl/Desktop/larr_project/AirSim/ros2/install/airsim_ros_pkgs:/home/vdcl/Desktop/larr_project/AirSim/ros2/install/airsim_interfaces'}, 'shell': False}
[1.613097] (-) TimerEvent: {}
[1.713387] (-) TimerEvent: {}
[1.814231] (-) TimerEvent: {}
[1.914616] (-) TimerEvent: {}
[1.939364] (motion_planner) StdoutLine: {'line': b'running egg_info\n'}
[1.940043] (motion_planner) StdoutLine: {'line': b'writing ../../build/motion_planner/motion_planner.egg-info/PKG-INFO\n'}
[1.940237] (motion_planner) StdoutLine: {'line': b'writing dependency_links to ../../build/motion_planner/motion_planner.egg-info/dependency_links.txt\n'}
[1.940432] (motion_planner) StdoutLine: {'line': b'writing entry points to ../../build/motion_planner/motion_planner.egg-info/entry_points.txt\n'}
[1.940599] (motion_planner) StdoutLine: {'line': b'writing requirements to ../../build/motion_planner/motion_planner.egg-info/requires.txt\n'}
[1.940747] (motion_planner) StdoutLine: {'line': b'writing top-level names to ../../build/motion_planner/motion_planner.egg-info/top_level.txt\n'}
[1.943005] (motion_planner) StdoutLine: {'line': b"reading manifest file '../../build/motion_planner/motion_planner.egg-info/SOURCES.txt'\n"}
[1.943663] (motion_planner) StdoutLine: {'line': b"adding license file 'LICENSE'\n"}
[1.944638] (motion_planner) StdoutLine: {'line': b"writing manifest file '../../build/motion_planner/motion_planner.egg-info/SOURCES.txt'\n"}
[1.944794] (motion_planner) StdoutLine: {'line': b'running build\n'}
[1.944906] (motion_planner) StdoutLine: {'line': b'running build_py\n'}
[1.945327] (motion_planner) StdoutLine: {'line': b'running install\n'}
[1.945756] (motion_planner) StdoutLine: {'line': b'running install_lib\n'}
[1.947133] (motion_planner) StdoutLine: {'line': b'running install_data\n'}
[1.947267] (motion_planner) StdoutLine: {'line': b'running install_egg_info\n'}
[1.949469] (motion_planner) StdoutLine: {'line': b"removing '/home/vdcl/Desktop/larr_project/umv_control/install/motion_planner/lib/python3.10/site-packages/motion_planner-0.0.0-py3.10.egg-info' (and everything under it)\n"}
[1.949854] (motion_planner) StdoutLine: {'line': b'Copying ../../build/motion_planner/motion_planner.egg-info to /home/vdcl/Desktop/larr_project/umv_control/install/motion_planner/lib/python3.10/site-packages/motion_planner-0.0.0-py3.10.egg-info\n'}
[1.952287] (motion_planner) StdoutLine: {'line': b'running install_scripts\n'}
[1.975011] (motion_planner) StdoutLine: {'line': b'Installing motion_planner_node script to /home/vdcl/Desktop/larr_project/umv_control/install/motion_planner/lib/motion_planner\n'}
[1.975415] (motion_planner) StdoutLine: {'line': b"writing list of installed files to '/home/vdcl/Desktop/larr_project/umv_control/build/motion_planner/install.log'\n"}
[2.014722] (-) TimerEvent: {}
[2.114993] (-) TimerEvent: {}
[2.215286] (-) TimerEvent: {}
[2.315528] (-) TimerEvent: {}
[2.415794] (-) TimerEvent: {}
[2.516115] (-) TimerEvent: {}
[2.616526] (-) TimerEvent: {}
[2.716933] (-) TimerEvent: {}
[2.817279] (-) TimerEvent: {}
[2.870527] (mppi) JobProgress: {'identifier': 'mppi', 'progress': 'cmake'}
[2.871886] (mppi) JobProgress: {'identifier': 'mppi', 'progress': 'build'}
[2.872728] (mppi) Command: {'cmd': ['/usr/bin/cmake', '--build', '/home/vdcl/Desktop/larr_project/umv_control/build/mppi', '--', '-j8', '-l8'], 'cwd': '/home/vdcl/Desktop/larr_project/umv_control/build/mppi', 'env': OrderedDict([('LESSOPEN', '| /usr/bin/lesspipe %s'), ('LANGUAGE', 'ko:en'), ('USER', 'vdcl'), ('LC_TIME', 'ko_KR.UTF-8'), ('XDG_SESSION_TYPE', 'x11'), ('SHLVL', '1'), ('LD_LIBRARY_PATH', '/home/vdcl/Desktop/larr_project/umv_control/install/umv_msgs/lib:/usr/local/cuda-12.2/lib64:/home/vdcl/Desktop/larr_project/AirSim/ros2/install/airsim_ros_pkgs/lib:/home/vdcl/Desktop/larr_project/AirSim/ros2/install/airsim_interfaces/lib:/opt/ros/humble/opt/rviz_ogre_vendor/lib:/opt/ros/humble/lib/x86_64-linux-gnu:/opt/ros/humble/lib'), ('HOME', '/home/vdcl'), ('OLDPWD', '/home/vdcl/Desktop/larr_project'), ('DESKTOP_SESSION', 'ubuntu'), ('ROS_PYTHON_VERSION', '3'), ('GNOME_SHELL_SESSION_MODE', 'ubuntu'), ('GTK_MODULES', 'gail:atk-bridge'), ('LC_MONETARY', 'ko_KR.UTF-8'), ('SYSTEMD_EXEC_PID', '1333'), ('DBUS_SESSION_BUS_ADDRESS', 'unix:path=/run/user/1000/bus'), ('COLORTERM', 'truecolor'), ('COLCON_PREFIX_PATH', '/home/vdcl/Desktop/larr_project/AirSim/ros2/install:/home/vdcl/Desktop/larr_project/umv_control/install'), ('ROS_DISTRO', 'humble'), ('GTK_IM_MODULE', 'ibus'), ('LOGNAME', 'vdcl'), ('_', '/usr/bin/colcon'), ('ROS_VERSION', '2'), ('XDG_SESSION_CLASS', 'user'), ('USERNAME', 'vdcl'), ('TERM', 'xterm-256color'), ('GNOME_DESKTOP_SESSION_ID', 'this-is-deprecated'), ('ROS_LOCALHOST_ONLY', '0'), ('WINDOWPATH', '2'), ('PATH', '/usr/local/cuda-12.2/bin:/opt/ros/humble/bin:/home/vdcl/.local/bin:/usr/local/sbin:/usr/local/bin:/usr/sbin:/usr/bin:/sbin:/bin:/usr/games:/usr/local/games:/snap/bin:/snap/bin:/opt/ros/humble/include'), ('SESSION_MANAGER', 'local/vdcl-desktop:@/tmp/.ICE-unix/1305,unix/vdcl-desktop:/tmp/.ICE-unix/1305'), ('PAPERSIZE', 'a4'), ('XDG_MENU_PREFIX', 'gnome-'), ('LC_ADDRESS', 'ko_KR.UTF-8'), ('GNOME_TERMINAL_SCREEN', '/org/gnome/Terminal/screen/6bf0bce3_6c9e_49be_b628_15af53e2e6e3'), ('XDG_RUNTIME_DIR', '/run/user/1000'), ('DISPLAY', ':0'), ('LANG', 'ko_KR.UTF-8'), ('XDG_CURRENT_DESKTOP', 'ubuntu:GNOME'), ('LC_TELEPHONE', 'ko_KR.UTF-8'), ('XMODIFIERS', '@im=ibus'), ('XDG_SESSION_DESKTOP', 'ubuntu'), ('XAUTHORITY', '/run/user/1000/gdm/Xauthority'), ('LS_COLORS', 'rs=0:di=01;34:ln=01;36:mh=00:pi=40;33:so=01;35:do=01;35:bd=40;33;01:cd=40;33;01:or=40;31;01:mi=00:su=37;41:sg=30;43:ca=30;41:tw=30;42:ow=34;42:st=37;44:ex=01;32:*.tar=01;31:*.tgz=01;31:*.arc=01;31:*.arj=01;31:*.taz=01;31:*.lha=01;31:*.lz4=01;31:*.lzh=01;31:*.lzma=01;31:*.tlz=01;31:*.txz=01;31:*.tzo=01;31:*.t7z=01;31:*.zip=01;31:*.z=01;31:*.dz=01;31:*.gz=01;31:*.lrz=01;31:*.lz=01;31:*.lzo=01;31:*.xz=01;31:*.zst=01;31:*.tzst=01;31:*.bz2=01;31:*.bz=01;31:*.tbz=01;31:*.tbz2=01;31:*.tz=01;31:*.deb=01;31:*.rpm=01;31:*.jar=01;31:*.war=01;31:*.ear=01;31:*.sar=01;31:*.rar=01;31:*.alz=01;31:*.ace=01;31:*.zoo=01;31:*.cpio=01;31:*.7z=01;31:*.rz=01;31:*.cab=01;31:*.wim=01;31:*.swm=01;31:*.dwm=01;31:*.esd=01;31:*.jpg=01;35:*.jpeg=01;35:*.mjpg=01;35:*.mjpeg=01;35:*.gif=01;35:*.bmp=01;35:*.pbm=01;35:*.pgm=01;35:*.ppm=01;35:*.tga=01;35:*.xbm=01;35:*.xpm=01;35:*.tif=01;35:*.tiff=01;35:*.png=01;35:*.svg=01;35:*.svgz=01;35:*.mng=01;35:*.pcx=01;35:*.mov=01;35:*.mpg=01;35:*.mpeg=01;35:*.m2v=01;35:*.mkv=01;35:*.webm=01;35:*.webp=01;35:*.ogm=01;35:*.mp4=01;35:*.m4v=01;35:*.mp4v=01;35:*.vob=01;35:*.qt=01;35:*.nuv=01;35:*.wmv=01;35:*.asf=01;35:*.rm=01;35:*.rmvb=01;35:*.flc=01;35:*.avi=01;35:*.fli=01;35:*.flv=01;35:*.gl=01;35:*.dl=01;35:*.xcf=01;35:*.xwd=01;35:*.yuv=01;35:*.cgm=01;35:*.emf=01;35:*.ogv=01;35:*.ogx=01;35:*.aac=00;36:*.au=00;36:*.flac=00;36:*.m4a=00;36:*.mid=00;36:*.midi=00;36:*.mka=00;36:*.mp3=00;36:*.mpc=00;36:*.ogg=00;36:*.ra=00;36:*.wav=00;36:*.oga=00;36:*.opus=00;36:*.spx=00;36:*.xspf=00;36:'), ('GNOME_TERMINAL_SERVICE', ':1.433'), ('SSH_AGENT_LAUNCHER', 'gnome-keyring'), ('SSH_AUTH_SOCK', '/run/user/1000/keyring/ssh'), ('AMENT_PREFIX_PATH', '/home/vdcl/Desktop/larr_project/umv_control/install/utils:/home/vdcl/Desktop/larr_project/umv_control/install/mppi:/home/vdcl/Desktop/larr_project/umv_control/install/lower_controller:/home/vdcl/Desktop/larr_project/umv_control/install/host_vehicle_filter:/home/vdcl/Desktop/larr_project/umv_control/install/global_path:/home/vdcl/Desktop/larr_project/umv_control/install/umv_msgs:/home/vdcl/Desktop/larr_project/umv_control/install/motion_planner:/home/vdcl/Desktop/larr_project/AirSim/ros2/install/airsim_ros_pkgs:/home/vdcl/Desktop/larr_project/AirSim/ros2/install/airsim_interfaces:/opt/ros/humble'), ('SHELL', '/bin/bash'), ('LC_NAME', 'ko_KR.UTF-8'), ('QT_ACCESSIBILITY', '1'), ('GDMSESSION', 'ubuntu'), ('LESSCLOSE', '/usr/bin/lesspipe %s %s'), ('LC_MEASUREMENT', 'ko_KR.UTF-8'), ('GPG_AGENT_INFO', '/run/user/1000/gnupg/S.gpg-agent:0:1'), ('LC_IDENTIFICATION', 'ko_KR.UTF-8'), ('QT_IM_MODULE', 'ibus'), ('PWD', '/home/vdcl/Desktop/larr_project/umv_control/build/mppi'), ('LC_ALL', 'en_US.UTF-8'), ('XDG_CONFIG_DIRS', '/etc/xdg/xdg-ubuntu:/etc/xdg'), ('XDG_DATA_DIRS', '/usr/share/ubuntu:/usr/share/gnome:/usr/local/share/:/usr/share/:/var/lib/snapd/desktop'), ('PYTHONPATH', '/home/vdcl/Desktop/larr_project/umv_control/install/utils/lib/python3.10/site-packages:/home/vdcl/Desktop/larr_project/umv_control/install/lower_controller/lib/python3.10/site-packages:/home/vdcl/Desktop/larr_project/umv_control/install/host_vehicle_filter/lib/python3.10/site-packages:/home/vdcl/Desktop/larr_project/umv_control/install/global_path/lib/python3.10/site-packages:/home/vdcl/Desktop/larr_project/umv_control/install/umv_msgs/local/lib/python3.10/dist-packages:/home/vdcl/Desktop/larr_project/umv_control/install/motion_planner/lib/python3.10/site-packages:/home/vdcl/Desktop/larr_project/AirSim/ros2/install/airsim_interfaces/local/lib/python3.10/dist-packages:/opt/ros/humble/lib/python3.10/site-packages:/opt/ros/humble/local/lib/python3.10/dist-packages'), ('LC_NUMERIC', 'ko_KR.UTF-8'), ('LC_PAPER', 'ko_KR.UTF-8'), ('COLCON', '1'), ('VTE_VERSION', '6800'), ('CMAKE_PREFIX_PATH', '/home/vdcl/Desktop/larr_project/umv_control/install/umv_msgs:/home/vdcl/Desktop/larr_project/umv_control/install/mppi:/home/vdcl/Desktop/larr_project/AirSim/ros2/install/airsim_ros_pkgs:/home/vdcl/Desktop/larr_project/AirSim/ros2/install/airsim_interfaces:/home/vdcl/Desktop/larr_project/umv_control/install/utils:/home/vdcl/Desktop/larr_project/umv_control/install/lower_controller:/home/vdcl/Desktop/larr_project/umv_control/install/host_vehicle_filter:/home/vdcl/Desktop/larr_project/umv_control/install/global_path:/home/vdcl/Desktop/larr_project/umv_control/install/motion_planner:/opt/ros/humble')]), 'shell': False}
[2.877074] (motion_planner) CommandEnded: {'returncode': 0}
[2.890235] (motion_planner) JobEnded: {'identifier': 'motion_planner', 'rc': 0}
[2.890739] (utils) Command: {'cmd': ['/usr/bin/python3', '-W', 'ignore:setup.py install is deprecated', 'setup.py', 'egg_info', '--egg-base', '../../build/utils', 'build', '--build-base', '/home/vdcl/Desktop/larr_project/umv_control/build/utils/build', 'install', '--record', '/home/vdcl/Desktop/larr_project/umv_control/build/utils/install.log', '--single-version-externally-managed', 'install_data'], 'cwd': '/home/vdcl/Desktop/larr_project/umv_control/src/utils', 'env': {'LESSOPEN': '| /usr/bin/lesspipe %s', 'LANGUAGE': 'ko:en', 'USER': 'vdcl', 'LC_TIME': 'ko_KR.UTF-8', 'XDG_SESSION_TYPE': 'x11', 'SHLVL': '1', 'LD_LIBRARY_PATH': '/usr/local/cuda-12.2/lib64:/home/vdcl/Desktop/larr_project/umv_control/install/umv_msgs/lib:/home/vdcl/Desktop/larr_project/AirSim/ros2/install/airsim_ros_pkgs/lib:/home/vdcl/Desktop/larr_project/AirSim/ros2/install/airsim_interfaces/lib:/opt/ros/humble/opt/rviz_ogre_vendor/lib:/opt/ros/humble/lib/x86_64-linux-gnu:/opt/ros/humble/lib', 'HOME': '/home/vdcl', 'OLDPWD': '/home/vdcl/Desktop/larr_project', 'DESKTOP_SESSION': 'ubuntu', 'ROS_PYTHON_VERSION': '3', 'GNOME_SHELL_SESSION_MODE': 'ubuntu', 'GTK_MODULES': 'gail:atk-bridge', 'LC_MONETARY': 'ko_KR.UTF-8', 'SYSTEMD_EXEC_PID': '1333', 'DBUS_SESSION_BUS_ADDRESS': 'unix:path=/run/user/1000/bus', 'COLORTERM': 'truecolor', 'COLCON_PREFIX_PATH': '/home/vdcl/Desktop/larr_project/AirSim/ros2/install:/home/vdcl/Desktop/larr_project/umv_control/install', 'ROS_DISTRO': 'humble', 'GTK_IM_MODULE': 'ibus', 'LOGNAME': 'vdcl', '_': '/usr/bin/colcon', 'ROS_VERSION': '2', 'XDG_SESSION_CLASS': 'user', 'USERNAME': 'vdcl', 'TERM': 'xterm-256color', 'GNOME_DESKTOP_SESSION_ID': 'this-is-deprecated', 'ROS_LOCALHOST_ONLY': '0', 'WINDOWPATH': '2', 'PATH': '/usr/local/cuda-12.2/bin:/opt/ros/humble/bin:/home/vdcl/.local/bin:/usr/local/sbin:/usr/local/bin:/usr/sbin:/usr/bin:/sbin:/bin:/usr/games:/usr/local/games:/snap/bin:/snap/bin:/opt/ros/humble/include', 'SESSION_MANAGER': 'local/vdcl-desktop:@/tmp/.ICE-unix/1305,unix/vdcl-desktop:/tmp/.ICE-unix/1305', 'PAPERSIZE': 'a4', 'XDG_MENU_PREFIX': 'gnome-', 'LC_ADDRESS': 'ko_KR.UTF-8', 'GNOME_TERMINAL_SCREEN': '/org/gnome/Terminal/screen/6bf0bce3_6c9e_49be_b628_15af53e2e6e3', 'XDG_RUNTIME_DIR': '/run/user/1000', 'DISPLAY': ':0', 'LANG': 'ko_KR.UTF-8', 'XDG_CURRENT_DESKTOP': 'ubuntu:GNOME', 'LC_TELEPHONE': 'ko_KR.UTF-8', 'XMODIFIERS': '@im=ibus', 'XDG_SESSION_DESKTOP': 'ubuntu', 'XAUTHORITY': '/run/user/1000/gdm/Xauthority', 'LS_COLORS': 'rs=0:di=01;34:ln=01;36:mh=00:pi=40;33:so=01;35:do=01;35:bd=40;33;01:cd=40;33;01:or=40;31;01:mi=00:su=37;41:sg=30;43:ca=30;41:tw=30;42:ow=34;42:st=37;44:ex=01;32:*.tar=01;31:*.tgz=01;31:*.arc=01;31:*.arj=01;31:*.taz=01;31:*.lha=01;31:*.lz4=01;31:*.lzh=01;31:*.lzma=01;31:*.tlz=01;31:*.txz=01;31:*.tzo=01;31:*.t7z=01;31:*.zip=01;31:*.z=01;31:*.dz=01;31:*.gz=01;31:*.lrz=01;31:*.lz=01;31:*.lzo=01;31:*.xz=01;31:*.zst=01;31:*.tzst=01;31:*.bz2=01;31:*.bz=01;31:*.tbz=01;31:*.tbz2=01;31:*.tz=01;31:*.deb=01;31:*.rpm=01;31:*.jar=01;31:*.war=01;31:*.ear=01;31:*.sar=01;31:*.rar=01;31:*.alz=01;31:*.ace=01;31:*.zoo=01;31:*.cpio=01;31:*.7z=01;31:*.rz=01;31:*.cab=01;31:*.wim=01;31:*.swm=01;31:*.dwm=01;31:*.esd=01;31:*.jpg=01;35:*.jpeg=01;35:*.mjpg=01;35:*.mjpeg=01;35:*.gif=01;35:*.bmp=01;35:*.pbm=01;35:*.pgm=01;35:*.ppm=01;35:*.tga=01;35:*.xbm=01;35:*.xpm=01;35:*.tif=01;35:*.tiff=01;35:*.png=01;35:*.svg=01;35:*.svgz=01;35:*.mng=01;35:*.pcx=01;35:*.mov=01;35:*.mpg=01;35:*.mpeg=01;35:*.m2v=01;35:*.mkv=01;35:*.webm=01;35:*.webp=01;35:*.ogm=01;35:*.mp4=01;35:*.m4v=01;35:*.mp4v=01;35:*.vob=01;35:*.qt=01;35:*.nuv=01;35:*.wmv=01;35:*.asf=01;35:*.rm=01;35:*.rmvb=01;35:*.flc=01;35:*.avi=01;35:*.fli=01;35:*.flv=01;35:*.gl=01;35:*.dl=01;35:*.xcf=01;35:*.xwd=01;35:*.yuv=01;35:*.cgm=01;35:*.emf=01;35:*.ogv=01;35:*.ogx=01;35:*.aac=00;36:*.au=00;36:*.flac=00;36:*.m4a=00;36:*.mid=00;36:*.midi=00;36:*.mka=00;36:*.mp3=00;36:*.mpc=00;36:*.ogg=00;36:*.ra=00;36:*.wav=00;36:*.oga=00;36:*.opus=00;36:*.spx=00;36:*.xspf=00;36:', 'GNOME_TERMINAL_SERVICE': ':1.433', 'SSH_AGENT_LAUNCHER': 'gnome-keyring', 'SSH_AUTH_SOCK': '/run/user/1000/keyring/ssh', 'AMENT_PREFIX_PATH': '/home/vdcl/Desktop/larr_project/umv_control/install/utils:/home/vdcl/Desktop/larr_project/umv_control/install/mppi:/home/vdcl/Desktop/larr_project/umv_control/install/lower_controller:/home/vdcl/Desktop/larr_project/umv_control/install/host_vehicle_filter:/home/vdcl/Desktop/larr_project/umv_control/install/global_path:/home/vdcl/Desktop/larr_project/umv_control/install/umv_msgs:/home/vdcl/Desktop/larr_project/umv_control/install/motion_planner:/home/vdcl/Desktop/larr_project/AirSim/ros2/install/airsim_ros_pkgs:/home/vdcl/Desktop/larr_project/AirSim/ros2/install/airsim_interfaces:/opt/ros/humble', 'SHELL': '/bin/bash', 'LC_NAME': 'ko_KR.UTF-8', 'QT_ACCESSIBILITY': '1', 'GDMSESSION': 'ubuntu', 'LESSCLOSE': '/usr/bin/lesspipe %s %s', 'LC_MEASUREMENT': 'ko_KR.UTF-8', 'GPG_AGENT_INFO': '/run/user/1000/gnupg/S.gpg-agent:0:1', 'LC_IDENTIFICATION': 'ko_KR.UTF-8', 'QT_IM_MODULE': 'ibus', 'PWD': '/home/vdcl/Desktop/larr_project/umv_control/build/utils', 'LC_ALL': 'en_US.UTF-8', 'XDG_CONFIG_DIRS': '/etc/xdg/xdg-ubuntu:/etc/xdg', 'XDG_DATA_DIRS': '/usr/share/ubuntu:/usr/share/gnome:/usr/local/share/:/usr/share/:/var/lib/snapd/desktop', 'PYTHONPATH': '/home/vdcl/Desktop/larr_project/umv_control/build/utils/prefix_override:/home/vdcl/Desktop/larr_project/umv_control/install/utils/lib/python3.10/site-packages:/home/vdcl/Desktop/larr_project/umv_control/install/utils/lib/python3.10/site-packages:/home/vdcl/Desktop/larr_project/umv_control/install/lower_controller/lib/python3.10/site-packages:/home/vdcl/Desktop/larr_project/umv_control/install/host_vehicle_filter/lib/python3.10/site-packages:/home/vdcl/Desktop/larr_project/umv_control/install/global_path/lib/python3.10/site-packages:/home/vdcl/Desktop/larr_project/umv_control/install/umv_msgs/local/lib/python3.10/dist-packages:/home/vdcl/Desktop/larr_project/umv_control/install/motion_planner/lib/python3.10/site-packages:/home/vdcl/Desktop/larr_project/AirSim/ros2/install/airsim_interfaces/local/lib/python3.10/dist-packages:/opt/ros/humble/lib/python3.10/site-packages:/opt/ros/humble/local/lib/python3.10/dist-packages', 'LC_NUMERIC': 'ko_KR.UTF-8', 'LC_PAPER': 'ko_KR.UTF-8', 'COLCON': '1', 'VTE_VERSION': '6800', 'CMAKE_PREFIX_PATH': '/home/vdcl/Desktop/larr_project/umv_control/install/mppi:/home/vdcl/Desktop/larr_project/umv_control/install/umv_msgs:/home/vdcl/Desktop/larr_project/AirSim/ros2/install/airsim_ros_pkgs:/home/vdcl/Desktop/larr_project/AirSim/ros2/install/airsim_interfaces'}, 'shell': False}
[2.918031] (-) TimerEvent: {}
[2.999156] (mppi) StdoutLine: {'line': b'\x1b[35m\x1b[1mConsolidate compiler generated dependencies of target mppi_manager\x1b[0m\n'}
[3.021162] (-) TimerEvent: {}
[3.124473] (-) TimerEvent: {}
[3.180881] (mppi) StdoutLine: {'line': b'[ 33%] \x1b[32mBuilding CXX object CMakeFiles/mppi_manager.dir/src/mppi.cpp.o\x1b[0m\n'}
[3.243443] (-) TimerEvent: {}
[3.367441] (-) TimerEvent: {}
[3.447211] (utils) StdoutLine: {'line': b'running egg_info\n'}
[3.447580] (utils) StdoutLine: {'line': b'writing ../../build/utils/utils.egg-info/PKG-INFO\n'}
[3.447777] (utils) StdoutLine: {'line': b'writing dependency_links to ../../build/utils/utils.egg-info/dependency_links.txt\n'}
[3.447931] (utils) StdoutLine: {'line': b'writing entry points to ../../build/utils/utils.egg-info/entry_points.txt\n'}
[3.448091] (utils) StdoutLine: {'line': b'writing requirements to ../../build/utils/utils.egg-info/requires.txt\n'}
[3.448253] (utils) StdoutLine: {'line': b'writing top-level names to ../../build/utils/utils.egg-info/top_level.txt\n'}
[3.448423] (utils) StdoutLine: {'line': b"reading manifest file '../../build/utils/utils.egg-info/SOURCES.txt'\n"}
[3.451533] (utils) StdoutLine: {'line': b"adding license file 'LICENSE'\n"}
[3.451812] (utils) StdoutLine: {'line': b"writing manifest file '../../build/utils/utils.egg-info/SOURCES.txt'\n"}
[3.451929] (utils) StdoutLine: {'line': b'running build\n'}
[3.452044] (utils) StdoutLine: {'line': b'running build_py\n'}
[3.452147] (utils) StdoutLine: {'line': b'running install\n'}
[3.470463] (utils) StdoutLine: {'line': b'running install_lib\n'}
[3.470666] (-) TimerEvent: {}
[3.471353] (utils) StdoutLine: {'line': b'running install_data\n'}
[3.471534] (utils) StdoutLine: {'line': b'running install_egg_info\n'}
[3.471680] (utils) StdoutLine: {'line': b"removing '/home/vdcl/Desktop/larr_project/umv_control/install/utils/lib/python3.10/site-packages/utils-0.0.0-py3.10.egg-info' (and everything under it)\n"}
[3.471817] (utils) StdoutLine: {'line': b'Copying ../../build/utils/utils.egg-info to /home/vdcl/Desktop/larr_project/umv_control/install/utils/lib/python3.10/site-packages/utils-0.0.0-py3.10.egg-info\n'}
[3.471943] (utils) StdoutLine: {'line': b'running install_scripts\n'}
[3.505685] (utils) StdoutLine: {'line': b'Installing path_plotter_node script to /home/vdcl/Desktop/larr_project/umv_control/install/utils/lib/utils\n'}
[3.519525] (utils) StdoutLine: {'line': b'Installing virtual_target_node script to /home/vdcl/Desktop/larr_project/umv_control/install/utils/lib/utils\n'}
[3.519734] (utils) StdoutLine: {'line': b"writing list of installed files to '/home/vdcl/Desktop/larr_project/umv_control/build/utils/install.log'\n"}
[3.576442] (utils) CommandEnded: {'returncode': 0}
[3.576786] (-) TimerEvent: {}
[3.641850] (utils) JobEnded: {'identifier': 'utils', 'rc': 0}
[3.676865] (-) TimerEvent: {}
[3.752524] (lower_controller) Command: {'cmd': ['/usr/bin/python3', '-W', 'ignore:setup.py install is deprecated', 'setup.py', 'egg_info', '--egg-base', '../../build/lower_controller', 'build', '--build-base', '/home/vdcl/Desktop/larr_project/umv_control/build/lower_controller/build', 'install', '--record', '/home/vdcl/Desktop/larr_project/umv_control/build/lower_controller/install.log', '--single-version-externally-managed', 'install_data'], 'cwd': '/home/vdcl/Desktop/larr_project/umv_control/src/lower_controller', 'env': {'LESSOPEN': '| /usr/bin/lesspipe %s', 'LANGUAGE': 'ko:en', 'USER': 'vdcl', 'LC_TIME': 'ko_KR.UTF-8', 'XDG_SESSION_TYPE': 'x11', 'SHLVL': '1', 'LD_LIBRARY_PATH': '/home/vdcl/Desktop/larr_project/umv_control/install/umv_msgs/lib:/usr/local/cuda-12.2/lib64:/home/vdcl/Desktop/larr_project/AirSim/ros2/install/airsim_ros_pkgs/lib:/home/vdcl/Desktop/larr_project/AirSim/ros2/install/airsim_interfaces/lib:/opt/ros/humble/opt/rviz_ogre_vendor/lib:/opt/ros/humble/lib/x86_64-linux-gnu:/opt/ros/humble/lib', 'HOME': '/home/vdcl', 'OLDPWD': '/home/vdcl/Desktop/larr_project', 'DESKTOP_SESSION': 'ubuntu', 'ROS_PYTHON_VERSION': '3', 'GNOME_SHELL_SESSION_MODE': 'ubuntu', 'GTK_MODULES': 'gail:atk-bridge', 'LC_MONETARY': 'ko_KR.UTF-8', 'SYSTEMD_EXEC_PID': '1333', 'DBUS_SESSION_BUS_ADDRESS': 'unix:path=/run/user/1000/bus', 'COLORTERM': 'truecolor', 'COLCON_PREFIX_PATH': '/home/vdcl/Desktop/larr_project/AirSim/ros2/install:/home/vdcl/Desktop/larr_project/umv_control/install', 'ROS_DISTRO': 'humble', 'GTK_IM_MODULE': 'ibus', 'LOGNAME': 'vdcl', '_': '/usr/bin/colcon', 'ROS_VERSION': '2', 'XDG_SESSION_CLASS': 'user', 'USERNAME': 'vdcl', 'TERM': 'xterm-256color', 'GNOME_DESKTOP_SESSION_ID': 'this-is-deprecated', 'ROS_LOCALHOST_ONLY': '0', 'WINDOWPATH': '2', 'PATH': '/usr/local/cuda-12.2/bin:/opt/ros/humble/bin:/home/vdcl/.local/bin:/usr/local/sbin:/usr/local/bin:/usr/sbin:/usr/bin:/sbin:/bin:/usr/games:/usr/local/games:/snap/bin:/snap/bin:/opt/ros/humble/include', 'SESSION_MANAGER': 'local/vdcl-desktop:@/tmp/.ICE-unix/1305,unix/vdcl-desktop:/tmp/.ICE-unix/1305', 'PAPERSIZE': 'a4', 'XDG_MENU_PREFIX': 'gnome-', 'LC_ADDRESS': 'ko_KR.UTF-8', 'GNOME_TERMINAL_SCREEN': '/org/gnome/Terminal/screen/6bf0bce3_6c9e_49be_b628_15af53e2e6e3', 'XDG_RUNTIME_DIR': '/run/user/1000', 'DISPLAY': ':0', 'LANG': 'ko_KR.UTF-8', 'XDG_CURRENT_DESKTOP': 'ubuntu:GNOME', 'LC_TELEPHONE': 'ko_KR.UTF-8', 'XMODIFIERS': '@im=ibus', 'XDG_SESSION_DESKTOP': 'ubuntu', 'XAUTHORITY': '/run/user/1000/gdm/Xauthority', 'LS_COLORS': 'rs=0:di=01;34:ln=01;36:mh=00:pi=40;33:so=01;35:do=01;35:bd=40;33;01:cd=40;33;01:or=40;31;01:mi=00:su=37;41:sg=30;43:ca=30;41:tw=30;42:ow=34;42:st=37;44:ex=01;32:*.tar=01;31:*.tgz=01;31:*.arc=01;31:*.arj=01;31:*.taz=01;31:*.lha=01;31:*.lz4=01;31:*.lzh=01;31:*.lzma=01;31:*.tlz=01;31:*.txz=01;31:*.tzo=01;31:*.t7z=01;31:*.zip=01;31:*.z=01;31:*.dz=01;31:*.gz=01;31:*.lrz=01;31:*.lz=01;31:*.lzo=01;31:*.xz=01;31:*.zst=01;31:*.tzst=01;31:*.bz2=01;31:*.bz=01;31:*.tbz=01;31:*.tbz2=01;31:*.tz=01;31:*.deb=01;31:*.rpm=01;31:*.jar=01;31:*.war=01;31:*.ear=01;31:*.sar=01;31:*.rar=01;31:*.alz=01;31:*.ace=01;31:*.zoo=01;31:*.cpio=01;31:*.7z=01;31:*.rz=01;31:*.cab=01;31:*.wim=01;31:*.swm=01;31:*.dwm=01;31:*.esd=01;31:*.jpg=01;35:*.jpeg=01;35:*.mjpg=01;35:*.mjpeg=01;35:*.gif=01;35:*.bmp=01;35:*.pbm=01;35:*.pgm=01;35:*.ppm=01;35:*.tga=01;35:*.xbm=01;35:*.xpm=01;35:*.tif=01;35:*.tiff=01;35:*.png=01;35:*.svg=01;35:*.svgz=01;35:*.mng=01;35:*.pcx=01;35:*.mov=01;35:*.mpg=01;35:*.mpeg=01;35:*.m2v=01;35:*.mkv=01;35:*.webm=01;35:*.webp=01;35:*.ogm=01;35:*.mp4=01;35:*.m4v=01;35:*.mp4v=01;35:*.vob=01;35:*.qt=01;35:*.nuv=01;35:*.wmv=01;35:*.asf=01;35:*.rm=01;35:*.rmvb=01;35:*.flc=01;35:*.avi=01;35:*.fli=01;35:*.flv=01;35:*.gl=01;35:*.dl=01;35:*.xcf=01;35:*.xwd=01;35:*.yuv=01;35:*.cgm=01;35:*.emf=01;35:*.ogv=01;35:*.ogx=01;35:*.aac=00;36:*.au=00;36:*.flac=00;36:*.m4a=00;36:*.mid=00;36:*.midi=00;36:*.mka=00;36:*.mp3=00;36:*.mpc=00;36:*.ogg=00;36:*.ra=00;36:*.wav=00;36:*.oga=00;36:*.opus=00;36:*.spx=00;36:*.xspf=00;36:', 'GNOME_TERMINAL_SERVICE': ':1.433', 'SSH_AGENT_LAUNCHER': 'gnome-keyring', 'SSH_AUTH_SOCK': '/run/user/1000/keyring/ssh', 'AMENT_PREFIX_PATH': '/home/vdcl/Desktop/larr_project/umv_control/install/utils:/home/vdcl/Desktop/larr_project/umv_control/install/mppi:/home/vdcl/Desktop/larr_project/umv_control/install/lower_controller:/home/vdcl/Desktop/larr_project/umv_control/install/host_vehicle_filter:/home/vdcl/Desktop/larr_project/umv_control/install/global_path:/home/vdcl/Desktop/larr_project/umv_control/install/umv_msgs:/home/vdcl/Desktop/larr_project/umv_control/install/motion_planner:/home/vdcl/Desktop/larr_project/AirSim/ros2/install/airsim_ros_pkgs:/home/vdcl/Desktop/larr_project/AirSim/ros2/install/airsim_interfaces:/opt/ros/humble', 'SHELL': '/bin/bash', 'LC_NAME': 'ko_KR.UTF-8', 'QT_ACCESSIBILITY': '1', 'GDMSESSION': 'ubuntu', 'LESSCLOSE': '/usr/bin/lesspipe %s %s', 'LC_MEASUREMENT': 'ko_KR.UTF-8', 'GPG_AGENT_INFO': '/run/user/1000/gnupg/S.gpg-agent:0:1', 'LC_IDENTIFICATION': 'ko_KR.UTF-8', 'QT_IM_MODULE': 'ibus', 'PWD': '/home/vdcl/Desktop/larr_project/umv_control/build/lower_controller', 'LC_ALL': 'en_US.UTF-8', 'XDG_CONFIG_DIRS': '/etc/xdg/xdg-ubuntu:/etc/xdg', 'XDG_DATA_DIRS': '/usr/share/ubuntu:/usr/share/gnome:/usr/local/share/:/usr/share/:/var/lib/snapd/desktop', 'PYTHONPATH': '/home/vdcl/Desktop/larr_project/umv_control/build/lower_controller/prefix_override:/home/vdcl/Desktop/larr_project/umv_control/install/lower_controller/lib/python3.10/site-packages:/home/vdcl/Desktop/larr_project/umv_control/install/utils/lib/python3.10/site-packages:/home/vdcl/Desktop/larr_project/umv_control/install/lower_controller/lib/python3.10/site-packages:/home/vdcl/Desktop/larr_project/umv_control/install/host_vehicle_filter/lib/python3.10/site-packages:/home/vdcl/Desktop/larr_project/umv_control/install/global_path/lib/python3.10/site-packages:/home/vdcl/Desktop/larr_project/umv_control/install/umv_msgs/local/lib/python3.10/dist-packages:/home/vdcl/Desktop/larr_project/umv_control/install/motion_planner/lib/python3.10/site-packages:/home/vdcl/Desktop/larr_project/AirSim/ros2/install/airsim_interfaces/local/lib/python3.10/dist-packages:/opt/ros/humble/lib/python3.10/site-packages:/opt/ros/humble/local/lib/python3.10/dist-packages', 'LC_NUMERIC': 'ko_KR.UTF-8', 'LC_PAPER': 'ko_KR.UTF-8', 'COLCON': '1', 'VTE_VERSION': '6800', 'CMAKE_PREFIX_PATH': '/home/vdcl/Desktop/larr_project/umv_control/install/umv_msgs:/home/vdcl/Desktop/larr_project/umv_control/install/mppi:/home/vdcl/Desktop/larr_project/AirSim/ros2/install/airsim_ros_pkgs:/home/vdcl/Desktop/larr_project/AirSim/ros2/install/airsim_interfaces'}, 'shell': False}
[3.787195] (-) TimerEvent: {}
[3.809489] (host_vehicle_filter) Command: {'cmd': ['/usr/bin/python3', '-W', 'ignore:setup.py install is deprecated', 'setup.py', 'egg_info', '--egg-base', '../../build/host_vehicle_filter', 'build', '--build-base', '/home/vdcl/Desktop/larr_project/umv_control/build/host_vehicle_filter/build', 'install', '--record', '/home/vdcl/Desktop/larr_project/umv_control/build/host_vehicle_filter/install.log', '--single-version-externally-managed', 'install_data'], 'cwd': '/home/vdcl/Desktop/larr_project/umv_control/src/host_vehicle_filter', 'env': {'LESSOPEN': '| /usr/bin/lesspipe %s', 'LANGUAGE': 'ko:en', 'USER': 'vdcl', 'LC_TIME': 'ko_KR.UTF-8', 'XDG_SESSION_TYPE': 'x11', 'SHLVL': '1', 'LD_LIBRARY_PATH': '/home/vdcl/Desktop/larr_project/umv_control/install/umv_msgs/lib:/usr/local/cuda-12.2/lib64:/home/vdcl/Desktop/larr_project/AirSim/ros2/install/airsim_ros_pkgs/lib:/home/vdcl/Desktop/larr_project/AirSim/ros2/install/airsim_interfaces/lib:/opt/ros/humble/opt/rviz_ogre_vendor/lib:/opt/ros/humble/lib/x86_64-linux-gnu:/opt/ros/humble/lib', 'HOME': '/home/vdcl', 'OLDPWD': '/home/vdcl/Desktop/larr_project', 'DESKTOP_SESSION': 'ubuntu', 'ROS_PYTHON_VERSION': '3', 'GNOME_SHELL_SESSION_MODE': 'ubuntu', 'GTK_MODULES': 'gail:atk-bridge', 'LC_MONETARY': 'ko_KR.UTF-8', 'SYSTEMD_EXEC_PID': '1333', 'DBUS_SESSION_BUS_ADDRESS': 'unix:path=/run/user/1000/bus', 'COLORTERM': 'truecolor', 'COLCON_PREFIX_PATH': '/home/vdcl/Desktop/larr_project/AirSim/ros2/install:/home/vdcl/Desktop/larr_project/umv_control/install', 'ROS_DISTRO': 'humble', 'GTK_IM_MODULE': 'ibus', 'LOGNAME': 'vdcl', '_': '/usr/bin/colcon', 'ROS_VERSION': '2', 'XDG_SESSION_CLASS': 'user', 'USERNAME': 'vdcl', 'TERM': 'xterm-256color', 'GNOME_DESKTOP_SESSION_ID': 'this-is-deprecated', 'ROS_LOCALHOST_ONLY': '0', 'WINDOWPATH': '2', 'PATH': '/usr/local/cuda-12.2/bin:/opt/ros/humble/bin:/home/vdcl/.local/bin:/usr/local/sbin:/usr/local/bin:/usr/sbin:/usr/bin:/sbin:/bin:/usr/games:/usr/local/games:/snap/bin:/snap/bin:/opt/ros/humble/include', 'SESSION_MANAGER': 'local/vdcl-desktop:@/tmp/.ICE-unix/1305,unix/vdcl-desktop:/tmp/.ICE-unix/1305', 'PAPERSIZE': 'a4', 'XDG_MENU_PREFIX': 'gnome-', 'LC_ADDRESS': 'ko_KR.UTF-8', 'GNOME_TERMINAL_SCREEN': '/org/gnome/Terminal/screen/6bf0bce3_6c9e_49be_b628_15af53e2e6e3', 'XDG_RUNTIME_DIR': '/run/user/1000', 'DISPLAY': ':0', 'LANG': 'ko_KR.UTF-8', 'XDG_CURRENT_DESKTOP': 'ubuntu:GNOME', 'LC_TELEPHONE': 'ko_KR.UTF-8', 'XMODIFIERS': '@im=ibus', 'XDG_SESSION_DESKTOP': 'ubuntu', 'XAUTHORITY': '/run/user/1000/gdm/Xauthority', 'LS_COLORS': 'rs=0:di=01;34:ln=01;36:mh=00:pi=40;33:so=01;35:do=01;35:bd=40;33;01:cd=40;33;01:or=40;31;01:mi=00:su=37;41:sg=30;43:ca=30;41:tw=30;42:ow=34;42:st=37;44:ex=01;32:*.tar=01;31:*.tgz=01;31:*.arc=01;31:*.arj=01;31:*.taz=01;31:*.lha=01;31:*.lz4=01;31:*.lzh=01;31:*.lzma=01;31:*.tlz=01;31:*.txz=01;31:*.tzo=01;31:*.t7z=01;31:*.zip=01;31:*.z=01;31:*.dz=01;31:*.gz=01;31:*.lrz=01;31:*.lz=01;31:*.lzo=01;31:*.xz=01;31:*.zst=01;31:*.tzst=01;31:*.bz2=01;31:*.bz=01;31:*.tbz=01;31:*.tbz2=01;31:*.tz=01;31:*.deb=01;31:*.rpm=01;31:*.jar=01;31:*.war=01;31:*.ear=01;31:*.sar=01;31:*.rar=01;31:*.alz=01;31:*.ace=01;31:*.zoo=01;31:*.cpio=01;31:*.7z=01;31:*.rz=01;31:*.cab=01;31:*.wim=01;31:*.swm=01;31:*.dwm=01;31:*.esd=01;31:*.jpg=01;35:*.jpeg=01;35:*.mjpg=01;35:*.mjpeg=01;35:*.gif=01;35:*.bmp=01;35:*.pbm=01;35:*.pgm=01;35:*.ppm=01;35:*.tga=01;35:*.xbm=01;35:*.xpm=01;35:*.tif=01;35:*.tiff=01;35:*.png=01;35:*.svg=01;35:*.svgz=01;35:*.mng=01;35:*.pcx=01;35:*.mov=01;35:*.mpg=01;35:*.mpeg=01;35:*.m2v=01;35:*.mkv=01;35:*.webm=01;35:*.webp=01;35:*.ogm=01;35:*.mp4=01;35:*.m4v=01;35:*.mp4v=01;35:*.vob=01;35:*.qt=01;35:*.nuv=01;35:*.wmv=01;35:*.asf=01;35:*.rm=01;35:*.rmvb=01;35:*.flc=01;35:*.avi=01;35:*.fli=01;35:*.flv=01;35:*.gl=01;35:*.dl=01;35:*.xcf=01;35:*.xwd=01;35:*.yuv=01;35:*.cgm=01;35:*.emf=01;35:*.ogv=01;35:*.ogx=01;35:*.aac=00;36:*.au=00;36:*.flac=00;36:*.m4a=00;36:*.mid=00;36:*.midi=00;36:*.mka=00;36:*.mp3=00;36:*.mpc=00;36:*.ogg=00;36:*.ra=00;36:*.wav=00;36:*.oga=00;36:*.opus=00;36:*.spx=00;36:*.xspf=00;36:', 'GNOME_TERMINAL_SERVICE': ':1.433', 'SSH_AGENT_LAUNCHER': 'gnome-keyring', 'SSH_AUTH_SOCK': '/run/user/1000/keyring/ssh', 'AMENT_PREFIX_PATH': '/home/vdcl/Desktop/larr_project/umv_control/install/utils:/home/vdcl/Desktop/larr_project/umv_control/install/mppi:/home/vdcl/Desktop/larr_project/umv_control/install/lower_controller:/home/vdcl/Desktop/larr_project/umv_control/install/host_vehicle_filter:/home/vdcl/Desktop/larr_project/umv_control/install/global_path:/home/vdcl/Desktop/larr_project/umv_control/install/umv_msgs:/home/vdcl/Desktop/larr_project/umv_control/install/motion_planner:/home/vdcl/Desktop/larr_project/AirSim/ros2/install/airsim_ros_pkgs:/home/vdcl/Desktop/larr_project/AirSim/ros2/install/airsim_interfaces:/opt/ros/humble', 'SHELL': '/bin/bash', 'LC_NAME': 'ko_KR.UTF-8', 'QT_ACCESSIBILITY': '1', 'GDMSESSION': 'ubuntu', 'LESSCLOSE': '/usr/bin/lesspipe %s %s', 'LC_MEASUREMENT': 'ko_KR.UTF-8', 'GPG_AGENT_INFO': '/run/user/1000/gnupg/S.gpg-agent:0:1', 'LC_IDENTIFICATION': 'ko_KR.UTF-8', 'QT_IM_MODULE': 'ibus', 'PWD': '/home/vdcl/Desktop/larr_project/umv_control/build/host_vehicle_filter', 'LC_ALL': 'en_US.UTF-8', 'XDG_CONFIG_DIRS': '/etc/xdg/xdg-ubuntu:/etc/xdg', 'XDG_DATA_DIRS': '/usr/share/ubuntu:/usr/share/gnome:/usr/local/share/:/usr/share/:/var/lib/snapd/desktop', 'PYTHONPATH': '/home/vdcl/Desktop/larr_project/umv_control/build/host_vehicle_filter/prefix_override:/home/vdcl/Desktop/larr_project/umv_control/install/host_vehicle_filter/lib/python3.10/site-packages:/home/vdcl/Desktop/larr_project/umv_control/install/utils/lib/python3.10/site-packages:/home/vdcl/Desktop/larr_project/umv_control/install/lower_controller/lib/python3.10/site-packages:/home/vdcl/Desktop/larr_project/umv_control/install/host_vehicle_filter/lib/python3.10/site-packages:/home/vdcl/Desktop/larr_project/umv_control/install/global_path/lib/python3.10/site-packages:/home/vdcl/Desktop/larr_project/umv_control/install/umv_msgs/local/lib/python3.10/dist-packages:/home/vdcl/Desktop/larr_project/umv_control/install/motion_planner/lib/python3.10/site-packages:/home/vdcl/Desktop/larr_project/AirSim/ros2/install/airsim_interfaces/local/lib/python3.10/dist-packages:/opt/ros/humble/lib/python3.10/site-packages:/opt/ros/humble/local/lib/python3.10/dist-packages', 'LC_NUMERIC': 'ko_KR.UTF-8', 'LC_PAPER': 'ko_KR.UTF-8', 'COLCON': '1', 'VTE_VERSION': '6800', 'CMAKE_PREFIX_PATH': '/home/vdcl/Desktop/larr_project/umv_control/install/umv_msgs:/home/vdcl/Desktop/larr_project/umv_control/install/mppi:/home/vdcl/Desktop/larr_project/AirSim/ros2/install/airsim_ros_pkgs:/home/vdcl/Desktop/larr_project/AirSim/ros2/install/airsim_interfaces'}, 'shell': False}
[3.834116] (global_path) Command: {'cmd': ['/usr/bin/python3', '-W', 'ignore:setup.py install is deprecated', 'setup.py', 'egg_info', '--egg-base', '../../build/global_path', 'build', '--build-base', '/home/vdcl/Desktop/larr_project/umv_control/build/global_path/build', 'install', '--record', '/home/vdcl/Desktop/larr_project/umv_control/build/global_path/install.log', '--single-version-externally-managed', 'install_data'], 'cwd': '/home/vdcl/Desktop/larr_project/umv_control/src/global_path', 'env': {'LESSOPEN': '| /usr/bin/lesspipe %s', 'LANGUAGE': 'ko:en', 'USER': 'vdcl', 'LC_TIME': 'ko_KR.UTF-8', 'XDG_SESSION_TYPE': 'x11', 'SHLVL': '1', 'LD_LIBRARY_PATH': '/home/vdcl/Desktop/larr_project/umv_control/install/umv_msgs/lib:/usr/local/cuda-12.2/lib64:/home/vdcl/Desktop/larr_project/AirSim/ros2/install/airsim_ros_pkgs/lib:/home/vdcl/Desktop/larr_project/AirSim/ros2/install/airsim_interfaces/lib:/opt/ros/humble/opt/rviz_ogre_vendor/lib:/opt/ros/humble/lib/x86_64-linux-gnu:/opt/ros/humble/lib', 'HOME': '/home/vdcl', 'OLDPWD': '/home/vdcl/Desktop/larr_project', 'DESKTOP_SESSION': 'ubuntu', 'ROS_PYTHON_VERSION': '3', 'GNOME_SHELL_SESSION_MODE': 'ubuntu', 'GTK_MODULES': 'gail:atk-bridge', 'LC_MONETARY': 'ko_KR.UTF-8', 'SYSTEMD_EXEC_PID': '1333', 'DBUS_SESSION_BUS_ADDRESS': 'unix:path=/run/user/1000/bus', 'COLORTERM': 'truecolor', 'COLCON_PREFIX_PATH': '/home/vdcl/Desktop/larr_project/AirSim/ros2/install:/home/vdcl/Desktop/larr_project/umv_control/install', 'ROS_DISTRO': 'humble', 'GTK_IM_MODULE': 'ibus', 'LOGNAME': 'vdcl', '_': '/usr/bin/colcon', 'ROS_VERSION': '2', 'XDG_SESSION_CLASS': 'user', 'USERNAME': 'vdcl', 'TERM': 'xterm-256color', 'GNOME_DESKTOP_SESSION_ID': 'this-is-deprecated', 'ROS_LOCALHOST_ONLY': '0', 'WINDOWPATH': '2', 'PATH': '/usr/local/cuda-12.2/bin:/opt/ros/humble/bin:/home/vdcl/.local/bin:/usr/local/sbin:/usr/local/bin:/usr/sbin:/usr/bin:/sbin:/bin:/usr/games:/usr/local/games:/snap/bin:/snap/bin:/opt/ros/humble/include', 'SESSION_MANAGER': 'local/vdcl-desktop:@/tmp/.ICE-unix/1305,unix/vdcl-desktop:/tmp/.ICE-unix/1305', 'PAPERSIZE': 'a4', 'XDG_MENU_PREFIX': 'gnome-', 'LC_ADDRESS': 'ko_KR.UTF-8', 'GNOME_TERMINAL_SCREEN': '/org/gnome/Terminal/screen/6bf0bce3_6c9e_49be_b628_15af53e2e6e3', 'XDG_RUNTIME_DIR': '/run/user/1000', 'DISPLAY': ':0', 'LANG': 'ko_KR.UTF-8', 'XDG_CURRENT_DESKTOP': 'ubuntu:GNOME', 'LC_TELEPHONE': 'ko_KR.UTF-8', 'XMODIFIERS': '@im=ibus', 'XDG_SESSION_DESKTOP': 'ubuntu', 'XAUTHORITY': '/run/user/1000/gdm/Xauthority', 'LS_COLORS': 'rs=0:di=01;34:ln=01;36:mh=00:pi=40;33:so=01;35:do=01;35:bd=40;33;01:cd=40;33;01:or=40;31;01:mi=00:su=37;41:sg=30;43:ca=30;41:tw=30;42:ow=34;42:st=37;44:ex=01;32:*.tar=01;31:*.tgz=01;31:*.arc=01;31:*.arj=01;31:*.taz=01;31:*.lha=01;31:*.lz4=01;31:*.lzh=01;31:*.lzma=01;31:*.tlz=01;31:*.txz=01;31:*.tzo=01;31:*.t7z=01;31:*.zip=01;31:*.z=01;31:*.dz=01;31:*.gz=01;31:*.lrz=01;31:*.lz=01;31:*.lzo=01;31:*.xz=01;31:*.zst=01;31:*.tzst=01;31:*.bz2=01;31:*.bz=01;31:*.tbz=01;31:*.tbz2=01;31:*.tz=01;31:*.deb=01;31:*.rpm=01;31:*.jar=01;31:*.war=01;31:*.ear=01;31:*.sar=01;31:*.rar=01;31:*.alz=01;31:*.ace=01;31:*.zoo=01;31:*.cpio=01;31:*.7z=01;31:*.rz=01;31:*.cab=01;31:*.wim=01;31:*.swm=01;31:*.dwm=01;31:*.esd=01;31:*.jpg=01;35:*.jpeg=01;35:*.mjpg=01;35:*.mjpeg=01;35:*.gif=01;35:*.bmp=01;35:*.pbm=01;35:*.pgm=01;35:*.ppm=01;35:*.tga=01;35:*.xbm=01;35:*.xpm=01;35:*.tif=01;35:*.tiff=01;35:*.png=01;35:*.svg=01;35:*.svgz=01;35:*.mng=01;35:*.pcx=01;35:*.mov=01;35:*.mpg=01;35:*.mpeg=01;35:*.m2v=01;35:*.mkv=01;35:*.webm=01;35:*.webp=01;35:*.ogm=01;35:*.mp4=01;35:*.m4v=01;35:*.mp4v=01;35:*.vob=01;35:*.qt=01;35:*.nuv=01;35:*.wmv=01;35:*.asf=01;35:*.rm=01;35:*.rmvb=01;35:*.flc=01;35:*.avi=01;35:*.fli=01;35:*.flv=01;35:*.gl=01;35:*.dl=01;35:*.xcf=01;35:*.xwd=01;35:*.yuv=01;35:*.cgm=01;35:*.emf=01;35:*.ogv=01;35:*.ogx=01;35:*.aac=00;36:*.au=00;36:*.flac=00;36:*.m4a=00;36:*.mid=00;36:*.midi=00;36:*.mka=00;36:*.mp3=00;36:*.mpc=00;36:*.ogg=00;36:*.ra=00;36:*.wav=00;36:*.oga=00;36:*.opus=00;36:*.spx=00;36:*.xspf=00;36:', 'GNOME_TERMINAL_SERVICE': ':1.433', 'SSH_AGENT_LAUNCHER': 'gnome-keyring', 'SSH_AUTH_SOCK': '/run/user/1000/keyring/ssh', 'AMENT_PREFIX_PATH': '/home/vdcl/Desktop/larr_project/umv_control/install/utils:/home/vdcl/Desktop/larr_project/umv_control/install/mppi:/home/vdcl/Desktop/larr_project/umv_control/install/lower_controller:/home/vdcl/Desktop/larr_project/umv_control/install/host_vehicle_filter:/home/vdcl/Desktop/larr_project/umv_control/install/global_path:/home/vdcl/Desktop/larr_project/umv_control/install/umv_msgs:/home/vdcl/Desktop/larr_project/umv_control/install/motion_planner:/home/vdcl/Desktop/larr_project/AirSim/ros2/install/airsim_ros_pkgs:/home/vdcl/Desktop/larr_project/AirSim/ros2/install/airsim_interfaces:/opt/ros/humble', 'SHELL': '/bin/bash', 'LC_NAME': 'ko_KR.UTF-8', 'QT_ACCESSIBILITY': '1', 'GDMSESSION': 'ubuntu', 'LESSCLOSE': '/usr/bin/lesspipe %s %s', 'LC_MEASUREMENT': 'ko_KR.UTF-8', 'GPG_AGENT_INFO': '/run/user/1000/gnupg/S.gpg-agent:0:1', 'LC_IDENTIFICATION': 'ko_KR.UTF-8', 'QT_IM_MODULE': 'ibus', 'PWD': '/home/vdcl/Desktop/larr_project/umv_control/build/global_path', 'LC_ALL': 'en_US.UTF-8', 'XDG_CONFIG_DIRS': '/etc/xdg/xdg-ubuntu:/etc/xdg', 'XDG_DATA_DIRS': '/usr/share/ubuntu:/usr/share/gnome:/usr/local/share/:/usr/share/:/var/lib/snapd/desktop', 'PYTHONPATH': '/home/vdcl/Desktop/larr_project/umv_control/build/global_path/prefix_override:/home/vdcl/Desktop/larr_project/umv_control/install/global_path/lib/python3.10/site-packages:/home/vdcl/Desktop/larr_project/umv_control/install/utils/lib/python3.10/site-packages:/home/vdcl/Desktop/larr_project/umv_control/install/lower_controller/lib/python3.10/site-packages:/home/vdcl/Desktop/larr_project/umv_control/install/host_vehicle_filter/lib/python3.10/site-packages:/home/vdcl/Desktop/larr_project/umv_control/install/global_path/lib/python3.10/site-packages:/home/vdcl/Desktop/larr_project/umv_control/install/umv_msgs/local/lib/python3.10/dist-packages:/home/vdcl/Desktop/larr_project/umv_control/install/motion_planner/lib/python3.10/site-packages:/home/vdcl/Desktop/larr_project/AirSim/ros2/install/airsim_interfaces/local/lib/python3.10/dist-packages:/opt/ros/humble/lib/python3.10/site-packages:/opt/ros/humble/local/lib/python3.10/dist-packages', 'LC_NUMERIC': 'ko_KR.UTF-8', 'LC_PAPER': 'ko_KR.UTF-8', 'COLCON': '1', 'VTE_VERSION': '6800', 'CMAKE_PREFIX_PATH': '/home/vdcl/Desktop/larr_project/umv_control/install/umv_msgs:/home/vdcl/Desktop/larr_project/umv_control/install/mppi:/home/vdcl/Desktop/larr_project/AirSim/ros2/install/airsim_ros_pkgs:/home/vdcl/Desktop/larr_project/AirSim/ros2/install/airsim_interfaces'}, 'shell': False}
[3.887462] (-) TimerEvent: {}
[3.987926] (-) TimerEvent: {}
[4.091164] (-) TimerEvent: {}
[4.192274] (-) TimerEvent: {}
[4.209553] (lower_controller) StdoutLine: {'line': b'running egg_info\n'}
[4.210364] (lower_controller) StdoutLine: {'line': b'writing ../../build/lower_controller/lower_controller.egg-info/PKG-INFO\n'}
[4.210842] (lower_controller) StdoutLine: {'line': b'writing dependency_links to ../../build/lower_controller/lower_controller.egg-info/dependency_links.txt\n'}
[4.211278] (lower_controller) StdoutLine: {'line': b'writing entry points to ../../build/lower_controller/lower_controller.egg-info/entry_points.txt\n'}
[4.211481] (lower_controller) StdoutLine: {'line': b'writing requirements to ../../build/lower_controller/lower_controller.egg-info/requires.txt\n'}
[4.211903] (lower_controller) StdoutLine: {'line': b'writing top-level names to ../../build/lower_controller/lower_controller.egg-info/top_level.txt\n'}
[4.213798] (lower_controller) StdoutLine: {'line': b"reading manifest file '../../build/lower_controller/lower_controller.egg-info/SOURCES.txt'\n"}
[4.214880] (lower_controller) StdoutLine: {'line': b"adding license file 'LICENSE'\n"}
[4.216618] (lower_controller) StdoutLine: {'line': b"writing manifest file '../../build/lower_controller/lower_controller.egg-info/SOURCES.txt'\n"}
[4.216833] (lower_controller) StdoutLine: {'line': b'running build\n'}
[4.216966] (lower_controller) StdoutLine: {'line': b'running build_py\n'}
[4.217965] (lower_controller) StdoutLine: {'line': b'running install\n'}
[4.219326] (lower_controller) StdoutLine: {'line': b'running install_lib\n'}
[4.221789] (lower_controller) StdoutLine: {'line': b'running install_data\n'}
[4.222019] (lower_controller) StdoutLine: {'line': b'running install_egg_info\n'}
[4.228795] (lower_controller) StdoutLine: {'line': b"removing '/home/vdcl/Desktop/larr_project/umv_control/install/lower_controller/lib/python3.10/site-packages/lower_controller-0.0.0-py3.10.egg-info' (and everything under it)\n"}
[4.229765] (lower_controller) StdoutLine: {'line': b'Copying ../../build/lower_controller/lower_controller.egg-info to /home/vdcl/Desktop/larr_project/umv_control/install/lower_controller/lib/python3.10/site-packages/lower_controller-0.0.0-py3.10.egg-info\n'}
[4.234314] (lower_controller) StdoutLine: {'line': b'running install_scripts\n'}
[4.264828] (lower_controller) StdoutLine: {'line': b'Installing lower_controller_node script to /home/vdcl/Desktop/larr_project/umv_control/install/lower_controller/lib/lower_controller\n'}
[4.265305] (lower_controller) StdoutLine: {'line': b"writing list of installed files to '/home/vdcl/Desktop/larr_project/umv_control/build/lower_controller/install.log'\n"}
[4.292370] (-) TimerEvent: {}
[4.331789] (lower_controller) CommandEnded: {'returncode': 0}
[4.345551] (lower_controller) JobEnded: {'identifier': 'lower_controller', 'rc': 0}
[4.353955] (global_path) StdoutLine: {'line': b'running egg_info\n'}
[4.354223] (global_path) StdoutLine: {'line': b'writing ../../build/global_path/global_path.egg-info/PKG-INFO\n'}
[4.354354] (global_path) StdoutLine: {'line': b'writing dependency_links to ../../build/global_path/global_path.egg-info/dependency_links.txt\n'}
[4.354545] (global_path) StdoutLine: {'line': b'writing entry points to ../../build/global_path/global_path.egg-info/entry_points.txt\n'}
[4.354665] (global_path) StdoutLine: {'line': b'writing requirements to ../../build/global_path/global_path.egg-info/requires.txt\n'}
[4.354774] (global_path) StdoutLine: {'line': b'writing top-level names to ../../build/global_path/global_path.egg-info/top_level.txt\n'}
[4.354880] (host_vehicle_filter) StdoutLine: {'line': b'running egg_info\n'}
[4.355020] (global_path) StdoutLine: {'line': b"reading manifest file '../../build/global_path/global_path.egg-info/SOURCES.txt'\n"}
[4.355124] (host_vehicle_filter) StdoutLine: {'line': b'writing ../../build/host_vehicle_filter/host_vehicle_filter.egg-info/PKG-INFO\n'}
[4.355230] (host_vehicle_filter) StdoutLine: {'line': b'writing dependency_links to ../../build/host_vehicle_filter/host_vehicle_filter.egg-info/dependency_links.txt\n'}
[4.357753] (host_vehicle_filter) StdoutLine: {'line': b'writing entry points to ../../build/host_vehicle_filter/host_vehicle_filter.egg-info/entry_points.txt\n'}
[4.358125] (host_vehicle_filter) StdoutLine: {'line': b'writing requirements to ../../build/host_vehicle_filter/host_vehicle_filter.egg-info/requires.txt\n'}
[4.358245] (host_vehicle_filter) StdoutLine: {'line': b'writing top-level names to ../../build/host_vehicle_filter/host_vehicle_filter.egg-info/top_level.txt\n'}
[4.358344] (global_path) StdoutLine: {'line': b"adding license file 'LICENSE'\n"}
[4.358455] (global_path) StdoutLine: {'line': b"writing manifest file '../../build/global_path/global_path.egg-info/SOURCES.txt'\n"}
[4.358565] (global_path) StdoutLine: {'line': b'running build\n'}
[4.358716] (global_path) StdoutLine: {'line': b'running build_py\n'}
[4.358837] (global_path) StdoutLine: {'line': b'running install\n'}
[4.359115] (global_path) StdoutLine: {'line': b'running install_lib\n'}
[4.360500] (global_path) StdoutLine: {'line': b'running install_data\n'}
[4.360690] (global_path) StdoutLine: {'line': b'running install_egg_info\n'}
[4.360993] (host_vehicle_filter) StdoutLine: {'line': b"reading manifest file '../../build/host_vehicle_filter/host_vehicle_filter.egg-info/SOURCES.txt'\n"}
[4.362683] (global_path) StdoutLine: {'line': b"removing '/home/vdcl/Desktop/larr_project/umv_control/install/global_path/lib/python3.10/site-packages/global_path-0.0.0-py3.10.egg-info' (and everything under it)\n"}
[4.364375] (host_vehicle_filter) StdoutLine: {'line': b"adding license file 'LICENSE'\n"}
[4.365531] (global_path) StdoutLine: {'line': b'Copying ../../build/global_path/global_path.egg-info to /home/vdcl/Desktop/larr_project/umv_control/install/global_path/lib/python3.10/site-packages/global_path-0.0.0-py3.10.egg-info\n'}
[4.365753] (global_path) StdoutLine: {'line': b'running install_scripts\n'}
[4.365864] (host_vehicle_filter) StdoutLine: {'line': b"writing manifest file '../../build/host_vehicle_filter/host_vehicle_filter.egg-info/SOURCES.txt'\n"}
[4.365977] (host_vehicle_filter) StdoutLine: {'line': b'running build\n'}
[4.366068] (host_vehicle_filter) StdoutLine: {'line': b'running build_py\n'}
[4.366167] (host_vehicle_filter) StdoutLine: {'line': b'running install\n'}
[4.366444] (host_vehicle_filter) StdoutLine: {'line': b'running install_lib\n'}
[4.371029] (host_vehicle_filter) StdoutLine: {'line': b'running install_data\n'}
[4.371143] (host_vehicle_filter) StdoutLine: {'line': b'running install_egg_info\n'}
[4.371243] (host_vehicle_filter) StdoutLine: {'line': b"removing '/home/vdcl/Desktop/larr_project/umv_control/install/host_vehicle_filter/lib/python3.10/site-packages/host_vehicle_filter-0.0.0-py3.10.egg-info' (and everything under it)\n"}
[4.372806] (host_vehicle_filter) StdoutLine: {'line': b'Copying ../../build/host_vehicle_filter/host_vehicle_filter.egg-info to /home/vdcl/Desktop/larr_project/umv_control/install/host_vehicle_filter/lib/python3.10/site-packages/host_vehicle_filter-0.0.0-py3.10.egg-info\n'}
[4.372912] (host_vehicle_filter) StdoutLine: {'line': b'running install_scripts\n'}
[4.392473] (-) TimerEvent: {}
[4.397753] (global_path) StdoutLine: {'line': b'Installing global_path script to /home/vdcl/Desktop/larr_project/umv_control/install/global_path/lib/global_path\n'}
[4.398189] (global_path) StdoutLine: {'line': b"writing list of installed files to '/home/vdcl/Desktop/larr_project/umv_control/build/global_path/install.log'\n"}
[4.402574] (host_vehicle_filter) StdoutLine: {'line': b'Installing host_vehicle_filter_node script to /home/vdcl/Desktop/larr_project/umv_control/install/host_vehicle_filter/lib/host_vehicle_filter\n'}
[4.404076] (host_vehicle_filter) StdoutLine: {'line': b"writing list of installed files to '/home/vdcl/Desktop/larr_project/umv_control/build/host_vehicle_filter/install.log'\n"}
[4.436971] (global_path) CommandEnded: {'returncode': 0}
[4.447622] (global_path) JobEnded: {'identifier': 'global_path', 'rc': 0}
[4.476386] (host_vehicle_filter) CommandEnded: {'returncode': 0}
[4.484623] (host_vehicle_filter) JobEnded: {'identifier': 'host_vehicle_filter', 'rc': 0}
[4.492570] (-) TimerEvent: {}
[4.593262] (-) TimerEvent: {}
[4.693649] (-) TimerEvent: {}
[4.793987] (-) TimerEvent: {}
[4.894434] (-) TimerEvent: {}
[4.995003] (-) TimerEvent: {}
[5.095462] (-) TimerEvent: {}
[5.195845] (-) TimerEvent: {}
[5.296210] (-) TimerEvent: {}
[5.396573] (-) TimerEvent: {}
[5.496917] (-) TimerEvent: {}
[5.597262] (-) TimerEvent: {}
[5.697688] (-) TimerEvent: {}
[5.800537] (-) TimerEvent: {}
[5.900933] (-) TimerEvent: {}
[6.001276] (-) TimerEvent: {}
[6.101640] (-) TimerEvent: {}
[6.202007] (-) TimerEvent: {}
[6.302881] (-) TimerEvent: {}
[6.403222] (-) TimerEvent: {}
[6.503570] (-) TimerEvent: {}
[6.603906] (-) TimerEvent: {}
[6.688678] (mppi) StderrLine: {'line': b'\x1b[01m\x1b[K/home/vdcl/Desktop/larr_project/umv_control/src/mppi/src/mppi.cpp:\x1b[m\x1b[K In member function \xe2\x80\x98\x1b[01m\x1b[Kvoid MppiClass::timer_cb()\x1b[m\x1b[K\xe2\x80\x99:\n'}
[6.690529] (mppi) StderrLine: {'line': b'\x1b[01m\x1b[K/home/vdcl/Desktop/larr_project/umv_control/src/mppi/src/mppi.cpp:293:15:\x1b[m\x1b[K \x1b[01;35m\x1b[Kwarning: \x1b[m\x1b[Kunused variable \xe2\x80\x98\x1b[01m\x1b[Key_\x1b[m\x1b[K\xe2\x80\x99 [\x1b[01;35m\x1b[K\x1b]8;;https://gcc.gnu.org/onlinedocs/gcc/Warning-Options.html#index-Wunused-variable\x07-Wunused-variable\x1b]8;;\x07\x1b[m\x1b[K]\n'}
[6.690717] (mppi) StderrLine: {'line': b'  293 |         float \x1b[01;35m\x1b[Key_\x1b[m\x1b[K = ey;\n'}
[6.690862] (mppi) StderrLine: {'line': b'      |               \x1b[01;35m\x1b[K^~~\x1b[m\x1b[K\n'}
[6.690999] (mppi) StderrLine: {'line': b'\x1b[01m\x1b[K/home/vdcl/Desktop/larr_project/umv_control/src/mppi/src/mppi.cpp:294:15:\x1b[m\x1b[K \x1b[01;35m\x1b[Kwarning: \x1b[m\x1b[Kunused variable \xe2\x80\x98\x1b[01m\x1b[Kego_yaw_\x1b[m\x1b[K\xe2\x80\x99 [\x1b[01;35m\x1b[K\x1b]8;;https://gcc.gnu.org/onlinedocs/gcc/Warning-Options.html#index-Wunused-variable\x07-Wunused-variable\x1b]8;;\x07\x1b[m\x1b[K]\n'}
[6.691143] (mppi) StderrLine: {'line': b'  294 |         float \x1b[01;35m\x1b[Kego_yaw_\x1b[m\x1b[K = ego_yaw;\n'}
[6.691280] (mppi) StderrLine: {'line': b'      |               \x1b[01;35m\x1b[K^~~~~~~~\x1b[m\x1b[K\n'}
[6.693424] (mppi) StderrLine: {'line': b'\x1b[01m\x1b[K/home/vdcl/Desktop/larr_project/umv_control/src/mppi/src/mppi.cpp:\x1b[m\x1b[K In member function \xe2\x80\x98\x1b[01m\x1b[Kvoid MppiClass::virtual_target_cb(umv_msgs::msg::Obstacles_<std::allocator<void> >::SharedPtr)\x1b[m\x1b[K\xe2\x80\x99:\n'}
[6.693602] (mppi) StderrLine: {'line': b'\x1b[01m\x1b[K/home/vdcl/Desktop/larr_project/umv_control/src/mppi/src/mppi.cpp:425:23:\x1b[m\x1b[K \x1b[01;35m\x1b[Kwarning: \x1b[m\x1b[Kunused variable \xe2\x80\x98\x1b[01m\x1b[Kax\x1b[m\x1b[K\xe2\x80\x99 [\x1b[01;35m\x1b[K\x1b]8;;https://gcc.gnu.org/onlinedocs/gcc/Warning-Options.html#index-Wunused-variable\x07-Wunused-variable\x1b]8;;\x07\x1b[m\x1b[K]\n'}
[6.693762] (mppi) StderrLine: {'line': b'  425 |                 float \x1b[01;35m\x1b[Kax\x1b[m\x1b[K = a_values[kk];\n'}
[6.693901] (mppi) StderrLine: {'line': b'      |                       \x1b[01;35m\x1b[K^~\x1b[m\x1b[K\n'}
[6.694038] (mppi) StderrLine: {'line': b'\x1b[01m\x1b[K/home/vdcl/Desktop/larr_project/umv_control/src/mppi/src/mppi.cpp:407:13:\x1b[m\x1b[K \x1b[01;35m\x1b[Kwarning: \x1b[m\x1b[Kunused variable \xe2\x80\x98\x1b[01m\x1b[Kcheck\x1b[m\x1b[K\xe2\x80\x99 [\x1b[01;35m\x1b[K\x1b]8;;https://gcc.gnu.org/onlinedocs/gcc/Warning-Options.html#index-Wunused-variable\x07-Wunused-variable\x1b]8;;\x07\x1b[m\x1b[K]\n'}
[6.694183] (mppi) StderrLine: {'line': b'  407 |         int \x1b[01;35m\x1b[Kcheck\x1b[m\x1b[K = 0;\n'}
[6.694319] (mppi) StderrLine: {'line': b'      |             \x1b[01;35m\x1b[K^~~~~\x1b[m\x1b[K\n'}
[6.703998] (-) TimerEvent: {}
[6.804322] (-) TimerEvent: {}
[6.904659] (-) TimerEvent: {}
[7.004984] (-) TimerEvent: {}
[7.105316] (-) TimerEvent: {}
[7.205671] (-) TimerEvent: {}
[7.306029] (-) TimerEvent: {}
[7.406538] (-) TimerEvent: {}
[7.506972] (-) TimerEvent: {}
[7.607205] (-) TimerEvent: {}
[7.707460] (-) TimerEvent: {}
[7.807698] (-) TimerEvent: {}
[7.907942] (-) TimerEvent: {}
[8.008222] (-) TimerEvent: {}
[8.108754] (-) TimerEvent: {}
[8.209986] (-) TimerEvent: {}
[8.311303] (-) TimerEvent: {}
[8.411928] (-) TimerEvent: {}
[8.512341] (-) TimerEvent: {}
[8.612937] (-) TimerEvent: {}
[8.713529] (-) TimerEvent: {}
[8.814036] (-) TimerEvent: {}
[8.914752] (-) TimerEvent: {}
[9.015208] (-) TimerEvent: {}
[9.115780] (-) TimerEvent: {}
[9.216328] (-) TimerEvent: {}
[9.316654] (-) TimerEvent: {}
[9.416885] (-) TimerEvent: {}
[9.517104] (-) TimerEvent: {}
[9.617340] (-) TimerEvent: {}
[9.717601] (-) TimerEvent: {}
[9.818001] (-) TimerEvent: {}
[9.919735] (-) TimerEvent: {}
[10.020086] (-) TimerEvent: {}
[10.120419] (-) TimerEvent: {}
[10.220708] (-) TimerEvent: {}
[10.321412] (-) TimerEvent: {}
[10.422115] (-) TimerEvent: {}
[10.525202] (-) TimerEvent: {}
[10.626182] (-) TimerEvent: {}
[10.726696] (-) TimerEvent: {}
[10.827773] (-) TimerEvent: {}
[10.930340] (-) TimerEvent: {}
[11.031067] (-) TimerEvent: {}
[11.131566] (-) TimerEvent: {}
[11.231991] (-) TimerEvent: {}
[11.335705] (-) TimerEvent: {}
[11.436191] (-) TimerEvent: {}
[11.537469] (-) TimerEvent: {}
[11.637842] (-) TimerEvent: {}
[11.741193] (-) TimerEvent: {}
[11.845470] (-) TimerEvent: {}
[11.946836] (-) TimerEvent: {}
[12.047817] (-) TimerEvent: {}
[12.148949] (-) TimerEvent: {}
[12.250459] (-) TimerEvent: {}
[12.350941] (-) TimerEvent: {}
[12.451493] (-) TimerEvent: {}
[12.553139] (-) TimerEvent: {}
[12.653434] (-) TimerEvent: {}
[12.757471] (-) TimerEvent: {}
[12.858263] (-) TimerEvent: {}
[12.961124] (-) TimerEvent: {}
[13.063305] (-) TimerEvent: {}
[13.164202] (-) TimerEvent: {}
[13.265508] (-) TimerEvent: {}
[13.365887] (-) TimerEvent: {}
[13.467716] (-) TimerEvent: {}
[13.568136] (-) TimerEvent: {}
[13.670060] (-) TimerEvent: {}
[13.770461] (-) TimerEvent: {}
[13.873454] (-) TimerEvent: {}
[13.973887] (-) TimerEvent: {}
[14.074351] (-) TimerEvent: {}
[14.174934] (-) TimerEvent: {}
[14.275592] (-) TimerEvent: {}
[14.376161] (-) TimerEvent: {}
[14.478507] (-) TimerEvent: {}
[14.581479] (-) TimerEvent: {}
[14.681904] (-) TimerEvent: {}
[14.782491] (-) TimerEvent: {}
[14.882854] (-) TimerEvent: {}
[14.983198] (-) TimerEvent: {}
[15.087004] (-) TimerEvent: {}
[15.187439] (-) TimerEvent: {}
[15.288941] (-) TimerEvent: {}
[15.389321] (-) TimerEvent: {}
[15.491469] (-) TimerEvent: {}
[15.591954] (-) TimerEvent: {}
[15.692359] (-) TimerEvent: {}
[15.796253] (-) TimerEvent: {}
[15.897815] (-) TimerEvent: {}
[15.998111] (-) TimerEvent: {}
[16.098385] (-) TimerEvent: {}
[16.198663] (-) TimerEvent: {}
[16.300469] (-) TimerEvent: {}
[16.401393] (-) TimerEvent: {}
[16.502155] (-) TimerEvent: {}
[16.603029] (-) TimerEvent: {}
[16.703652] (-) TimerEvent: {}
[16.806523] (-) TimerEvent: {}
[16.906870] (-) TimerEvent: {}
[17.007177] (-) TimerEvent: {}
[17.107486] (-) TimerEvent: {}
[17.207976] (-) TimerEvent: {}
[17.308292] (-) TimerEvent: {}
[17.408667] (-) TimerEvent: {}
[17.509053] (-) TimerEvent: {}
[17.610062] (-) TimerEvent: {}
[17.711218] (-) TimerEvent: {}
[17.811934] (-) TimerEvent: {}
[17.913956] (-) TimerEvent: {}
[18.014849] (-) TimerEvent: {}
[18.116444] (-) TimerEvent: {}
[18.216791] (-) TimerEvent: {}
[18.318360] (-) TimerEvent: {}
[18.419537] (-) TimerEvent: {}
[18.520506] (-) TimerEvent: {}
[18.620846] (-) TimerEvent: {}
[18.721182] (-) TimerEvent: {}
[18.821438] (-) TimerEvent: {}
[18.921797] (-) TimerEvent: {}
[19.025714] (-) TimerEvent: {}
[19.126000] (-) TimerEvent: {}
[19.226278] (-) TimerEvent: {}
[19.326803] (-) TimerEvent: {}
[19.427307] (-) TimerEvent: {}
[19.529309] (-) TimerEvent: {}
[19.629983] (-) TimerEvent: {}
[19.730438] (-) TimerEvent: {}
[19.831159] (-) TimerEvent: {}
[19.931621] (-) TimerEvent: {}
[20.032162] (-) TimerEvent: {}
[20.132695] (-) TimerEvent: {}
[20.233637] (-) TimerEvent: {}
[20.338067] (-) TimerEvent: {}
[20.438435] (-) TimerEvent: {}
[20.539186] (-) TimerEvent: {}
[20.639588] (-) TimerEvent: {}
[20.741475] (-) TimerEvent: {}
[20.842486] (-) TimerEvent: {}
[20.942859] (-) TimerEvent: {}
[21.043232] (-) TimerEvent: {}
[21.143607] (-) TimerEvent: {}
[21.243982] (-) TimerEvent: {}
[21.344492] (-) TimerEvent: {}
[21.445018] (-) TimerEvent: {}
[21.545579] (-) TimerEvent: {}
[21.646039] (-) TimerEvent: {}
[21.746395] (-) TimerEvent: {}
[21.849474] (-) TimerEvent: {}
[21.950486] (-) TimerEvent: {}
[22.050844] (-) TimerEvent: {}
[22.151158] (-) TimerEvent: {}
[22.251451] (-) TimerEvent: {}
[22.351720] (-) TimerEvent: {}
[22.451986] (-) TimerEvent: {}
[22.552354] (-) TimerEvent: {}
[22.652576] (-) TimerEvent: {}
[22.781898] (-) TimerEvent: {}
[22.882123] (-) TimerEvent: {}
[22.982363] (-) TimerEvent: {}
[23.082612] (-) TimerEvent: {}
[23.182965] (-) TimerEvent: {}
[23.283281] (-) TimerEvent: {}
[23.383671] (-) TimerEvent: {}
[23.484017] (-) TimerEvent: {}
[23.585261] (-) TimerEvent: {}
[23.685559] (-) TimerEvent: {}
[23.785862] (-) TimerEvent: {}
[23.886219] (-) TimerEvent: {}
[23.986567] (-) TimerEvent: {}
[24.086928] (-) TimerEvent: {}
[24.187286] (-) TimerEvent: {}
[24.225194] (mppi) StdoutLine: {'line': b'[ 66%] \x1b[32m\x1b[1mLinking CXX executable mppi_manager\x1b[0m\n'}
[24.287384] (-) TimerEvent: {}
[24.387751] (-) TimerEvent: {}
[24.488160] (-) TimerEvent: {}
[24.588555] (-) TimerEvent: {}
[24.689522] (-) TimerEvent: {}
[24.789812] (-) TimerEvent: {}
[24.890038] (-) TimerEvent: {}
[24.990265] (-) TimerEvent: {}
[25.090464] (-) TimerEvent: {}
[25.181132] (mppi) StdoutLine: {'line': b'[100%] Built target mppi_manager\n'}
[25.190814] (-) TimerEvent: {}
[25.196263] (mppi) CommandEnded: {'returncode': 0}
[25.233057] (mppi) JobProgress: {'identifier': 'mppi', 'progress': 'install'}
[25.233912] (mppi) Command: {'cmd': ['/usr/bin/cmake', '--install', '/home/vdcl/Desktop/larr_project/umv_control/build/mppi'], 'cwd': '/home/vdcl/Desktop/larr_project/umv_control/build/mppi', 'env': OrderedDict([('LESSOPEN', '| /usr/bin/lesspipe %s'), ('LANGUAGE', 'ko:en'), ('USER', 'vdcl'), ('LC_TIME', 'ko_KR.UTF-8'), ('XDG_SESSION_TYPE', 'x11'), ('SHLVL', '1'), ('LD_LIBRARY_PATH', '/home/vdcl/Desktop/larr_project/umv_control/install/umv_msgs/lib:/usr/local/cuda-12.2/lib64:/home/vdcl/Desktop/larr_project/AirSim/ros2/install/airsim_ros_pkgs/lib:/home/vdcl/Desktop/larr_project/AirSim/ros2/install/airsim_interfaces/lib:/opt/ros/humble/opt/rviz_ogre_vendor/lib:/opt/ros/humble/lib/x86_64-linux-gnu:/opt/ros/humble/lib'), ('HOME', '/home/vdcl'), ('OLDPWD', '/home/vdcl/Desktop/larr_project'), ('DESKTOP_SESSION', 'ubuntu'), ('ROS_PYTHON_VERSION', '3'), ('GNOME_SHELL_SESSION_MODE', 'ubuntu'), ('GTK_MODULES', 'gail:atk-bridge'), ('LC_MONETARY', 'ko_KR.UTF-8'), ('SYSTEMD_EXEC_PID', '1333'), ('DBUS_SESSION_BUS_ADDRESS', 'unix:path=/run/user/1000/bus'), ('COLORTERM', 'truecolor'), ('COLCON_PREFIX_PATH', '/home/vdcl/Desktop/larr_project/AirSim/ros2/install:/home/vdcl/Desktop/larr_project/umv_control/install'), ('ROS_DISTRO', 'humble'), ('GTK_IM_MODULE', 'ibus'), ('LOGNAME', 'vdcl'), ('_', '/usr/bin/colcon'), ('ROS_VERSION', '2'), ('XDG_SESSION_CLASS', 'user'), ('USERNAME', 'vdcl'), ('TERM', 'xterm-256color'), ('GNOME_DESKTOP_SESSION_ID', 'this-is-deprecated'), ('ROS_LOCALHOST_ONLY', '0'), ('WINDOWPATH', '2'), ('PATH', '/usr/local/cuda-12.2/bin:/opt/ros/humble/bin:/home/vdcl/.local/bin:/usr/local/sbin:/usr/local/bin:/usr/sbin:/usr/bin:/sbin:/bin:/usr/games:/usr/local/games:/snap/bin:/snap/bin:/opt/ros/humble/include'), ('SESSION_MANAGER', 'local/vdcl-desktop:@/tmp/.ICE-unix/1305,unix/vdcl-desktop:/tmp/.ICE-unix/1305'), ('PAPERSIZE', 'a4'), ('XDG_MENU_PREFIX', 'gnome-'), ('LC_ADDRESS', 'ko_KR.UTF-8'), ('GNOME_TERMINAL_SCREEN', '/org/gnome/Terminal/screen/6bf0bce3_6c9e_49be_b628_15af53e2e6e3'), ('XDG_RUNTIME_DIR', '/run/user/1000'), ('DISPLAY', ':0'), ('LANG', 'ko_KR.UTF-8'), ('XDG_CURRENT_DESKTOP', 'ubuntu:GNOME'), ('LC_TELEPHONE', 'ko_KR.UTF-8'), ('XMODIFIERS', '@im=ibus'), ('XDG_SESSION_DESKTOP', 'ubuntu'), ('XAUTHORITY', '/run/user/1000/gdm/Xauthority'), ('LS_COLORS', 'rs=0:di=01;34:ln=01;36:mh=00:pi=40;33:so=01;35:do=01;35:bd=40;33;01:cd=40;33;01:or=40;31;01:mi=00:su=37;41:sg=30;43:ca=30;41:tw=30;42:ow=34;42:st=37;44:ex=01;32:*.tar=01;31:*.tgz=01;31:*.arc=01;31:*.arj=01;31:*.taz=01;31:*.lha=01;31:*.lz4=01;31:*.lzh=01;31:*.lzma=01;31:*.tlz=01;31:*.txz=01;31:*.tzo=01;31:*.t7z=01;31:*.zip=01;31:*.z=01;31:*.dz=01;31:*.gz=01;31:*.lrz=01;31:*.lz=01;31:*.lzo=01;31:*.xz=01;31:*.zst=01;31:*.tzst=01;31:*.bz2=01;31:*.bz=01;31:*.tbz=01;31:*.tbz2=01;31:*.tz=01;31:*.deb=01;31:*.rpm=01;31:*.jar=01;31:*.war=01;31:*.ear=01;31:*.sar=01;31:*.rar=01;31:*.alz=01;31:*.ace=01;31:*.zoo=01;31:*.cpio=01;31:*.7z=01;31:*.rz=01;31:*.cab=01;31:*.wim=01;31:*.swm=01;31:*.dwm=01;31:*.esd=01;31:*.jpg=01;35:*.jpeg=01;35:*.mjpg=01;35:*.mjpeg=01;35:*.gif=01;35:*.bmp=01;35:*.pbm=01;35:*.pgm=01;35:*.ppm=01;35:*.tga=01;35:*.xbm=01;35:*.xpm=01;35:*.tif=01;35:*.tiff=01;35:*.png=01;35:*.svg=01;35:*.svgz=01;35:*.mng=01;35:*.pcx=01;35:*.mov=01;35:*.mpg=01;35:*.mpeg=01;35:*.m2v=01;35:*.mkv=01;35:*.webm=01;35:*.webp=01;35:*.ogm=01;35:*.mp4=01;35:*.m4v=01;35:*.mp4v=01;35:*.vob=01;35:*.qt=01;35:*.nuv=01;35:*.wmv=01;35:*.asf=01;35:*.rm=01;35:*.rmvb=01;35:*.flc=01;35:*.avi=01;35:*.fli=01;35:*.flv=01;35:*.gl=01;35:*.dl=01;35:*.xcf=01;35:*.xwd=01;35:*.yuv=01;35:*.cgm=01;35:*.emf=01;35:*.ogv=01;35:*.ogx=01;35:*.aac=00;36:*.au=00;36:*.flac=00;36:*.m4a=00;36:*.mid=00;36:*.midi=00;36:*.mka=00;36:*.mp3=00;36:*.mpc=00;36:*.ogg=00;36:*.ra=00;36:*.wav=00;36:*.oga=00;36:*.opus=00;36:*.spx=00;36:*.xspf=00;36:'), ('GNOME_TERMINAL_SERVICE', ':1.433'), ('SSH_AGENT_LAUNCHER', 'gnome-keyring'), ('SSH_AUTH_SOCK', '/run/user/1000/keyring/ssh'), ('AMENT_PREFIX_PATH', '/home/vdcl/Desktop/larr_project/umv_control/install/utils:/home/vdcl/Desktop/larr_project/umv_control/install/mppi:/home/vdcl/Desktop/larr_project/umv_control/install/lower_controller:/home/vdcl/Desktop/larr_project/umv_control/install/host_vehicle_filter:/home/vdcl/Desktop/larr_project/umv_control/install/global_path:/home/vdcl/Desktop/larr_project/umv_control/install/umv_msgs:/home/vdcl/Desktop/larr_project/umv_control/install/motion_planner:/home/vdcl/Desktop/larr_project/AirSim/ros2/install/airsim_ros_pkgs:/home/vdcl/Desktop/larr_project/AirSim/ros2/install/airsim_interfaces:/opt/ros/humble'), ('SHELL', '/bin/bash'), ('LC_NAME', 'ko_KR.UTF-8'), ('QT_ACCESSIBILITY', '1'), ('GDMSESSION', 'ubuntu'), ('LESSCLOSE', '/usr/bin/lesspipe %s %s'), ('LC_MEASUREMENT', 'ko_KR.UTF-8'), ('GPG_AGENT_INFO', '/run/user/1000/gnupg/S.gpg-agent:0:1'), ('LC_IDENTIFICATION', 'ko_KR.UTF-8'), ('QT_IM_MODULE', 'ibus'), ('PWD', '/home/vdcl/Desktop/larr_project/umv_control/build/mppi'), ('LC_ALL', 'en_US.UTF-8'), ('XDG_CONFIG_DIRS', '/etc/xdg/xdg-ubuntu:/etc/xdg'), ('XDG_DATA_DIRS', '/usr/share/ubuntu:/usr/share/gnome:/usr/local/share/:/usr/share/:/var/lib/snapd/desktop'), ('PYTHONPATH', '/home/vdcl/Desktop/larr_project/umv_control/install/utils/lib/python3.10/site-packages:/home/vdcl/Desktop/larr_project/umv_control/install/lower_controller/lib/python3.10/site-packages:/home/vdcl/Desktop/larr_project/umv_control/install/host_vehicle_filter/lib/python3.10/site-packages:/home/vdcl/Desktop/larr_project/umv_control/install/global_path/lib/python3.10/site-packages:/home/vdcl/Desktop/larr_project/umv_control/install/umv_msgs/local/lib/python3.10/dist-packages:/home/vdcl/Desktop/larr_project/umv_control/install/motion_planner/lib/python3.10/site-packages:/home/vdcl/Desktop/larr_project/AirSim/ros2/install/airsim_interfaces/local/lib/python3.10/dist-packages:/opt/ros/humble/lib/python3.10/site-packages:/opt/ros/humble/local/lib/python3.10/dist-packages'), ('LC_NUMERIC', 'ko_KR.UTF-8'), ('LC_PAPER', 'ko_KR.UTF-8'), ('COLCON', '1'), ('VTE_VERSION', '6800'), ('CMAKE_PREFIX_PATH', '/home/vdcl/Desktop/larr_project/umv_control/install/umv_msgs:/home/vdcl/Desktop/larr_project/umv_control/install/mppi:/home/vdcl/Desktop/larr_project/AirSim/ros2/install/airsim_ros_pkgs:/home/vdcl/Desktop/larr_project/AirSim/ros2/install/airsim_interfaces:/home/vdcl/Desktop/larr_project/umv_control/install/utils:/home/vdcl/Desktop/larr_project/umv_control/install/lower_controller:/home/vdcl/Desktop/larr_project/umv_control/install/host_vehicle_filter:/home/vdcl/Desktop/larr_project/umv_control/install/global_path:/home/vdcl/Desktop/larr_project/umv_control/install/motion_planner:/opt/ros/humble')]), 'shell': False}
[25.244029] (mppi) StdoutLine: {'line': b'-- Install configuration: ""\n'}
[25.244432] (mppi) StdoutLine: {'line': b'-- Up-to-date: /home/vdcl/Desktop/larr_project/umv_control/install/mppi/share/ament_index/resource_index/package_run_dependencies/mppi\n'}
[25.245542] (mppi) StdoutLine: {'line': b'-- Up-to-date: /home/vdcl/Desktop/larr_project/umv_control/install/mppi/share/ament_index/resource_index/parent_prefix_path/mppi\n'}
[25.245910] (mppi) StdoutLine: {'line': b'-- Up-to-date: /home/vdcl/Desktop/larr_project/umv_control/install/mppi/share/mppi/environment/ament_prefix_path.sh\n'}
[25.246069] (mppi) StdoutLine: {'line': b'-- Up-to-date: /home/vdcl/Desktop/larr_project/umv_control/install/mppi/share/mppi/environment/ament_prefix_path.dsv\n'}
[25.246215] (mppi) StdoutLine: {'line': b'-- Up-to-date: /home/vdcl/Desktop/larr_project/umv_control/install/mppi/share/mppi/environment/path.sh\n'}
[25.246357] (mppi) StdoutLine: {'line': b'-- Up-to-date: /home/vdcl/Desktop/larr_project/umv_control/install/mppi/share/mppi/environment/path.dsv\n'}
[25.246523] (mppi) StdoutLine: {'line': b'-- Up-to-date: /home/vdcl/Desktop/larr_project/umv_control/install/mppi/share/mppi/local_setup.bash\n'}
[25.246861] (mppi) StdoutLine: {'line': b'-- Up-to-date: /home/vdcl/Desktop/larr_project/umv_control/install/mppi/share/mppi/local_setup.sh\n'}
[25.247781] (mppi) StdoutLine: {'line': b'-- Up-to-date: /home/vdcl/Desktop/larr_project/umv_control/install/mppi/share/mppi/local_setup.zsh\n'}
[25.248430] (mppi) StdoutLine: {'line': b'-- Up-to-date: /home/vdcl/Desktop/larr_project/umv_control/install/mppi/share/mppi/local_setup.dsv\n'}
[25.248574] (mppi) StdoutLine: {'line': b'-- Installing: /home/vdcl/Desktop/larr_project/umv_control/install/mppi/share/mppi/package.dsv\n'}
[25.248728] (mppi) StdoutLine: {'line': b'-- Up-to-date: /home/vdcl/Desktop/larr_project/umv_control/install/mppi/share/ament_index/resource_index/packages/mppi\n'}
[25.249019] (mppi) StdoutLine: {'line': b'-- Up-to-date: /home/vdcl/Desktop/larr_project/umv_control/install/mppi/share/mppi/cmake/mppiConfig.cmake\n'}
[25.249139] (mppi) StdoutLine: {'line': b'-- Up-to-date: /home/vdcl/Desktop/larr_project/umv_control/install/mppi/share/mppi/cmake/mppiConfig-version.cmake\n'}
[25.249308] (mppi) StdoutLine: {'line': b'-- Up-to-date: /home/vdcl/Desktop/larr_project/umv_control/install/mppi/share/mppi/package.xml\n'}
[25.249459] (mppi) CommandEnded: {'returncode': 0}
[25.290939] (-) TimerEvent: {}
[25.308430] (mppi) JobEnded: {'identifier': 'mppi', 'rc': 0}
[25.309802] (-) EventReactorShutdown: {}
